lineage,repo,move_id,release,release_date,present,n_files,files
L1,sglang,M-L1-align-block-padding,v0.1.5,2024-01-18,0,0,
L1,sglang,M-L1-align-block-padding,v0.1.6,2024-01-21,0,0,
L1,sglang,M-L1-align-block-padding,v0.1.11,2024-02-03,0,0,
L1,sglang,M-L1-align-block-padding,v0.1.12,2024-02-11,0,0,
L1,sglang,M-L1-align-block-padding,v0.1.13,2024-03-11,0,0,
L1,sglang,M-L1-align-block-padding,v0.1.16,2024-05-14,0,0,
L1,sglang,M-L1-align-block-padding,v0.1.17,2024-06-08,0,0,
L1,sglang,M-L1-align-block-padding,v0.1.18,2024-07-04,0,0,
L1,sglang,M-L1-align-block-padding,v0.1.20,2024-07-14,0,0,
L1,sglang,M-L1-align-block-padding,v0.2.0,2024-07-25,0,0,
L1,sglang,M-L1-align-block-padding,v0.2.5,2024-07-26,0,0,
L1,sglang,M-L1-align-block-padding,v0.2.9,2024-08-02,0,0,
L1,sglang,M-L1-align-block-padding,v0.2.13,2024-09-19,0,0,
L1,sglang,M-L1-align-block-padding,v0.3.0,2024-09-19,0,0,
L1,sglang,M-L1-align-block-padding,v0.3.2,2024-10-02,0,0,
L1,sglang,M-L1-align-block-padding,v0.3.4.post1,2024-10-22,0,0,
L1,sglang,M-L1-align-block-padding,v0.3.6,2024-11-22,0,0,
L1,sglang,M-L1-align-block-padding,v0.4.0,2024-12-04,0,0,
L1,sglang,M-L1-align-block-padding,v0.4.1,2024-12-25,1,1,sgl-kernel/src/sgl-kernel/csrc/moe_align_kernel.cu
L1,sglang,M-L1-align-block-padding,v0.4.3,2025-02-14,1,1,sgl-kernel/src/sgl-kernel/csrc/moe_align_kernel.cu
L1,sglang,M-L1-align-block-padding,v0.4.4,2025-03-13,1,1,sgl-kernel/csrc/moe/moe_align_kernel.cu
L1,sglang,M-L1-align-block-padding,v0.4.5,2025-04-07,1,1,sgl-kernel/csrc/moe/moe_align_kernel.cu
L1,sglang,M-L1-align-block-padding,v0.4.6,2025-04-27,1,1,sgl-kernel/csrc/moe/moe_align_kernel.cu
L1,sglang,M-L1-align-block-padding,v0.4.7,2025-06-11,1,1,sgl-kernel/csrc/moe/moe_align_kernel.cu
L1,sglang,M-L1-align-block-padding,v0.4.8,2025-06-24,1,1,sgl-kernel/csrc/moe/moe_align_kernel.cu
L1,sglang,M-L1-align-block-padding,v0.4.10,2025-07-31,1,1,sgl-kernel/csrc/moe/moe_align_kernel.cu
L1,sglang,M-L1-align-block-padding,v0.5.1,2025-08-23,1,1,sgl-kernel/csrc/moe/moe_align_kernel.cu
L1,sglang,M-L1-align-block-padding,v0.5.2,2025-09-12,1,1,sgl-kernel/csrc/moe/moe_align_kernel.cu
L1,sglang,M-L1-align-block-padding,v0.5.3,2025-10-06,1,1,sgl-kernel/csrc/moe/moe_align_kernel.cu
L1,sglang,M-L1-align-block-padding,v0.5.4,2025-10-26,1,1,sgl-kernel/csrc/moe/moe_align_kernel.cu
L1,sglang,M-L1-align-block-padding,v0.5.5,2025-11-06,1,1,sgl-kernel/csrc/moe/moe_align_kernel.cu
L1,sglang,M-L1-align-block-padding,v0.5.6,2025-12-03,1,1,sgl-kernel/csrc/moe/moe_align_kernel.cu
L1,sglang,M-L1-align-block-padding,v0.5.7,2026-01-01,1,1,sgl-kernel/csrc/moe/moe_align_kernel.cu
L1,sglang,M-L1-align-block-padding,v0.5.8,2026-01-23,1,1,sgl-kernel/csrc/moe/moe_align_kernel.cu
L1,sglang,M-L1-align-block-padding,v0.5.9,2026-02-23,1,1,sgl-kernel/csrc/moe/moe_align_kernel.cu
L1,sglang,M-L1-align-block-padding,v0.5.10,2026-04-06,1,1,sgl-kernel/csrc/moe/moe_align_kernel.cu
L1,sglang,M-L1-align-block-padding,v0.5.10.post1,2026-04-08,1,1,sgl-kernel/csrc/moe/moe_align_kernel.cu
L1,sglang,M-L1-align-block-padding,v0.5.11,2026-05-05,1,1,sgl-kernel/csrc/moe/moe_align_kernel.cu
L1,sglang,M-L1-align-block-padding,v0.5.12,2026-05-16,1,1,sgl-kernel/csrc/moe/moe_align_kernel.cu
L1,sglang,M-L1-align-block-padding,v0.5.12.post1,2026-05-23,1,1,sgl-kernel/csrc/moe/moe_align_kernel.cu
L1,sglang,M-L1-align-block-padding,v0.5.13,2026-06-11,1,1,sgl-kernel/csrc/moe/moe_align_kernel.cu
L1,sglang,M-L1-align-block-padding,v0.5.14,2026-06-26,1,1,sgl-kernel/csrc/moe/moe_align_kernel.cu
L1,sglang,M-L1-align-block-padding,v0.5.15,2026-07-10,1,1,sgl-kernel/csrc/moe/moe_align_kernel.cu
L1,sglang,M-L1-align-block-padding,v0.5.15.post1,2026-07-14,1,1,sgl-kernel/csrc/moe/moe_align_kernel.cu
L1,sglang,M-L1-align-block-padding,v0.5.16,2026-07-24,1,1,sgl-kernel/csrc/moe/moe_align_kernel.cu
L1,sglang,M-L1-align-block-padding,v0.5.17,2026-08-07,0,0,
L1,sglang,M-L1-align-block-padding,v0.5.18,2026-08-21,1,1,python/sglang/kernels/ops/moe/moe_align_small_numel.py
L1,sglang,M-L1-align-block-padding,v0.5.19,2026-09-04,1,1,python/sglang/kernels/ops/moe/moe_align_small_numel.py
L1,sglang,M-L1-align-block-padding,v0.5.20,2026-09-18,1,1,python/sglang/kernels/ops/moe/moe_align_small_numel.py
L1,sglang,M-L1-align-block-padding,CUTOFF,2026-09-28,1,1,python/sglang/kernels/ops/moe/moe_align_small_numel.py
L1,sglang,M-L1-align-two-phase-shared-cumsum,v0.1.5,2024-01-18,0,0,
L1,sglang,M-L1-align-two-phase-shared-cumsum,v0.1.6,2024-01-21,0,0,
L1,sglang,M-L1-align-two-phase-shared-cumsum,v0.1.11,2024-02-03,0,0,
L1,sglang,M-L1-align-two-phase-shared-cumsum,v0.1.12,2024-02-11,0,0,
L1,sglang,M-L1-align-two-phase-shared-cumsum,v0.1.13,2024-03-11,0,0,
L1,sglang,M-L1-align-two-phase-shared-cumsum,v0.1.16,2024-05-14,0,0,
L1,sglang,M-L1-align-two-phase-shared-cumsum,v0.1.17,2024-06-08,0,0,
L1,sglang,M-L1-align-two-phase-shared-cumsum,v0.1.18,2024-07-04,0,0,
L1,sglang,M-L1-align-two-phase-shared-cumsum,v0.1.20,2024-07-14,0,0,
L1,sglang,M-L1-align-two-phase-shared-cumsum,v0.2.0,2024-07-25,0,0,
L1,sglang,M-L1-align-two-phase-shared-cumsum,v0.2.5,2024-07-26,0,0,
L1,sglang,M-L1-align-two-phase-shared-cumsum,v0.2.9,2024-08-02,0,0,
L1,sglang,M-L1-align-two-phase-shared-cumsum,v0.2.13,2024-09-19,0,0,
L1,sglang,M-L1-align-two-phase-shared-cumsum,v0.3.0,2024-09-19,0,0,
L1,sglang,M-L1-align-two-phase-shared-cumsum,v0.3.2,2024-10-02,0,0,
L1,sglang,M-L1-align-two-phase-shared-cumsum,v0.3.4.post1,2024-10-22,0,0,
L1,sglang,M-L1-align-two-phase-shared-cumsum,v0.3.6,2024-11-22,0,0,
L1,sglang,M-L1-align-two-phase-shared-cumsum,v0.4.0,2024-12-04,0,0,
L1,sglang,M-L1-align-two-phase-shared-cumsum,v0.4.1,2024-12-25,0,0,
L1,sglang,M-L1-align-two-phase-shared-cumsum,v0.4.3,2025-02-14,1,1,sgl-kernel/src/sgl-kernel/csrc/moe_align_kernel.cu
L1,sglang,M-L1-align-two-phase-shared-cumsum,v0.4.4,2025-03-13,1,1,sgl-kernel/csrc/moe/moe_align_kernel.cu
L1,sglang,M-L1-align-two-phase-shared-cumsum,v0.4.5,2025-04-07,1,1,sgl-kernel/csrc/moe/moe_align_kernel.cu
L1,sglang,M-L1-align-two-phase-shared-cumsum,v0.4.6,2025-04-27,1,1,sgl-kernel/csrc/moe/moe_align_kernel.cu
L1,sglang,M-L1-align-two-phase-shared-cumsum,v0.4.7,2025-06-11,1,1,sgl-kernel/csrc/moe/moe_align_kernel.cu
L1,sglang,M-L1-align-two-phase-shared-cumsum,v0.4.8,2025-06-24,1,1,sgl-kernel/csrc/moe/moe_align_kernel.cu
L1,sglang,M-L1-align-two-phase-shared-cumsum,v0.4.10,2025-07-31,1,1,sgl-kernel/csrc/moe/moe_align_kernel.cu
L1,sglang,M-L1-align-two-phase-shared-cumsum,v0.5.1,2025-08-23,1,1,sgl-kernel/csrc/moe/moe_align_kernel.cu
L1,sglang,M-L1-align-two-phase-shared-cumsum,v0.5.2,2025-09-12,1,1,sgl-kernel/csrc/moe/moe_align_kernel.cu
L1,sglang,M-L1-align-two-phase-shared-cumsum,v0.5.3,2025-10-06,1,1,sgl-kernel/csrc/moe/moe_align_kernel.cu
L1,sglang,M-L1-align-two-phase-shared-cumsum,v0.5.4,2025-10-26,1,1,sgl-kernel/csrc/moe/moe_align_kernel.cu
L1,sglang,M-L1-align-two-phase-shared-cumsum,v0.5.5,2025-11-06,1,1,sgl-kernel/csrc/moe/moe_align_kernel.cu
L1,sglang,M-L1-align-two-phase-shared-cumsum,v0.5.6,2025-12-03,1,1,sgl-kernel/csrc/moe/moe_align_kernel.cu
L1,sglang,M-L1-align-two-phase-shared-cumsum,v0.5.7,2026-01-01,1,1,sgl-kernel/csrc/moe/moe_align_kernel.cu
L1,sglang,M-L1-align-two-phase-shared-cumsum,v0.5.8,2026-01-23,1,1,sgl-kernel/csrc/moe/moe_align_kernel.cu
L1,sglang,M-L1-align-two-phase-shared-cumsum,v0.5.9,2026-02-23,1,1,sgl-kernel/csrc/moe/moe_align_kernel.cu
L1,sglang,M-L1-align-two-phase-shared-cumsum,v0.5.10,2026-04-06,1,1,sgl-kernel/csrc/moe/moe_align_kernel.cu
L1,sglang,M-L1-align-two-phase-shared-cumsum,v0.5.10.post1,2026-04-08,1,1,sgl-kernel/csrc/moe/moe_align_kernel.cu
L1,sglang,M-L1-align-two-phase-shared-cumsum,v0.5.11,2026-05-05,1,1,sgl-kernel/csrc/moe/moe_align_kernel.cu
L1,sglang,M-L1-align-two-phase-shared-cumsum,v0.5.12,2026-05-16,1,1,sgl-kernel/csrc/moe/moe_align_kernel.cu
L1,sglang,M-L1-align-two-phase-shared-cumsum,v0.5.12.post1,2026-05-23,1,1,sgl-kernel/csrc/moe/moe_align_kernel.cu
L1,sglang,M-L1-align-two-phase-shared-cumsum,v0.5.13,2026-06-11,1,1,sgl-kernel/csrc/moe/moe_align_kernel.cu
L1,sglang,M-L1-align-two-phase-shared-cumsum,v0.5.14,2026-06-26,1,1,sgl-kernel/csrc/moe/moe_align_kernel.cu
L1,sglang,M-L1-align-two-phase-shared-cumsum,v0.5.15,2026-07-10,1,1,sgl-kernel/csrc/moe/moe_align_kernel.cu
L1,sglang,M-L1-align-two-phase-shared-cumsum,v0.5.15.post1,2026-07-14,1,1,sgl-kernel/csrc/moe/moe_align_kernel.cu
L1,sglang,M-L1-align-two-phase-shared-cumsum,v0.5.16,2026-07-24,1,1,sgl-kernel/csrc/moe/moe_align_kernel.cu
L1,sglang,M-L1-align-two-phase-shared-cumsum,v0.5.17,2026-08-07,1,1,python/sglang/kernels/aot/csrc/moe/moe_align_kernel.cu
L1,sglang,M-L1-align-two-phase-shared-cumsum,v0.5.18,2026-08-21,1,1,python/sglang/kernels/aot/csrc/moe/moe_align_kernel.cu
L1,sglang,M-L1-align-two-phase-shared-cumsum,v0.5.19,2026-09-04,1,1,python/sglang/kernels/aot/csrc/moe/moe_align_kernel.cu
L1,sglang,M-L1-align-two-phase-shared-cumsum,v0.5.20,2026-09-18,1,1,python/sglang/kernels/aot/csrc/moe/moe_align_kernel.cu
L1,sglang,M-L1-align-two-phase-shared-cumsum,CUTOFF,2026-09-28,1,1,python/sglang/kernels/aot/csrc/moe/moe_align_kernel.cu
L1,sglang,M-L1-align-decode-fastpaths,v0.1.5,2024-01-18,0,0,
L1,sglang,M-L1-align-decode-fastpaths,v0.1.6,2024-01-21,0,0,
L1,sglang,M-L1-align-decode-fastpaths,v0.1.11,2024-02-03,0,0,
L1,sglang,M-L1-align-decode-fastpaths,v0.1.12,2024-02-11,0,0,
L1,sglang,M-L1-align-decode-fastpaths,v0.1.13,2024-03-11,0,0,
L1,sglang,M-L1-align-decode-fastpaths,v0.1.16,2024-05-14,0,0,
L1,sglang,M-L1-align-decode-fastpaths,v0.1.17,2024-06-08,0,0,
L1,sglang,M-L1-align-decode-fastpaths,v0.1.18,2024-07-04,0,0,
L1,sglang,M-L1-align-decode-fastpaths,v0.1.20,2024-07-14,0,0,
L1,sglang,M-L1-align-decode-fastpaths,v0.2.0,2024-07-25,0,0,
L1,sglang,M-L1-align-decode-fastpaths,v0.2.5,2024-07-26,0,0,
L1,sglang,M-L1-align-decode-fastpaths,v0.2.9,2024-08-02,0,0,
L1,sglang,M-L1-align-decode-fastpaths,v0.2.13,2024-09-19,0,0,
L1,sglang,M-L1-align-decode-fastpaths,v0.3.0,2024-09-19,0,0,
L1,sglang,M-L1-align-decode-fastpaths,v0.3.2,2024-10-02,0,0,
L1,sglang,M-L1-align-decode-fastpaths,v0.3.4.post1,2024-10-22,0,0,
L1,sglang,M-L1-align-decode-fastpaths,v0.3.6,2024-11-22,0,0,
L1,sglang,M-L1-align-decode-fastpaths,v0.4.0,2024-12-04,0,0,
L1,sglang,M-L1-align-decode-fastpaths,v0.4.1,2024-12-25,0,0,
L1,sglang,M-L1-align-decode-fastpaths,v0.4.3,2025-02-14,0,0,
L1,sglang,M-L1-align-decode-fastpaths,v0.4.4,2025-03-13,0,0,
L1,sglang,M-L1-align-decode-fastpaths,v0.4.5,2025-04-07,0,0,
L1,sglang,M-L1-align-decode-fastpaths,v0.4.6,2025-04-27,0,0,
L1,sglang,M-L1-align-decode-fastpaths,v0.4.7,2025-06-11,0,0,
L1,sglang,M-L1-align-decode-fastpaths,v0.4.8,2025-06-24,0,0,
L1,sglang,M-L1-align-decode-fastpaths,v0.4.10,2025-07-31,0,0,
L1,sglang,M-L1-align-decode-fastpaths,v0.5.1,2025-08-23,0,0,
L1,sglang,M-L1-align-decode-fastpaths,v0.5.2,2025-09-12,0,0,
L1,sglang,M-L1-align-decode-fastpaths,v0.5.3,2025-10-06,0,0,
L1,sglang,M-L1-align-decode-fastpaths,v0.5.4,2025-10-26,0,0,
L1,sglang,M-L1-align-decode-fastpaths,v0.5.5,2025-11-06,0,0,
L1,sglang,M-L1-align-decode-fastpaths,v0.5.6,2025-12-03,0,0,
L1,sglang,M-L1-align-decode-fastpaths,v0.5.7,2026-01-01,0,0,
L1,sglang,M-L1-align-decode-fastpaths,v0.5.8,2026-01-23,0,0,
L1,sglang,M-L1-align-decode-fastpaths,v0.5.9,2026-02-23,0,0,
L1,sglang,M-L1-align-decode-fastpaths,v0.5.10,2026-04-06,0,0,
L1,sglang,M-L1-align-decode-fastpaths,v0.5.10.post1,2026-04-08,0,0,
L1,sglang,M-L1-align-decode-fastpaths,v0.5.11,2026-05-05,0,0,
L1,sglang,M-L1-align-decode-fastpaths,v0.5.12,2026-05-16,0,0,
L1,sglang,M-L1-align-decode-fastpaths,v0.5.12.post1,2026-05-23,0,0,
L1,sglang,M-L1-align-decode-fastpaths,v0.5.13,2026-06-11,0,0,
L1,sglang,M-L1-align-decode-fastpaths,v0.5.14,2026-06-26,0,0,
L1,sglang,M-L1-align-decode-fastpaths,v0.5.15,2026-07-10,0,0,
L1,sglang,M-L1-align-decode-fastpaths,v0.5.15.post1,2026-07-14,0,0,
L1,sglang,M-L1-align-decode-fastpaths,v0.5.16,2026-07-24,0,0,
L1,sglang,M-L1-align-decode-fastpaths,v0.5.17,2026-08-07,1,1,python/sglang/kernels/jit/csrc/moe/align_single_token.cuh
L1,sglang,M-L1-align-decode-fastpaths,v0.5.18,2026-08-21,1,2,python/sglang/kernels/jit/csrc/moe/align_single_token.cuh;python/sglang/kernels/ops/moe/moe_align_small_numel.py
L1,sglang,M-L1-align-decode-fastpaths,v0.5.19,2026-09-04,1,2,python/sglang/kernels/jit/csrc/moe/align_single_token.cuh;python/sglang/kernels/ops/moe/moe_align_small_numel.py
L1,sglang,M-L1-align-decode-fastpaths,v0.5.20,2026-09-18,1,2,python/sglang/kernels/jit/csrc/moe/align_single_token.cuh;python/sglang/kernels/ops/moe/moe_align_small_numel.py
L1,sglang,M-L1-align-decode-fastpaths,CUTOFF,2026-09-28,1,2,python/sglang/kernels/jit/csrc/moe/align_single_token.cuh;python/sglang/kernels/ops/moe/moe_align_small_numel.py
L1,sglang,M-L1-routing-fused-gate-topk,v0.1.5,2024-01-18,0,0,
L1,sglang,M-L1-routing-fused-gate-topk,v0.1.6,2024-01-21,0,0,
L1,sglang,M-L1-routing-fused-gate-topk,v0.1.11,2024-02-03,0,0,
L1,sglang,M-L1-routing-fused-gate-topk,v0.1.12,2024-02-11,0,0,
L1,sglang,M-L1-routing-fused-gate-topk,v0.1.13,2024-03-11,0,0,
L1,sglang,M-L1-routing-fused-gate-topk,v0.1.16,2024-05-14,0,0,
L1,sglang,M-L1-routing-fused-gate-topk,v0.1.17,2024-06-08,0,0,
L1,sglang,M-L1-routing-fused-gate-topk,v0.1.18,2024-07-04,0,0,
L1,sglang,M-L1-routing-fused-gate-topk,v0.1.20,2024-07-14,0,0,
L1,sglang,M-L1-routing-fused-gate-topk,v0.2.0,2024-07-25,0,0,
L1,sglang,M-L1-routing-fused-gate-topk,v0.2.5,2024-07-26,0,0,
L1,sglang,M-L1-routing-fused-gate-topk,v0.2.9,2024-08-02,0,0,
L1,sglang,M-L1-routing-fused-gate-topk,v0.2.13,2024-09-19,0,0,
L1,sglang,M-L1-routing-fused-gate-topk,v0.3.0,2024-09-19,0,0,
L1,sglang,M-L1-routing-fused-gate-topk,v0.3.2,2024-10-02,0,0,
L1,sglang,M-L1-routing-fused-gate-topk,v0.3.4.post1,2024-10-22,0,0,
L1,sglang,M-L1-routing-fused-gate-topk,v0.3.6,2024-11-22,0,0,
L1,sglang,M-L1-routing-fused-gate-topk,v0.4.0,2024-12-04,0,0,
L1,sglang,M-L1-routing-fused-gate-topk,v0.4.1,2024-12-25,0,0,
L1,sglang,M-L1-routing-fused-gate-topk,v0.4.3,2025-02-14,0,0,
L1,sglang,M-L1-routing-fused-gate-topk,v0.4.4,2025-03-13,0,0,
L1,sglang,M-L1-routing-fused-gate-topk,v0.4.5,2025-04-07,1,1,sgl-kernel/csrc/moe/moe_topk_softmax_kernels.cu
L1,sglang,M-L1-routing-fused-gate-topk,v0.4.6,2025-04-27,1,1,sgl-kernel/csrc/moe/moe_topk_softmax_kernels.cu
L1,sglang,M-L1-routing-fused-gate-topk,v0.4.7,2025-06-11,1,1,sgl-kernel/csrc/moe/moe_topk_softmax_kernels.cu
L1,sglang,M-L1-routing-fused-gate-topk,v0.4.8,2025-06-24,1,1,sgl-kernel/csrc/moe/moe_topk_softmax_kernels.cu
L1,sglang,M-L1-routing-fused-gate-topk,v0.4.10,2025-07-31,1,1,sgl-kernel/csrc/moe/moe_topk_softmax_kernels.cu
L1,sglang,M-L1-routing-fused-gate-topk,v0.5.1,2025-08-23,1,1,sgl-kernel/csrc/moe/moe_topk_softmax_kernels.cu
L1,sglang,M-L1-routing-fused-gate-topk,v0.5.2,2025-09-12,1,1,sgl-kernel/csrc/moe/moe_topk_softmax_kernels.cu
L1,sglang,M-L1-routing-fused-gate-topk,v0.5.3,2025-10-06,1,1,sgl-kernel/csrc/moe/moe_topk_softmax_kernels.cu
L1,sglang,M-L1-routing-fused-gate-topk,v0.5.4,2025-10-26,1,1,sgl-kernel/csrc/moe/moe_topk_softmax_kernels.cu
L1,sglang,M-L1-routing-fused-gate-topk,v0.5.5,2025-11-06,1,1,sgl-kernel/csrc/moe/moe_topk_softmax_kernels.cu
L1,sglang,M-L1-routing-fused-gate-topk,v0.5.6,2025-12-03,1,1,sgl-kernel/csrc/moe/moe_topk_softmax_kernels.cu
L1,sglang,M-L1-routing-fused-gate-topk,v0.5.7,2026-01-01,1,1,sgl-kernel/csrc/moe/moe_topk_softmax_kernels.cu
L1,sglang,M-L1-routing-fused-gate-topk,v0.5.8,2026-01-23,1,1,sgl-kernel/csrc/moe/moe_topk_softmax_kernels.cu
L1,sglang,M-L1-routing-fused-gate-topk,v0.5.9,2026-02-23,1,1,sgl-kernel/csrc/moe/moe_topk_softmax_kernels.cu
L1,sglang,M-L1-routing-fused-gate-topk,v0.5.10,2026-04-06,1,1,sgl-kernel/csrc/moe/moe_topk_softmax_kernels.cu
L1,sglang,M-L1-routing-fused-gate-topk,v0.5.10.post1,2026-04-08,1,1,sgl-kernel/csrc/moe/moe_topk_softmax_kernels.cu
L1,sglang,M-L1-routing-fused-gate-topk,v0.5.11,2026-05-05,1,1,sgl-kernel/csrc/moe/moe_topk_softmax_kernels.cu
L1,sglang,M-L1-routing-fused-gate-topk,v0.5.12,2026-05-16,1,1,sgl-kernel/csrc/moe/moe_topk_softmax_kernels.cu
L1,sglang,M-L1-routing-fused-gate-topk,v0.5.12.post1,2026-05-23,1,1,sgl-kernel/csrc/moe/moe_topk_softmax_kernels.cu
L1,sglang,M-L1-routing-fused-gate-topk,v0.5.13,2026-06-11,1,1,sgl-kernel/csrc/moe/moe_topk_softmax_kernels.cu
L1,sglang,M-L1-routing-fused-gate-topk,v0.5.14,2026-06-26,1,1,sgl-kernel/csrc/moe/moe_topk_softmax_kernels.cu
L1,sglang,M-L1-routing-fused-gate-topk,v0.5.15,2026-07-10,1,1,sgl-kernel/csrc/moe/moe_topk_softmax_kernels.cu
L1,sglang,M-L1-routing-fused-gate-topk,v0.5.15.post1,2026-07-14,1,1,sgl-kernel/csrc/moe/moe_topk_softmax_kernels.cu
L1,sglang,M-L1-routing-fused-gate-topk,v0.5.16,2026-07-24,1,1,sgl-kernel/csrc/moe/moe_topk_softmax_kernels.cu
L1,sglang,M-L1-routing-fused-gate-topk,v0.5.17,2026-08-07,1,3,python/sglang/kernels/jit/csrc/moe/moe_fused_gate.cuh;python/sglang/kernels/jit/csrc/trtllm_lora_temp/kimi_k2_moe_fused_gate.cuh;python/sglang/kernels/ops/moe/moe_fused_gate.py
L1,sglang,M-L1-routing-fused-gate-topk,v0.5.18,2026-08-21,1,3,python/sglang/kernels/jit/csrc/moe/moe_fused_gate.cuh;python/sglang/kernels/jit/csrc/trtllm_lora_temp/kimi_k2_moe_fused_gate.cuh;python/sglang/kernels/ops/moe/moe_fused_gate.py
L1,sglang,M-L1-routing-fused-gate-topk,v0.5.19,2026-09-04,1,3,python/sglang/kernels/jit/csrc/moe/moe_fused_gate.cuh;python/sglang/kernels/jit/csrc/trtllm_lora_temp/kimi_k2_moe_fused_gate.cuh;python/sglang/kernels/ops/moe/moe_fused_gate.py
L1,sglang,M-L1-routing-fused-gate-topk,v0.5.20,2026-09-18,1,3,python/sglang/kernels/jit/csrc/moe/moe_fused_gate.cuh;python/sglang/kernels/jit/csrc/trtllm_lora_temp/kimi_k2_moe_fused_gate.cuh;python/sglang/kernels/ops/moe/moe_fused_gate.py
L1,sglang,M-L1-routing-fused-gate-topk,CUTOFF,2026-09-28,1,3,python/sglang/kernels/jit/csrc/moe/moe_fused_gate.cuh;python/sglang/kernels/jit/csrc/trtllm_lora_temp/kimi_k2_moe_fused_gate.cuh;python/sglang/kernels/ops/moe/moe_fused_gate.py
L1,sglang,M-L1-routing-scale-fusion,v0.1.5,2024-01-18,0,0,
L1,sglang,M-L1-routing-scale-fusion,v0.1.6,2024-01-21,0,0,
L1,sglang,M-L1-routing-scale-fusion,v0.1.11,2024-02-03,0,0,
L1,sglang,M-L1-routing-scale-fusion,v0.1.12,2024-02-11,0,0,
L1,sglang,M-L1-routing-scale-fusion,v0.1.13,2024-03-11,0,0,
L1,sglang,M-L1-routing-scale-fusion,v0.1.16,2024-05-14,0,0,
L1,sglang,M-L1-routing-scale-fusion,v0.1.17,2024-06-08,0,0,
L1,sglang,M-L1-routing-scale-fusion,v0.1.18,2024-07-04,0,0,
L1,sglang,M-L1-routing-scale-fusion,v0.1.20,2024-07-14,0,0,
L1,sglang,M-L1-routing-scale-fusion,v0.2.0,2024-07-25,0,0,
L1,sglang,M-L1-routing-scale-fusion,v0.2.5,2024-07-26,0,0,
L1,sglang,M-L1-routing-scale-fusion,v0.2.9,2024-08-02,0,0,
L1,sglang,M-L1-routing-scale-fusion,v0.2.13,2024-09-19,0,0,
L1,sglang,M-L1-routing-scale-fusion,v0.3.0,2024-09-19,0,0,
L1,sglang,M-L1-routing-scale-fusion,v0.3.2,2024-10-02,0,0,
L1,sglang,M-L1-routing-scale-fusion,v0.3.4.post1,2024-10-22,0,0,
L1,sglang,M-L1-routing-scale-fusion,v0.3.6,2024-11-22,0,0,
L1,sglang,M-L1-routing-scale-fusion,v0.4.0,2024-12-04,0,0,
L1,sglang,M-L1-routing-scale-fusion,v0.4.1,2024-12-25,0,0,
L1,sglang,M-L1-routing-scale-fusion,v0.4.3,2025-02-14,0,0,
L1,sglang,M-L1-routing-scale-fusion,v0.4.4,2025-03-13,0,0,
L1,sglang,M-L1-routing-scale-fusion,v0.4.5,2025-04-07,0,0,
L1,sglang,M-L1-routing-scale-fusion,v0.4.6,2025-04-27,1,3,python/sglang/srt/layers/moe/ep_moe/layer.py;python/sglang/srt/layers/moe/fused_moe_triton/fused_moe.py;python/sglang/srt/layers/moe/fused_moe_triton/layer.py
L1,sglang,M-L1-routing-scale-fusion,v0.4.7,2025-06-11,1,3,python/sglang/srt/layers/moe/ep_moe/layer.py;python/sglang/srt/layers/moe/fused_moe_triton/fused_moe.py;python/sglang/srt/layers/moe/fused_moe_triton/layer.py
L1,sglang,M-L1-routing-scale-fusion,v0.4.8,2025-06-24,1,3,python/sglang/srt/layers/moe/ep_moe/layer.py;python/sglang/srt/layers/moe/fused_moe_triton/fused_moe.py;python/sglang/srt/layers/moe/fused_moe_triton/layer.py
L1,sglang,M-L1-routing-scale-fusion,v0.4.10,2025-07-31,1,3,python/sglang/srt/layers/moe/ep_moe/layer.py;python/sglang/srt/layers/moe/fused_moe_triton/fused_moe.py;python/sglang/srt/layers/moe/fused_moe_triton/layer.py
L1,sglang,M-L1-routing-scale-fusion,v0.5.1,2025-08-23,1,4,python/sglang/srt/layers/moe/ep_moe/layer.py;python/sglang/srt/layers/moe/fused_moe_triton/fused_moe.py;python/sglang/srt/layers/moe/fused_moe_triton/layer.py;python/sglang/srt/layers/moe/moe_runner/base.py
L1,sglang,M-L1-routing-scale-fusion,v0.5.2,2025-09-12,1,6,python/sglang/srt/layers/moe/ep_moe/layer.py;python/sglang/srt/layers/moe/fused_moe_triton/fused_moe.py;python/sglang/srt/layers/moe/fused_moe_triton/fused_moe_triton_kernels.py;python/sglang/srt/layers/moe/fused_moe_triton/layer.py;python/sglang/srt/layers/moe/moe_runner/base.py;python/sglang/srt/layers/moe/moe_runner/triton.py
L1,sglang,M-L1-routing-scale-fusion,v0.5.3,2025-10-06,1,7,python/sglang/srt/layers/moe/ep_moe/layer.py;python/sglang/srt/layers/moe/fused_moe_triton/fused_moe.py;python/sglang/srt/layers/moe/fused_moe_triton/fused_moe_triton_kernels.py;python/sglang/srt/layers/moe/fused_moe_triton/layer.py;python/sglang/srt/layers/moe/moe_runner/base.py;python/sglang/srt/layers/moe/moe_runner/triton.py
L1,sglang,M-L1-routing-scale-fusion,v0.5.4,2025-10-26,1,8,python/sglang/srt/layers/moe/ep_moe/layer.py;python/sglang/srt/layers/moe/fused_moe_triton/fused_moe.py;python/sglang/srt/layers/moe/fused_moe_triton/fused_moe_triton_kernels.py;python/sglang/srt/layers/moe/fused_moe_triton/layer.py;python/sglang/srt/layers/moe/moe_runner/base.py;python/sglang/srt/layers/moe/moe_runner/deep_gemm.py
L1,sglang,M-L1-routing-scale-fusion,v0.5.5,2025-11-06,1,9,python/sglang/srt/layers/moe/ep_moe/layer.py;python/sglang/srt/layers/moe/fused_moe_triton/fused_moe.py;python/sglang/srt/layers/moe/fused_moe_triton/fused_moe_triton_kernels.py;python/sglang/srt/layers/moe/fused_moe_triton/layer.py;python/sglang/srt/layers/moe/moe_runner/base.py;python/sglang/srt/layers/moe/moe_runner/deep_gemm.py
L1,sglang,M-L1-routing-scale-fusion,v0.5.6,2025-12-03,1,11,python/sglang/srt/layers/moe/ep_moe/kernels.py;python/sglang/srt/layers/moe/ep_moe/layer.py;python/sglang/srt/layers/moe/fused_moe_triton/fused_marlin_moe.py;python/sglang/srt/layers/moe/fused_moe_triton/fused_moe.py;python/sglang/srt/layers/moe/fused_moe_triton/fused_moe_triton_kernels.py;python/sglang/srt/layers/moe/fused_moe_triton/layer.py
L1,sglang,M-L1-routing-scale-fusion,v0.5.7,2026-01-01,1,12,python/sglang/srt/layers/moe/ep_moe/kernels.py;python/sglang/srt/layers/moe/ep_moe/layer.py;python/sglang/srt/layers/moe/fused_moe_triton/fused_marlin_moe.py;python/sglang/srt/layers/moe/fused_moe_triton/fused_moe.py;python/sglang/srt/layers/moe/fused_moe_triton/fused_moe_triton_kernels.py;python/sglang/srt/layers/moe/fused_moe_triton/layer.py
L1,sglang,M-L1-routing-scale-fusion,v0.5.8,2026-01-23,1,13,python/sglang/srt/layers/moe/ep_moe/kernels.py;python/sglang/srt/layers/moe/ep_moe/layer.py;python/sglang/srt/layers/moe/fused_moe_triton/fused_marlin_moe.py;python/sglang/srt/layers/moe/fused_moe_triton/fused_moe.py;python/sglang/srt/layers/moe/fused_moe_triton/fused_moe_triton_kernels.py;python/sglang/srt/layers/moe/fused_moe_triton/layer.py
L1,sglang,M-L1-routing-scale-fusion,v0.5.9,2026-02-23,1,13,python/sglang/srt/layers/moe/ep_moe/kernels.py;python/sglang/srt/layers/moe/ep_moe/layer.py;python/sglang/srt/layers/moe/fused_moe_triton/fused_marlin_moe.py;python/sglang/srt/layers/moe/fused_moe_triton/fused_moe.py;python/sglang/srt/layers/moe/fused_moe_triton/fused_moe_triton_kernels.py;python/sglang/srt/layers/moe/fused_moe_triton/layer.py
L1,sglang,M-L1-routing-scale-fusion,v0.5.10,2026-04-06,1,13,python/sglang/srt/layers/moe/ep_moe/kernels.py;python/sglang/srt/layers/moe/ep_moe/layer.py;python/sglang/srt/layers/moe/fused_moe_triton/fused_marlin_moe.py;python/sglang/srt/layers/moe/fused_moe_triton/fused_moe.py;python/sglang/srt/layers/moe/fused_moe_triton/fused_moe_triton_kernels.py;python/sglang/srt/layers/moe/fused_moe_triton/layer.py
L1,sglang,M-L1-routing-scale-fusion,v0.5.10.post1,2026-04-08,1,13,python/sglang/srt/layers/moe/ep_moe/kernels.py;python/sglang/srt/layers/moe/ep_moe/layer.py;python/sglang/srt/layers/moe/fused_moe_triton/fused_marlin_moe.py;python/sglang/srt/layers/moe/fused_moe_triton/fused_moe.py;python/sglang/srt/layers/moe/fused_moe_triton/fused_moe_triton_kernels.py;python/sglang/srt/layers/moe/fused_moe_triton/layer.py
L1,sglang,M-L1-routing-scale-fusion,v0.5.11,2026-05-05,1,13,python/sglang/srt/layers/moe/ep_moe/kernels.py;python/sglang/srt/layers/moe/ep_moe/layer.py;python/sglang/srt/layers/moe/fused_moe_triton/fused_marlin_moe.py;python/sglang/srt/layers/moe/fused_moe_triton/layer.py;python/sglang/srt/layers/moe/moe_runner/base.py;python/sglang/srt/layers/moe/moe_runner/deep_gemm.py
L1,sglang,M-L1-routing-scale-fusion,v0.5.12,2026-05-16,1,13,python/sglang/srt/layers/moe/ep_moe/kernels.py;python/sglang/srt/layers/moe/ep_moe/layer.py;python/sglang/srt/layers/moe/fused_moe_triton/fused_marlin_moe.py;python/sglang/srt/layers/moe/fused_moe_triton/layer.py;python/sglang/srt/layers/moe/moe_runner/base.py;python/sglang/srt/layers/moe/moe_runner/deep_gemm.py
L1,sglang,M-L1-routing-scale-fusion,v0.5.12.post1,2026-05-23,1,13,python/sglang/srt/layers/moe/ep_moe/kernels.py;python/sglang/srt/layers/moe/ep_moe/layer.py;python/sglang/srt/layers/moe/fused_moe_triton/fused_marlin_moe.py;python/sglang/srt/layers/moe/fused_moe_triton/layer.py;python/sglang/srt/layers/moe/moe_runner/base.py;python/sglang/srt/layers/moe/moe_runner/deep_gemm.py
L1,sglang,M-L1-routing-scale-fusion,v0.5.13,2026-06-11,1,14,python/sglang/srt/layers/moe/ep_moe/kernels.py;python/sglang/srt/layers/moe/ep_moe/layer.py;python/sglang/srt/layers/moe/fused_moe_triton/fused_marlin_moe.py;python/sglang/srt/layers/moe/fused_moe_triton/layer.py;python/sglang/srt/layers/moe/fused_moe_triton/mxfp4_moe_sm120_triton.py;python/sglang/srt/layers/moe/moe_runner/base.py
L1,sglang,M-L1-routing-scale-fusion,v0.5.14,2026-06-26,1,14,python/sglang/srt/layers/moe/ep_moe/kernels.py;python/sglang/srt/layers/moe/ep_moe/layer.py;python/sglang/srt/layers/moe/fused_moe_triton/fused_marlin_moe.py;python/sglang/srt/layers/moe/fused_moe_triton/layer.py;python/sglang/srt/layers/moe/moe_runner/base.py;python/sglang/srt/layers/moe/moe_runner/deep_gemm.py
L1,sglang,M-L1-routing-scale-fusion,v0.5.15,2026-07-10,1,15,python/sglang/srt/layers/moe/ep_moe/kernels.py;python/sglang/srt/layers/moe/ep_moe/layer.py;python/sglang/srt/layers/moe/fused_moe_triton/fused_marlin_moe.py;python/sglang/srt/layers/moe/fused_moe_triton/layer.py;python/sglang/srt/layers/moe/moe_runner/base.py;python/sglang/srt/layers/moe/moe_runner/deep_gemm.py
L1,sglang,M-L1-routing-scale-fusion,v0.5.15.post1,2026-07-14,1,15,python/sglang/srt/layers/moe/ep_moe/kernels.py;python/sglang/srt/layers/moe/ep_moe/layer.py;python/sglang/srt/layers/moe/fused_moe_triton/fused_marlin_moe.py;python/sglang/srt/layers/moe/fused_moe_triton/layer.py;python/sglang/srt/layers/moe/moe_runner/base.py;python/sglang/srt/layers/moe/moe_runner/deep_gemm.py
L1,sglang,M-L1-routing-scale-fusion,v0.5.16,2026-07-24,1,13,python/sglang/srt/layers/moe/ep_moe/layer.py;python/sglang/srt/layers/moe/fused_moe_triton/fused_marlin_moe.py;python/sglang/srt/layers/moe/fused_moe_triton/layer.py;python/sglang/srt/layers/moe/moe_runner/base.py;python/sglang/srt/layers/moe/moe_runner/deep_gemm.py;python/sglang/srt/layers/moe/moe_runner/flashinfer_cutlass.py
L1,sglang,M-L1-routing-scale-fusion,v0.5.17,2026-08-07,1,15,python/sglang/kernels/aot/csrc/moe/moe_sum_reduce.cu;python/sglang/kernels/jit/csrc/moe/moe_fused_gate.cuh;python/sglang/srt/layers/moe/ep_moe/layer.py;python/sglang/srt/layers/moe/fused_moe_triton/fused_marlin_moe.py;python/sglang/srt/layers/moe/fused_moe_triton/layer.py;python/sglang/srt/layers/moe/moe_runner/base.py
L1,sglang,M-L1-routing-scale-fusion,v0.5.18,2026-08-21,1,15,python/sglang/kernels/aot/csrc/moe/moe_sum_reduce.cu;python/sglang/kernels/jit/csrc/moe/moe_fused_gate.cuh;python/sglang/srt/layers/moe/ep_moe/layer.py;python/sglang/srt/layers/moe/fused_moe_triton/fused_marlin_moe.py;python/sglang/srt/layers/moe/fused_moe_triton/layer.py;python/sglang/srt/layers/moe/moe_runner/base.py
L1,sglang,M-L1-routing-scale-fusion,v0.5.19,2026-09-04,1,15,python/sglang/kernels/aot/csrc/moe/moe_sum_reduce.cu;python/sglang/kernels/jit/csrc/moe/moe_fused_gate.cuh;python/sglang/srt/layers/moe/ep_moe/layer.py;python/sglang/srt/layers/moe/fused_moe_triton/fused_marlin_moe.py;python/sglang/srt/layers/moe/fused_moe_triton/layer.py;python/sglang/srt/layers/moe/moe_runner/base.py
L1,sglang,M-L1-routing-scale-fusion,v0.5.20,2026-09-18,1,16,python/sglang/kernels/aot/csrc/moe/moe_sum_reduce.cu;python/sglang/kernels/jit/csrc/moe/moe_fused_gate.cuh;python/sglang/srt/layers/moe/ep_moe/layer.py;python/sglang/srt/layers/moe/fused_moe_triton/fused_marlin_moe.py;python/sglang/srt/layers/moe/fused_moe_triton/layer.py;python/sglang/srt/layers/moe/moe_runner/base.py
L1,sglang,M-L1-routing-scale-fusion,CUTOFF,2026-09-28,1,16,python/sglang/kernels/aot/csrc/moe/moe_sum_reduce.cu;python/sglang/kernels/jit/csrc/moe/moe_fused_gate.cuh;python/sglang/srt/layers/moe/ep_moe/layer.py;python/sglang/srt/layers/moe/fused_moe_triton/fused_marlin_moe.py;python/sglang/srt/layers/moe/fused_moe_triton/layer.py;python/sglang/srt/layers/moe/moe_runner/base.py
L1,sglang,M-L1-reduce-topk-sum-fusion,v0.1.5,2024-01-18,0,0,
L1,sglang,M-L1-reduce-topk-sum-fusion,v0.1.6,2024-01-21,0,0,
L1,sglang,M-L1-reduce-topk-sum-fusion,v0.1.11,2024-02-03,0,0,
L1,sglang,M-L1-reduce-topk-sum-fusion,v0.1.12,2024-02-11,0,0,
L1,sglang,M-L1-reduce-topk-sum-fusion,v0.1.13,2024-03-11,0,0,
L1,sglang,M-L1-reduce-topk-sum-fusion,v0.1.16,2024-05-14,0,0,
L1,sglang,M-L1-reduce-topk-sum-fusion,v0.1.17,2024-06-08,0,0,
L1,sglang,M-L1-reduce-topk-sum-fusion,v0.1.18,2024-07-04,0,0,
L1,sglang,M-L1-reduce-topk-sum-fusion,v0.1.20,2024-07-14,0,0,
L1,sglang,M-L1-reduce-topk-sum-fusion,v0.2.0,2024-07-25,0,0,
L1,sglang,M-L1-reduce-topk-sum-fusion,v0.2.5,2024-07-26,0,0,
L1,sglang,M-L1-reduce-topk-sum-fusion,v0.2.9,2024-08-02,0,0,
L1,sglang,M-L1-reduce-topk-sum-fusion,v0.2.13,2024-09-19,0,0,
L1,sglang,M-L1-reduce-topk-sum-fusion,v0.3.0,2024-09-19,0,0,
L1,sglang,M-L1-reduce-topk-sum-fusion,v0.3.2,2024-10-02,0,0,
L1,sglang,M-L1-reduce-topk-sum-fusion,v0.3.4.post1,2024-10-22,0,0,
L1,sglang,M-L1-reduce-topk-sum-fusion,v0.3.6,2024-11-22,0,0,
L1,sglang,M-L1-reduce-topk-sum-fusion,v0.4.0,2024-12-04,0,0,
L1,sglang,M-L1-reduce-topk-sum-fusion,v0.4.1,2024-12-25,0,0,
L1,sglang,M-L1-reduce-topk-sum-fusion,v0.4.3,2025-02-14,0,0,
L1,sglang,M-L1-reduce-topk-sum-fusion,v0.4.4,2025-03-13,0,0,
L1,sglang,M-L1-reduce-topk-sum-fusion,v0.4.5,2025-04-07,0,0,
L1,sglang,M-L1-reduce-topk-sum-fusion,v0.4.6,2025-04-27,0,0,
L1,sglang,M-L1-reduce-topk-sum-fusion,v0.4.7,2025-06-11,0,0,
L1,sglang,M-L1-reduce-topk-sum-fusion,v0.4.8,2025-06-24,0,0,
L1,sglang,M-L1-reduce-topk-sum-fusion,v0.4.10,2025-07-31,0,0,
L1,sglang,M-L1-reduce-topk-sum-fusion,v0.5.1,2025-08-23,0,0,
L1,sglang,M-L1-reduce-topk-sum-fusion,v0.5.2,2025-09-12,0,0,
L1,sglang,M-L1-reduce-topk-sum-fusion,v0.5.3,2025-10-06,1,1,sgl-kernel/csrc/moe/moe_sum_reduce.cu
L1,sglang,M-L1-reduce-topk-sum-fusion,v0.5.4,2025-10-26,1,2,sgl-kernel/csrc/moe/moe_sum.cu;sgl-kernel/csrc/moe/moe_sum_reduce.cu
L1,sglang,M-L1-reduce-topk-sum-fusion,v0.5.5,2025-11-06,1,2,sgl-kernel/csrc/moe/moe_sum.cu;sgl-kernel/csrc/moe/moe_sum_reduce.cu
L1,sglang,M-L1-reduce-topk-sum-fusion,v0.5.6,2025-12-03,1,2,sgl-kernel/csrc/moe/moe_sum.cu;sgl-kernel/csrc/moe/moe_sum_reduce.cu
L1,sglang,M-L1-reduce-topk-sum-fusion,v0.5.7,2026-01-01,1,2,sgl-kernel/csrc/moe/moe_sum.cu;sgl-kernel/csrc/moe/moe_sum_reduce.cu
L1,sglang,M-L1-reduce-topk-sum-fusion,v0.5.8,2026-01-23,1,2,sgl-kernel/csrc/moe/moe_sum.cu;sgl-kernel/csrc/moe/moe_sum_reduce.cu
L1,sglang,M-L1-reduce-topk-sum-fusion,v0.5.9,2026-02-23,1,2,sgl-kernel/csrc/moe/moe_sum.cu;sgl-kernel/csrc/moe/moe_sum_reduce.cu
L1,sglang,M-L1-reduce-topk-sum-fusion,v0.5.10,2026-04-06,1,2,sgl-kernel/csrc/moe/moe_sum.cu;sgl-kernel/csrc/moe/moe_sum_reduce.cu
L1,sglang,M-L1-reduce-topk-sum-fusion,v0.5.10.post1,2026-04-08,1,2,sgl-kernel/csrc/moe/moe_sum.cu;sgl-kernel/csrc/moe/moe_sum_reduce.cu
L1,sglang,M-L1-reduce-topk-sum-fusion,v0.5.11,2026-05-05,1,2,sgl-kernel/csrc/moe/moe_sum.cu;sgl-kernel/csrc/moe/moe_sum_reduce.cu
L1,sglang,M-L1-reduce-topk-sum-fusion,v0.5.12,2026-05-16,1,2,sgl-kernel/csrc/moe/moe_sum.cu;sgl-kernel/csrc/moe/moe_sum_reduce.cu
L1,sglang,M-L1-reduce-topk-sum-fusion,v0.5.12.post1,2026-05-23,1,2,sgl-kernel/csrc/moe/moe_sum.cu;sgl-kernel/csrc/moe/moe_sum_reduce.cu
L1,sglang,M-L1-reduce-topk-sum-fusion,v0.5.13,2026-06-11,1,2,sgl-kernel/csrc/moe/moe_sum.cu;sgl-kernel/csrc/moe/moe_sum_reduce.cu
L1,sglang,M-L1-reduce-topk-sum-fusion,v0.5.14,2026-06-26,1,2,sgl-kernel/csrc/moe/moe_sum.cu;sgl-kernel/csrc/moe/moe_sum_reduce.cu
L1,sglang,M-L1-reduce-topk-sum-fusion,v0.5.15,2026-07-10,1,2,sgl-kernel/csrc/moe/moe_sum.cu;sgl-kernel/csrc/moe/moe_sum_reduce.cu
L1,sglang,M-L1-reduce-topk-sum-fusion,v0.5.15.post1,2026-07-14,1,2,sgl-kernel/csrc/moe/moe_sum.cu;sgl-kernel/csrc/moe/moe_sum_reduce.cu
L1,sglang,M-L1-reduce-topk-sum-fusion,v0.5.16,2026-07-24,1,2,sgl-kernel/csrc/moe/moe_sum.cu;sgl-kernel/csrc/moe/moe_sum_reduce.cu
L1,sglang,M-L1-reduce-topk-sum-fusion,v0.5.17,2026-08-07,1,4,python/sglang/kernels/aot/csrc/moe/moe_sum.cu;python/sglang/kernels/aot/csrc/moe/moe_sum_reduce.cu;python/sglang/kernels/jit/csrc/moe/topk_sum.cuh;python/sglang/kernels/ops/moe/moe_topk_sum.py
L1,sglang,M-L1-reduce-topk-sum-fusion,v0.5.18,2026-08-21,1,4,python/sglang/kernels/aot/csrc/moe/moe_sum.cu;python/sglang/kernels/aot/csrc/moe/moe_sum_reduce.cu;python/sglang/kernels/jit/csrc/moe/topk_sum.cuh;python/sglang/kernels/ops/moe/moe_topk_sum.py
L1,sglang,M-L1-reduce-topk-sum-fusion,v0.5.19,2026-09-04,1,4,python/sglang/kernels/aot/csrc/moe/moe_sum.cu;python/sglang/kernels/aot/csrc/moe/moe_sum_reduce.cu;python/sglang/kernels/jit/csrc/moe/topk_sum.cuh;python/sglang/kernels/ops/moe/moe_topk_sum.py
L1,sglang,M-L1-reduce-topk-sum-fusion,v0.5.20,2026-09-18,1,4,python/sglang/kernels/aot/csrc/moe/moe_sum.cu;python/sglang/kernels/aot/csrc/moe/moe_sum_reduce.cu;python/sglang/kernels/jit/csrc/moe/topk_sum.cuh;python/sglang/kernels/ops/moe/moe_topk_sum.py
L1,sglang,M-L1-reduce-topk-sum-fusion,CUTOFF,2026-09-28,1,4,python/sglang/kernels/aot/csrc/moe/moe_sum.cu;python/sglang/kernels/aot/csrc/moe/moe_sum_reduce.cu;python/sglang/kernels/jit/csrc/moe/topk_sum.cuh;python/sglang/kernels/ops/moe/moe_topk_sum.py
L1,sglang,M-L1-fused-moe-triton-tiled-pipeline,v0.1.5,2024-01-18,0,0,
L1,sglang,M-L1-fused-moe-triton-tiled-pipeline,v0.1.6,2024-01-21,0,0,
L1,sglang,M-L1-fused-moe-triton-tiled-pipeline,v0.1.11,2024-02-03,0,0,
L1,sglang,M-L1-fused-moe-triton-tiled-pipeline,v0.1.12,2024-02-11,0,0,
L1,sglang,M-L1-fused-moe-triton-tiled-pipeline,v0.1.13,2024-03-11,0,0,
L1,sglang,M-L1-fused-moe-triton-tiled-pipeline,v0.1.16,2024-05-14,0,0,
L1,sglang,M-L1-fused-moe-triton-tiled-pipeline,v0.1.17,2024-06-08,1,1,python/sglang/srt/layers/fused_moe.py
L1,sglang,M-L1-fused-moe-triton-tiled-pipeline,v0.1.18,2024-07-04,1,1,python/sglang/srt/layers/fused_moe.py
L1,sglang,M-L1-fused-moe-triton-tiled-pipeline,v0.1.20,2024-07-14,1,1,python/sglang/srt/layers/fused_moe.py
L1,sglang,M-L1-fused-moe-triton-tiled-pipeline,v0.2.0,2024-07-25,1,1,python/sglang/srt/layers/fused_moe.py
L1,sglang,M-L1-fused-moe-triton-tiled-pipeline,v0.2.5,2024-07-26,1,1,python/sglang/srt/layers/fused_moe.py
L1,sglang,M-L1-fused-moe-triton-tiled-pipeline,v0.2.9,2024-08-02,1,1,python/sglang/srt/layers/fused_moe.py
L1,sglang,M-L1-fused-moe-triton-tiled-pipeline,v0.2.13,2024-09-19,0,0,
L1,sglang,M-L1-fused-moe-triton-tiled-pipeline,v0.3.0,2024-09-19,0,0,
L1,sglang,M-L1-fused-moe-triton-tiled-pipeline,v0.3.2,2024-10-02,0,0,
L1,sglang,M-L1-fused-moe-triton-tiled-pipeline,v0.3.4.post1,2024-10-22,0,0,
L1,sglang,M-L1-fused-moe-triton-tiled-pipeline,v0.3.6,2024-11-22,0,0,
L1,sglang,M-L1-fused-moe-triton-tiled-pipeline,v0.4.0,2024-12-04,0,0,
L1,sglang,M-L1-fused-moe-triton-tiled-pipeline,v0.4.1,2024-12-25,0,0,
L1,sglang,M-L1-fused-moe-triton-tiled-pipeline,v0.4.3,2025-02-14,0,0,
L1,sglang,M-L1-fused-moe-triton-tiled-pipeline,v0.4.4,2025-03-13,0,0,
L1,sglang,M-L1-fused-moe-triton-tiled-pipeline,v0.4.5,2025-04-07,0,0,
L1,sglang,M-L1-fused-moe-triton-tiled-pipeline,v0.4.6,2025-04-27,0,0,
L1,sglang,M-L1-fused-moe-triton-tiled-pipeline,v0.4.7,2025-06-11,0,0,
L1,sglang,M-L1-fused-moe-triton-tiled-pipeline,v0.4.8,2025-06-24,0,0,
L1,sglang,M-L1-fused-moe-triton-tiled-pipeline,v0.4.10,2025-07-31,0,0,
L1,sglang,M-L1-fused-moe-triton-tiled-pipeline,v0.5.1,2025-08-23,0,0,
L1,sglang,M-L1-fused-moe-triton-tiled-pipeline,v0.5.2,2025-09-12,0,0,
L1,sglang,M-L1-fused-moe-triton-tiled-pipeline,v0.5.3,2025-10-06,0,0,
L1,sglang,M-L1-fused-moe-triton-tiled-pipeline,v0.5.4,2025-10-26,0,0,
L1,sglang,M-L1-fused-moe-triton-tiled-pipeline,v0.5.5,2025-11-06,0,0,
L1,sglang,M-L1-fused-moe-triton-tiled-pipeline,v0.5.6,2025-12-03,0,0,
L1,sglang,M-L1-fused-moe-triton-tiled-pipeline,v0.5.7,2026-01-01,0,0,
L1,sglang,M-L1-fused-moe-triton-tiled-pipeline,v0.5.8,2026-01-23,0,0,
L1,sglang,M-L1-fused-moe-triton-tiled-pipeline,v0.5.9,2026-02-23,0,0,
L1,sglang,M-L1-fused-moe-triton-tiled-pipeline,v0.5.10,2026-04-06,0,0,
L1,sglang,M-L1-fused-moe-triton-tiled-pipeline,v0.5.10.post1,2026-04-08,0,0,
L1,sglang,M-L1-fused-moe-triton-tiled-pipeline,v0.5.11,2026-05-05,1,1,python/sglang/srt/layers/moe/moe_runner/triton_utils/fused_moe.py
L1,sglang,M-L1-fused-moe-triton-tiled-pipeline,v0.5.12,2026-05-16,1,1,python/sglang/srt/layers/moe/moe_runner/triton_utils/fused_moe.py
L1,sglang,M-L1-fused-moe-triton-tiled-pipeline,v0.5.12.post1,2026-05-23,1,1,python/sglang/srt/layers/moe/moe_runner/triton_utils/fused_moe.py
L1,sglang,M-L1-fused-moe-triton-tiled-pipeline,v0.5.13,2026-06-11,1,1,python/sglang/srt/layers/moe/moe_runner/triton_utils/fused_moe.py
L1,sglang,M-L1-fused-moe-triton-tiled-pipeline,v0.5.14,2026-06-26,1,1,python/sglang/srt/layers/moe/moe_runner/triton_utils/fused_moe.py
L1,sglang,M-L1-fused-moe-triton-tiled-pipeline,v0.5.15,2026-07-10,1,1,python/sglang/srt/layers/moe/moe_runner/triton_utils/fused_moe.py
L1,sglang,M-L1-fused-moe-triton-tiled-pipeline,v0.5.15.post1,2026-07-14,1,1,python/sglang/srt/layers/moe/moe_runner/triton_utils/fused_moe.py
L1,sglang,M-L1-fused-moe-triton-tiled-pipeline,v0.5.16,2026-07-24,1,2,python/sglang/kernels/ops/moe/fused_moe_triton_kernels.py;python/sglang/srt/layers/moe/moe_runner/triton_utils/fused_moe.py
L1,sglang,M-L1-fused-moe-triton-tiled-pipeline,v0.5.17,2026-08-07,1,2,python/sglang/kernels/ops/moe/fused_moe_triton_kernels.py;python/sglang/srt/layers/moe/moe_runner/triton_utils/fused_moe.py
L1,sglang,M-L1-fused-moe-triton-tiled-pipeline,v0.5.18,2026-08-21,1,2,python/sglang/kernels/ops/moe/fused_moe_triton_kernels.py;python/sglang/srt/layers/moe/moe_runner/triton_utils/fused_moe.py
L1,sglang,M-L1-fused-moe-triton-tiled-pipeline,v0.5.19,2026-09-04,1,2,python/sglang/kernels/ops/moe/fused_moe_triton_kernels.py;python/sglang/srt/layers/moe/moe_runner/triton_utils/fused_moe.py
L1,sglang,M-L1-fused-moe-triton-tiled-pipeline,v0.5.20,2026-09-18,1,2,python/sglang/kernels/ops/moe/fused_moe_triton_kernels.py;python/sglang/srt/layers/moe/moe_runner/triton_utils/fused_moe.py
L1,sglang,M-L1-fused-moe-triton-tiled-pipeline,CUTOFF,2026-09-28,1,2,python/sglang/kernels/ops/moe/fused_moe_triton_kernels.py;python/sglang/srt/layers/moe/moe_runner/triton_utils/fused_moe.py
L1,sglang,M-L1-ep-deepep-reorder-layout,v0.1.5,2024-01-18,0,0,
L1,sglang,M-L1-ep-deepep-reorder-layout,v0.1.6,2024-01-21,0,0,
L1,sglang,M-L1-ep-deepep-reorder-layout,v0.1.11,2024-02-03,0,0,
L1,sglang,M-L1-ep-deepep-reorder-layout,v0.1.12,2024-02-11,0,0,
L1,sglang,M-L1-ep-deepep-reorder-layout,v0.1.13,2024-03-11,0,0,
L1,sglang,M-L1-ep-deepep-reorder-layout,v0.1.16,2024-05-14,0,0,
L1,sglang,M-L1-ep-deepep-reorder-layout,v0.1.17,2024-06-08,0,0,
L1,sglang,M-L1-ep-deepep-reorder-layout,v0.1.18,2024-07-04,0,0,
L1,sglang,M-L1-ep-deepep-reorder-layout,v0.1.20,2024-07-14,0,0,
L1,sglang,M-L1-ep-deepep-reorder-layout,v0.2.0,2024-07-25,0,0,
L1,sglang,M-L1-ep-deepep-reorder-layout,v0.2.5,2024-07-26,0,0,
L1,sglang,M-L1-ep-deepep-reorder-layout,v0.2.9,2024-08-02,0,0,
L1,sglang,M-L1-ep-deepep-reorder-layout,v0.2.13,2024-09-19,0,0,
L1,sglang,M-L1-ep-deepep-reorder-layout,v0.3.0,2024-09-19,0,0,
L1,sglang,M-L1-ep-deepep-reorder-layout,v0.3.2,2024-10-02,0,0,
L1,sglang,M-L1-ep-deepep-reorder-layout,v0.3.4.post1,2024-10-22,0,0,
L1,sglang,M-L1-ep-deepep-reorder-layout,v0.3.6,2024-11-22,0,0,
L1,sglang,M-L1-ep-deepep-reorder-layout,v0.4.0,2024-12-04,0,0,
L1,sglang,M-L1-ep-deepep-reorder-layout,v0.4.1,2024-12-25,0,0,
L1,sglang,M-L1-ep-deepep-reorder-layout,v0.4.3,2025-02-14,0,0,
L1,sglang,M-L1-ep-deepep-reorder-layout,v0.4.4,2025-03-13,0,0,
L1,sglang,M-L1-ep-deepep-reorder-layout,v0.4.5,2025-04-07,1,2,python/sglang/srt/layers/moe/ep_moe/kernels.py;python/sglang/srt/layers/moe/ep_moe/token_dispatcher.py
L1,sglang,M-L1-ep-deepep-reorder-layout,v0.4.6,2025-04-27,1,2,python/sglang/srt/layers/moe/ep_moe/kernels.py;python/sglang/srt/layers/moe/ep_moe/token_dispatcher.py
L1,sglang,M-L1-ep-deepep-reorder-layout,v0.4.7,2025-06-11,1,2,python/sglang/srt/layers/moe/ep_moe/kernels.py;python/sglang/srt/layers/moe/ep_moe/token_dispatcher.py
L1,sglang,M-L1-ep-deepep-reorder-layout,v0.4.8,2025-06-24,1,2,python/sglang/srt/layers/moe/ep_moe/kernels.py;python/sglang/srt/layers/moe/ep_moe/token_dispatcher.py
L1,sglang,M-L1-ep-deepep-reorder-layout,v0.4.10,2025-07-31,1,3,python/sglang/srt/layers/moe/ep_moe/kernels.py;python/sglang/srt/layers/moe/ep_moe/layer.py;python/sglang/srt/layers/moe/ep_moe/token_dispatcher.py
L1,sglang,M-L1-ep-deepep-reorder-layout,v0.5.1,2025-08-23,1,3,python/sglang/srt/layers/moe/ep_moe/kernels.py;python/sglang/srt/layers/moe/ep_moe/layer.py;python/sglang/srt/layers/moe/token_dispatcher/deepep.py
L1,sglang,M-L1-ep-deepep-reorder-layout,v0.5.2,2025-09-12,1,3,python/sglang/srt/layers/moe/ep_moe/kernels.py;python/sglang/srt/layers/moe/ep_moe/layer.py;python/sglang/srt/layers/moe/token_dispatcher/deepep.py
L1,sglang,M-L1-ep-deepep-reorder-layout,v0.5.3,2025-10-06,1,3,python/sglang/srt/layers/moe/ep_moe/kernels.py;python/sglang/srt/layers/moe/ep_moe/layer.py;python/sglang/srt/layers/moe/token_dispatcher/deepep.py
L1,sglang,M-L1-ep-deepep-reorder-layout,v0.5.4,2025-10-26,1,2,python/sglang/srt/layers/moe/ep_moe/kernels.py;python/sglang/srt/layers/moe/token_dispatcher/deepep.py
L1,sglang,M-L1-ep-deepep-reorder-layout,v0.5.5,2025-11-06,1,2,python/sglang/srt/layers/moe/ep_moe/kernels.py;python/sglang/srt/layers/moe/token_dispatcher/deepep.py
L1,sglang,M-L1-ep-deepep-reorder-layout,v0.5.6,2025-12-03,1,2,python/sglang/srt/layers/moe/ep_moe/kernels.py;python/sglang/srt/layers/moe/token_dispatcher/deepep.py
L1,sglang,M-L1-ep-deepep-reorder-layout,v0.5.7,2026-01-01,1,2,python/sglang/srt/layers/moe/ep_moe/kernels.py;python/sglang/srt/layers/moe/token_dispatcher/deepep.py
L1,sglang,M-L1-ep-deepep-reorder-layout,v0.5.8,2026-01-23,1,2,python/sglang/srt/layers/moe/ep_moe/kernels.py;python/sglang/srt/layers/moe/token_dispatcher/deepep.py
L1,sglang,M-L1-ep-deepep-reorder-layout,v0.5.9,2026-02-23,1,2,python/sglang/srt/layers/moe/ep_moe/kernels.py;python/sglang/srt/layers/moe/token_dispatcher/deepep.py
L1,sglang,M-L1-ep-deepep-reorder-layout,v0.5.10,2026-04-06,1,2,python/sglang/srt/layers/moe/ep_moe/kernels.py;python/sglang/srt/layers/moe/token_dispatcher/deepep.py
L1,sglang,M-L1-ep-deepep-reorder-layout,v0.5.10.post1,2026-04-08,1,2,python/sglang/srt/layers/moe/ep_moe/kernels.py;python/sglang/srt/layers/moe/token_dispatcher/deepep.py
L1,sglang,M-L1-ep-deepep-reorder-layout,v0.5.11,2026-05-05,1,2,python/sglang/srt/layers/moe/ep_moe/kernels.py;python/sglang/srt/layers/moe/token_dispatcher/deepep.py
L1,sglang,M-L1-ep-deepep-reorder-layout,v0.5.12,2026-05-16,1,2,python/sglang/srt/layers/moe/ep_moe/kernels.py;python/sglang/srt/layers/moe/token_dispatcher/deepep.py
L1,sglang,M-L1-ep-deepep-reorder-layout,v0.5.12.post1,2026-05-23,1,2,python/sglang/srt/layers/moe/ep_moe/kernels.py;python/sglang/srt/layers/moe/token_dispatcher/deepep.py
L1,sglang,M-L1-ep-deepep-reorder-layout,v0.5.13,2026-06-11,1,2,python/sglang/srt/layers/moe/ep_moe/kernels.py;python/sglang/srt/layers/moe/token_dispatcher/deepep.py
L1,sglang,M-L1-ep-deepep-reorder-layout,v0.5.14,2026-06-26,1,2,python/sglang/srt/layers/moe/ep_moe/kernels.py;python/sglang/srt/layers/moe/token_dispatcher/deepep.py
L1,sglang,M-L1-ep-deepep-reorder-layout,v0.5.15,2026-07-10,1,2,python/sglang/srt/layers/moe/ep_moe/kernels.py;python/sglang/srt/layers/moe/token_dispatcher/deepep.py
L1,sglang,M-L1-ep-deepep-reorder-layout,v0.5.15.post1,2026-07-14,1,2,python/sglang/srt/layers/moe/ep_moe/kernels.py;python/sglang/srt/layers/moe/token_dispatcher/deepep.py
L1,sglang,M-L1-ep-deepep-reorder-layout,v0.5.16,2026-07-24,1,2,python/sglang/kernels/ops/moe/ep_moe_kernels.py;python/sglang/srt/layers/moe/token_dispatcher/deepep.py
L1,sglang,M-L1-ep-deepep-reorder-layout,v0.5.17,2026-08-07,1,2,python/sglang/kernels/ops/moe/ep_moe_kernels.py;python/sglang/srt/layers/moe/token_dispatcher/deepep.py
L1,sglang,M-L1-ep-deepep-reorder-layout,v0.5.18,2026-08-21,1,2,python/sglang/kernels/ops/moe/ep_moe_kernels.py;python/sglang/srt/layers/moe/token_dispatcher/deepep.py
L1,sglang,M-L1-ep-deepep-reorder-layout,v0.5.19,2026-09-04,1,2,python/sglang/kernels/ops/moe/ep_moe_kernels.py;python/sglang/srt/layers/moe/token_dispatcher/deepep.py
L1,sglang,M-L1-ep-deepep-reorder-layout,v0.5.20,2026-09-18,1,2,python/sglang/kernels/ops/moe/ep_moe_kernels.py;python/sglang/srt/layers/moe/token_dispatcher/deepep.py
L1,sglang,M-L1-ep-deepep-reorder-layout,CUTOFF,2026-09-28,1,2,python/sglang/kernels/ops/moe/ep_moe_kernels.py;python/sglang/srt/layers/moe/token_dispatcher/deepep.py
L2,sglang,M-L2-absorbed-latent-mqa-decode,v0.1.5,2024-01-18,0,0,
L2,sglang,M-L2-absorbed-latent-mqa-decode,v0.1.6,2024-01-21,0,0,
L2,sglang,M-L2-absorbed-latent-mqa-decode,v0.1.11,2024-02-03,0,0,
L2,sglang,M-L2-absorbed-latent-mqa-decode,v0.1.12,2024-02-11,0,0,
L2,sglang,M-L2-absorbed-latent-mqa-decode,v0.1.13,2024-03-11,0,0,
L2,sglang,M-L2-absorbed-latent-mqa-decode,v0.1.16,2024-05-14,0,0,
L2,sglang,M-L2-absorbed-latent-mqa-decode,v0.1.17,2024-06-08,0,0,
L2,sglang,M-L2-absorbed-latent-mqa-decode,v0.1.18,2024-07-04,0,0,
L2,sglang,M-L2-absorbed-latent-mqa-decode,v0.1.20,2024-07-14,0,0,
L2,sglang,M-L2-absorbed-latent-mqa-decode,v0.2.0,2024-07-25,0,0,
L2,sglang,M-L2-absorbed-latent-mqa-decode,v0.2.5,2024-07-26,0,0,
L2,sglang,M-L2-absorbed-latent-mqa-decode,v0.2.9,2024-08-02,0,0,
L2,sglang,M-L2-absorbed-latent-mqa-decode,v0.2.13,2024-09-19,1,1,python/sglang/srt/models/deepseek_v2.py
L2,sglang,M-L2-absorbed-latent-mqa-decode,v0.3.0,2024-09-19,1,1,python/sglang/srt/models/deepseek_v2.py
L2,sglang,M-L2-absorbed-latent-mqa-decode,v0.3.2,2024-10-02,1,1,python/sglang/srt/models/deepseek_v2.py
L2,sglang,M-L2-absorbed-latent-mqa-decode,v0.3.4.post1,2024-10-22,1,1,python/sglang/srt/models/deepseek_v2.py
L2,sglang,M-L2-absorbed-latent-mqa-decode,v0.3.6,2024-11-22,1,1,python/sglang/srt/models/deepseek_v2.py
L2,sglang,M-L2-absorbed-latent-mqa-decode,v0.4.0,2024-12-04,1,1,python/sglang/srt/models/deepseek_v2.py
L2,sglang,M-L2-absorbed-latent-mqa-decode,v0.4.1,2024-12-25,1,1,python/sglang/srt/models/deepseek_v2.py
L2,sglang,M-L2-absorbed-latent-mqa-decode,v0.4.3,2025-02-14,1,1,python/sglang/srt/models/deepseek_v2.py
L2,sglang,M-L2-absorbed-latent-mqa-decode,v0.4.4,2025-03-13,1,1,python/sglang/srt/models/deepseek_v2.py
L2,sglang,M-L2-absorbed-latent-mqa-decode,v0.4.5,2025-04-07,1,1,python/sglang/srt/models/deepseek_v2.py
L2,sglang,M-L2-absorbed-latent-mqa-decode,v0.4.6,2025-04-27,1,1,python/sglang/srt/models/deepseek_v2.py
L2,sglang,M-L2-absorbed-latent-mqa-decode,v0.4.7,2025-06-11,1,1,python/sglang/srt/models/deepseek_v2.py
L2,sglang,M-L2-absorbed-latent-mqa-decode,v0.4.8,2025-06-24,1,1,python/sglang/srt/models/deepseek_v2.py
L2,sglang,M-L2-absorbed-latent-mqa-decode,v0.4.10,2025-07-31,1,1,python/sglang/srt/models/deepseek_v2.py
L2,sglang,M-L2-absorbed-latent-mqa-decode,v0.5.1,2025-08-23,1,1,python/sglang/srt/models/deepseek_v2.py
L2,sglang,M-L2-absorbed-latent-mqa-decode,v0.5.2,2025-09-12,1,1,python/sglang/srt/models/deepseek_v2.py
L2,sglang,M-L2-absorbed-latent-mqa-decode,v0.5.3,2025-10-06,1,1,python/sglang/srt/models/deepseek_v2.py
L2,sglang,M-L2-absorbed-latent-mqa-decode,v0.5.4,2025-10-26,1,1,python/sglang/srt/models/deepseek_v2.py
L2,sglang,M-L2-absorbed-latent-mqa-decode,v0.5.5,2025-11-06,1,1,python/sglang/srt/models/deepseek_v2.py
L2,sglang,M-L2-absorbed-latent-mqa-decode,v0.5.6,2025-12-03,1,1,python/sglang/srt/models/deepseek_v2.py
L2,sglang,M-L2-absorbed-latent-mqa-decode,v0.5.7,2026-01-01,1,1,python/sglang/srt/models/deepseek_v2.py
L2,sglang,M-L2-absorbed-latent-mqa-decode,v0.5.8,2026-01-23,1,1,python/sglang/srt/models/deepseek_v2.py
L2,sglang,M-L2-absorbed-latent-mqa-decode,v0.5.9,2026-02-23,1,1,python/sglang/srt/models/deepseek_v2.py
L2,sglang,M-L2-absorbed-latent-mqa-decode,v0.5.10,2026-04-06,1,2,python/sglang/srt/models/deepseek_common/attention_forward_methods/forward_mla.py;python/sglang/srt/models/deepseek_v2.py
L2,sglang,M-L2-absorbed-latent-mqa-decode,v0.5.10.post1,2026-04-08,1,2,python/sglang/srt/models/deepseek_common/attention_forward_methods/forward_mla.py;python/sglang/srt/models/deepseek_v2.py
L2,sglang,M-L2-absorbed-latent-mqa-decode,v0.5.11,2026-05-05,1,2,python/sglang/srt/models/deepseek_common/attention_forward_methods/forward_mla.py;python/sglang/srt/models/deepseek_v2.py
L2,sglang,M-L2-absorbed-latent-mqa-decode,v0.5.12,2026-05-16,1,2,python/sglang/srt/models/deepseek_common/attention_forward_methods/forward_mla.py;python/sglang/srt/models/deepseek_v2.py
L2,sglang,M-L2-absorbed-latent-mqa-decode,v0.5.12.post1,2026-05-23,1,2,python/sglang/srt/models/deepseek_common/attention_forward_methods/forward_mla.py;python/sglang/srt/models/deepseek_v2.py
L2,sglang,M-L2-absorbed-latent-mqa-decode,v0.5.13,2026-06-11,1,2,python/sglang/srt/models/deepseek_common/attention_forward_methods/forward_mla.py;python/sglang/srt/models/deepseek_v2.py
L2,sglang,M-L2-absorbed-latent-mqa-decode,v0.5.14,2026-06-26,1,2,python/sglang/srt/models/deepseek_common/attention_forward_methods/forward_mla.py;python/sglang/srt/models/deepseek_v2.py
L2,sglang,M-L2-absorbed-latent-mqa-decode,v0.5.15,2026-07-10,1,2,python/sglang/srt/models/deepseek_common/attention_forward_methods/forward_mla.py;python/sglang/srt/models/deepseek_v2.py
L2,sglang,M-L2-absorbed-latent-mqa-decode,v0.5.15.post1,2026-07-14,1,2,python/sglang/srt/models/deepseek_common/attention_forward_methods/forward_mla.py;python/sglang/srt/models/deepseek_v2.py
L2,sglang,M-L2-absorbed-latent-mqa-decode,v0.5.16,2026-07-24,1,2,python/sglang/srt/models/deepseek_common/attention_forward_methods/forward_mla.py;python/sglang/srt/models/deepseek_v2.py
L2,sglang,M-L2-absorbed-latent-mqa-decode,v0.5.17,2026-08-07,1,2,python/sglang/srt/models/deepseek_common/attention_forward_methods/forward_mla.py;python/sglang/srt/models/deepseek_v2.py
L2,sglang,M-L2-absorbed-latent-mqa-decode,v0.5.18,2026-08-21,1,2,python/sglang/srt/models/deepseek_common/attention_forward_methods/forward_mla.py;python/sglang/srt/models/deepseek_v2.py
L2,sglang,M-L2-absorbed-latent-mqa-decode,v0.5.19,2026-09-04,1,2,python/sglang/srt/models/deepseek_common/attention_forward_methods/forward_mla.py;python/sglang/srt/models/deepseek_v2.py
L2,sglang,M-L2-absorbed-latent-mqa-decode,v0.5.20,2026-09-18,1,2,python/sglang/srt/models/deepseek_common/attention_forward_methods/forward_mla.py;python/sglang/srt/models/deepseek_v2.py
L2,sglang,M-L2-absorbed-latent-mqa-decode,CUTOFF,2026-09-28,1,2,python/sglang/srt/models/deepseek_common/attention_forward_methods/forward_mla.py;python/sglang/srt/models/deepseek_v2.py
L2,sglang,M-L2-prefill-without-absorption,v0.1.5,2024-01-18,0,0,
L2,sglang,M-L2-prefill-without-absorption,v0.1.6,2024-01-21,0,0,
L2,sglang,M-L2-prefill-without-absorption,v0.1.11,2024-02-03,0,0,
L2,sglang,M-L2-prefill-without-absorption,v0.1.12,2024-02-11,0,0,
L2,sglang,M-L2-prefill-without-absorption,v0.1.13,2024-03-11,0,0,
L2,sglang,M-L2-prefill-without-absorption,v0.1.16,2024-05-14,0,0,
L2,sglang,M-L2-prefill-without-absorption,v0.1.17,2024-06-08,0,0,
L2,sglang,M-L2-prefill-without-absorption,v0.1.18,2024-07-04,0,0,
L2,sglang,M-L2-prefill-without-absorption,v0.1.20,2024-07-14,0,0,
L2,sglang,M-L2-prefill-without-absorption,v0.2.0,2024-07-25,0,0,
L2,sglang,M-L2-prefill-without-absorption,v0.2.5,2024-07-26,0,0,
L2,sglang,M-L2-prefill-without-absorption,v0.2.9,2024-08-02,0,0,
L2,sglang,M-L2-prefill-without-absorption,v0.2.13,2024-09-19,0,0,
L2,sglang,M-L2-prefill-without-absorption,v0.3.0,2024-09-19,0,0,
L2,sglang,M-L2-prefill-without-absorption,v0.3.2,2024-10-02,0,0,
L2,sglang,M-L2-prefill-without-absorption,v0.3.4.post1,2024-10-22,0,0,
L2,sglang,M-L2-prefill-without-absorption,v0.3.6,2024-11-22,0,0,
L2,sglang,M-L2-prefill-without-absorption,v0.4.0,2024-12-04,0,0,
L2,sglang,M-L2-prefill-without-absorption,v0.4.1,2024-12-25,1,1,python/sglang/srt/models/deepseek_v2.py
L2,sglang,M-L2-prefill-without-absorption,v0.4.3,2025-02-14,1,1,python/sglang/srt/models/deepseek_v2.py
L2,sglang,M-L2-prefill-without-absorption,v0.4.4,2025-03-13,1,1,python/sglang/srt/models/deepseek_v2.py
L2,sglang,M-L2-prefill-without-absorption,v0.4.5,2025-04-07,1,1,python/sglang/srt/models/deepseek_v2.py
L2,sglang,M-L2-prefill-without-absorption,v0.4.6,2025-04-27,1,1,python/sglang/srt/models/deepseek_v2.py
L2,sglang,M-L2-prefill-without-absorption,v0.4.7,2025-06-11,1,1,python/sglang/srt/models/deepseek_v2.py
L2,sglang,M-L2-prefill-without-absorption,v0.4.8,2025-06-24,1,1,python/sglang/srt/models/deepseek_v2.py
L2,sglang,M-L2-prefill-without-absorption,v0.4.10,2025-07-31,1,1,python/sglang/srt/models/deepseek_v2.py
L2,sglang,M-L2-prefill-without-absorption,v0.5.1,2025-08-23,1,1,python/sglang/srt/models/deepseek_v2.py
L2,sglang,M-L2-prefill-without-absorption,v0.5.2,2025-09-12,1,1,python/sglang/srt/models/deepseek_v2.py
L2,sglang,M-L2-prefill-without-absorption,v0.5.3,2025-10-06,1,1,python/sglang/srt/models/deepseek_v2.py
L2,sglang,M-L2-prefill-without-absorption,v0.5.4,2025-10-26,1,1,python/sglang/srt/models/deepseek_v2.py
L2,sglang,M-L2-prefill-without-absorption,v0.5.5,2025-11-06,1,1,python/sglang/srt/models/deepseek_v2.py
L2,sglang,M-L2-prefill-without-absorption,v0.5.6,2025-12-03,1,1,python/sglang/srt/models/deepseek_v2.py
L2,sglang,M-L2-prefill-without-absorption,v0.5.7,2026-01-01,1,1,python/sglang/srt/models/deepseek_v2.py
L2,sglang,M-L2-prefill-without-absorption,v0.5.8,2026-01-23,1,1,python/sglang/srt/models/deepseek_v2.py
L2,sglang,M-L2-prefill-without-absorption,v0.5.9,2026-02-23,1,1,python/sglang/srt/models/deepseek_v2.py
L2,sglang,M-L2-prefill-without-absorption,v0.5.10,2026-04-06,1,2,python/sglang/srt/models/deepseek_common/attention_forward_methods/forward_mla.py;python/sglang/srt/models/deepseek_v2.py
L2,sglang,M-L2-prefill-without-absorption,v0.5.10.post1,2026-04-08,1,2,python/sglang/srt/models/deepseek_common/attention_forward_methods/forward_mla.py;python/sglang/srt/models/deepseek_v2.py
L2,sglang,M-L2-prefill-without-absorption,v0.5.11,2026-05-05,1,2,python/sglang/srt/models/deepseek_common/attention_forward_methods/forward_mla.py;python/sglang/srt/models/deepseek_v2.py
L2,sglang,M-L2-prefill-without-absorption,v0.5.12,2026-05-16,1,2,python/sglang/srt/models/deepseek_common/attention_forward_methods/forward_mla.py;python/sglang/srt/models/deepseek_v2.py
L2,sglang,M-L2-prefill-without-absorption,v0.5.12.post1,2026-05-23,1,2,python/sglang/srt/models/deepseek_common/attention_forward_methods/forward_mla.py;python/sglang/srt/models/deepseek_v2.py
L2,sglang,M-L2-prefill-without-absorption,v0.5.13,2026-06-11,1,2,python/sglang/srt/models/deepseek_common/attention_forward_methods/forward_mla.py;python/sglang/srt/models/deepseek_v2.py
L2,sglang,M-L2-prefill-without-absorption,v0.5.14,2026-06-26,1,2,python/sglang/srt/models/deepseek_common/attention_forward_methods/forward_mla.py;python/sglang/srt/models/deepseek_v2.py
L2,sglang,M-L2-prefill-without-absorption,v0.5.15,2026-07-10,1,2,python/sglang/srt/models/deepseek_common/attention_forward_methods/forward_mla.py;python/sglang/srt/models/deepseek_v2.py
L2,sglang,M-L2-prefill-without-absorption,v0.5.15.post1,2026-07-14,1,2,python/sglang/srt/models/deepseek_common/attention_forward_methods/forward_mla.py;python/sglang/srt/models/deepseek_v2.py
L2,sglang,M-L2-prefill-without-absorption,v0.5.16,2026-07-24,1,2,python/sglang/srt/models/deepseek_common/attention_forward_methods/forward_mla.py;python/sglang/srt/models/deepseek_v2.py
L2,sglang,M-L2-prefill-without-absorption,v0.5.17,2026-08-07,1,2,python/sglang/srt/models/deepseek_common/attention_forward_methods/forward_mla.py;python/sglang/srt/models/deepseek_v2.py
L2,sglang,M-L2-prefill-without-absorption,v0.5.18,2026-08-21,1,2,python/sglang/srt/models/deepseek_common/attention_forward_methods/forward_mla.py;python/sglang/srt/models/deepseek_v2.py
L2,sglang,M-L2-prefill-without-absorption,v0.5.19,2026-09-04,1,2,python/sglang/srt/models/deepseek_common/attention_forward_methods/forward_mla.py;python/sglang/srt/models/deepseek_v2.py
L2,sglang,M-L2-prefill-without-absorption,v0.5.20,2026-09-18,1,2,python/sglang/srt/models/deepseek_common/attention_forward_methods/forward_mla.py;python/sglang/srt/models/deepseek_v2.py
L2,sglang,M-L2-prefill-without-absorption,CUTOFF,2026-09-28,1,2,python/sglang/srt/models/deepseek_common/attention_forward_methods/forward_mla.py;python/sglang/srt/models/deepseek_v2.py
L2,sglang,M-L2-split-kv-lse-dynamic-decode,v0.1.5,2024-01-18,0,0,
L2,sglang,M-L2-split-kv-lse-dynamic-decode,v0.1.6,2024-01-21,0,0,
L2,sglang,M-L2-split-kv-lse-dynamic-decode,v0.1.11,2024-02-03,0,0,
L2,sglang,M-L2-split-kv-lse-dynamic-decode,v0.1.12,2024-02-11,0,0,
L2,sglang,M-L2-split-kv-lse-dynamic-decode,v0.1.13,2024-03-11,0,0,
L2,sglang,M-L2-split-kv-lse-dynamic-decode,v0.1.16,2024-05-14,0,0,
L2,sglang,M-L2-split-kv-lse-dynamic-decode,v0.1.17,2024-06-08,0,0,
L2,sglang,M-L2-split-kv-lse-dynamic-decode,v0.1.18,2024-07-04,0,0,
L2,sglang,M-L2-split-kv-lse-dynamic-decode,v0.1.20,2024-07-14,0,0,
L2,sglang,M-L2-split-kv-lse-dynamic-decode,v0.2.0,2024-07-25,0,0,
L2,sglang,M-L2-split-kv-lse-dynamic-decode,v0.2.5,2024-07-26,0,0,
L2,sglang,M-L2-split-kv-lse-dynamic-decode,v0.2.9,2024-08-02,0,0,
L2,sglang,M-L2-split-kv-lse-dynamic-decode,v0.2.13,2024-09-19,0,0,
L2,sglang,M-L2-split-kv-lse-dynamic-decode,v0.3.0,2024-09-19,0,0,
L2,sglang,M-L2-split-kv-lse-dynamic-decode,v0.3.2,2024-10-02,0,0,
L2,sglang,M-L2-split-kv-lse-dynamic-decode,v0.3.4.post1,2024-10-22,0,0,
L2,sglang,M-L2-split-kv-lse-dynamic-decode,v0.3.6,2024-11-22,0,0,
L2,sglang,M-L2-split-kv-lse-dynamic-decode,v0.4.0,2024-12-04,0,0,
L2,sglang,M-L2-split-kv-lse-dynamic-decode,v0.4.1,2024-12-25,0,0,
L2,sglang,M-L2-split-kv-lse-dynamic-decode,v0.4.3,2025-02-14,0,0,
L2,sglang,M-L2-split-kv-lse-dynamic-decode,v0.4.4,2025-03-13,0,0,
L2,sglang,M-L2-split-kv-lse-dynamic-decode,v0.4.5,2025-04-07,1,1,python/sglang/srt/layers/attention/triton_ops/decode_attention.py
L2,sglang,M-L2-split-kv-lse-dynamic-decode,v0.4.6,2025-04-27,1,1,python/sglang/srt/layers/attention/triton_ops/decode_attention.py
L2,sglang,M-L2-split-kv-lse-dynamic-decode,v0.4.7,2025-06-11,1,1,python/sglang/srt/layers/attention/triton_ops/decode_attention.py
L2,sglang,M-L2-split-kv-lse-dynamic-decode,v0.4.8,2025-06-24,1,1,python/sglang/srt/layers/attention/triton_ops/decode_attention.py
L2,sglang,M-L2-split-kv-lse-dynamic-decode,v0.4.10,2025-07-31,1,1,python/sglang/srt/layers/attention/triton_ops/decode_attention.py
L2,sglang,M-L2-split-kv-lse-dynamic-decode,v0.5.1,2025-08-23,1,1,python/sglang/srt/layers/attention/triton_ops/decode_attention.py
L2,sglang,M-L2-split-kv-lse-dynamic-decode,v0.5.2,2025-09-12,1,1,python/sglang/srt/layers/attention/triton_ops/decode_attention.py
L2,sglang,M-L2-split-kv-lse-dynamic-decode,v0.5.3,2025-10-06,1,1,python/sglang/srt/layers/attention/triton_ops/decode_attention.py
L2,sglang,M-L2-split-kv-lse-dynamic-decode,v0.5.4,2025-10-26,1,1,python/sglang/srt/layers/attention/triton_ops/decode_attention.py
L2,sglang,M-L2-split-kv-lse-dynamic-decode,v0.5.5,2025-11-06,1,1,python/sglang/srt/layers/attention/triton_ops/decode_attention.py
L2,sglang,M-L2-split-kv-lse-dynamic-decode,v0.5.6,2025-12-03,1,1,python/sglang/srt/layers/attention/triton_ops/decode_attention.py
L2,sglang,M-L2-split-kv-lse-dynamic-decode,v0.5.7,2026-01-01,1,1,python/sglang/srt/layers/attention/triton_ops/decode_attention.py
L2,sglang,M-L2-split-kv-lse-dynamic-decode,v0.5.8,2026-01-23,1,1,python/sglang/srt/layers/attention/triton_ops/decode_attention.py
L2,sglang,M-L2-split-kv-lse-dynamic-decode,v0.5.9,2026-02-23,1,1,python/sglang/srt/layers/attention/triton_ops/decode_attention.py
L2,sglang,M-L2-split-kv-lse-dynamic-decode,v0.5.10,2026-04-06,1,1,python/sglang/srt/layers/attention/triton_ops/decode_attention.py
L2,sglang,M-L2-split-kv-lse-dynamic-decode,v0.5.10.post1,2026-04-08,1,1,python/sglang/srt/layers/attention/triton_ops/decode_attention.py
L2,sglang,M-L2-split-kv-lse-dynamic-decode,v0.5.11,2026-05-05,1,1,python/sglang/srt/layers/attention/triton_ops/decode_attention.py
L2,sglang,M-L2-split-kv-lse-dynamic-decode,v0.5.12,2026-05-16,1,1,python/sglang/srt/layers/attention/triton_ops/decode_attention.py
L2,sglang,M-L2-split-kv-lse-dynamic-decode,v0.5.12.post1,2026-05-23,1,1,python/sglang/srt/layers/attention/triton_ops/decode_attention.py
L2,sglang,M-L2-split-kv-lse-dynamic-decode,v0.5.13,2026-06-11,1,1,python/sglang/srt/layers/attention/triton_ops/decode_attention.py
L2,sglang,M-L2-split-kv-lse-dynamic-decode,v0.5.14,2026-06-26,1,1,python/sglang/srt/layers/attention/triton_ops/decode_attention.py
L2,sglang,M-L2-split-kv-lse-dynamic-decode,v0.5.15,2026-07-10,1,1,python/sglang/srt/layers/attention/triton_ops/decode_attention.py
L2,sglang,M-L2-split-kv-lse-dynamic-decode,v0.5.15.post1,2026-07-14,1,1,python/sglang/srt/layers/attention/triton_ops/decode_attention.py
L2,sglang,M-L2-split-kv-lse-dynamic-decode,v0.5.16,2026-07-24,1,1,python/sglang/kernels/ops/attention/decode_attention.py
L2,sglang,M-L2-split-kv-lse-dynamic-decode,v0.5.17,2026-08-07,1,1,python/sglang/kernels/ops/attention/decode_attention.py
L2,sglang,M-L2-split-kv-lse-dynamic-decode,v0.5.18,2026-08-21,1,1,python/sglang/kernels/ops/attention/decode_attention.py
L2,sglang,M-L2-split-kv-lse-dynamic-decode,v0.5.19,2026-09-04,1,1,python/sglang/kernels/ops/attention/decode_attention.py
L2,sglang,M-L2-split-kv-lse-dynamic-decode,v0.5.20,2026-09-18,1,1,python/sglang/kernels/ops/attention/decode_attention.py
L2,sglang,M-L2-split-kv-lse-dynamic-decode,CUTOFF,2026-09-28,1,1,python/sglang/kernels/ops/attention/decode_attention.py
L2,sglang,M-L2-flashinfer-plan-run-graph,v0.1.5,2024-01-18,0,0,
L2,sglang,M-L2-flashinfer-plan-run-graph,v0.1.6,2024-01-21,0,0,
L2,sglang,M-L2-flashinfer-plan-run-graph,v0.1.11,2024-02-03,0,0,
L2,sglang,M-L2-flashinfer-plan-run-graph,v0.1.12,2024-02-11,0,0,
L2,sglang,M-L2-flashinfer-plan-run-graph,v0.1.13,2024-03-11,0,0,
L2,sglang,M-L2-flashinfer-plan-run-graph,v0.1.16,2024-05-14,0,0,
L2,sglang,M-L2-flashinfer-plan-run-graph,v0.1.17,2024-06-08,0,0,
L2,sglang,M-L2-flashinfer-plan-run-graph,v0.1.18,2024-07-04,0,0,
L2,sglang,M-L2-flashinfer-plan-run-graph,v0.1.20,2024-07-14,0,0,
L2,sglang,M-L2-flashinfer-plan-run-graph,v0.2.0,2024-07-25,0,0,
L2,sglang,M-L2-flashinfer-plan-run-graph,v0.2.5,2024-07-26,0,0,
L2,sglang,M-L2-flashinfer-plan-run-graph,v0.2.9,2024-08-02,0,0,
L2,sglang,M-L2-flashinfer-plan-run-graph,v0.2.13,2024-09-19,0,0,
L2,sglang,M-L2-flashinfer-plan-run-graph,v0.3.0,2024-09-19,0,0,
L2,sglang,M-L2-flashinfer-plan-run-graph,v0.3.2,2024-10-02,0,0,
L2,sglang,M-L2-flashinfer-plan-run-graph,v0.3.4.post1,2024-10-22,0,0,
L2,sglang,M-L2-flashinfer-plan-run-graph,v0.3.6,2024-11-22,0,0,
L2,sglang,M-L2-flashinfer-plan-run-graph,v0.4.0,2024-12-04,0,0,
L2,sglang,M-L2-flashinfer-plan-run-graph,v0.4.1,2024-12-25,0,0,
L2,sglang,M-L2-flashinfer-plan-run-graph,v0.4.3,2025-02-14,0,0,
L2,sglang,M-L2-flashinfer-plan-run-graph,v0.4.4,2025-03-13,1,1,python/sglang/srt/layers/attention/flashinfer_mla_backend.py
L2,sglang,M-L2-flashinfer-plan-run-graph,v0.4.5,2025-04-07,1,1,python/sglang/srt/layers/attention/flashinfer_mla_backend.py
L2,sglang,M-L2-flashinfer-plan-run-graph,v0.4.6,2025-04-27,1,1,python/sglang/srt/layers/attention/flashinfer_mla_backend.py
L2,sglang,M-L2-flashinfer-plan-run-graph,v0.4.7,2025-06-11,1,1,python/sglang/srt/layers/attention/flashinfer_mla_backend.py
L2,sglang,M-L2-flashinfer-plan-run-graph,v0.4.8,2025-06-24,1,1,python/sglang/srt/layers/attention/flashinfer_mla_backend.py
L2,sglang,M-L2-flashinfer-plan-run-graph,v0.4.10,2025-07-31,1,1,python/sglang/srt/layers/attention/flashinfer_mla_backend.py
L2,sglang,M-L2-flashinfer-plan-run-graph,v0.5.1,2025-08-23,1,1,python/sglang/srt/layers/attention/flashinfer_mla_backend.py
L2,sglang,M-L2-flashinfer-plan-run-graph,v0.5.2,2025-09-12,1,1,python/sglang/srt/layers/attention/flashinfer_mla_backend.py
L2,sglang,M-L2-flashinfer-plan-run-graph,v0.5.3,2025-10-06,1,1,python/sglang/srt/layers/attention/flashinfer_mla_backend.py
L2,sglang,M-L2-flashinfer-plan-run-graph,v0.5.4,2025-10-26,1,1,python/sglang/srt/layers/attention/flashinfer_mla_backend.py
L2,sglang,M-L2-flashinfer-plan-run-graph,v0.5.5,2025-11-06,1,1,python/sglang/srt/layers/attention/flashinfer_mla_backend.py
L2,sglang,M-L2-flashinfer-plan-run-graph,v0.5.6,2025-12-03,1,1,python/sglang/srt/layers/attention/flashinfer_mla_backend.py
L2,sglang,M-L2-flashinfer-plan-run-graph,v0.5.7,2026-01-01,1,1,python/sglang/srt/layers/attention/flashinfer_mla_backend.py
L2,sglang,M-L2-flashinfer-plan-run-graph,v0.5.8,2026-01-23,1,1,python/sglang/srt/layers/attention/flashinfer_mla_backend.py
L2,sglang,M-L2-flashinfer-plan-run-graph,v0.5.9,2026-02-23,1,1,python/sglang/srt/layers/attention/flashinfer_mla_backend.py
L2,sglang,M-L2-flashinfer-plan-run-graph,v0.5.10,2026-04-06,1,1,python/sglang/srt/layers/attention/flashinfer_mla_backend.py
L2,sglang,M-L2-flashinfer-plan-run-graph,v0.5.10.post1,2026-04-08,1,1,python/sglang/srt/layers/attention/flashinfer_mla_backend.py
L2,sglang,M-L2-flashinfer-plan-run-graph,v0.5.11,2026-05-05,1,1,python/sglang/srt/layers/attention/flashinfer_mla_backend.py
L2,sglang,M-L2-flashinfer-plan-run-graph,v0.5.12,2026-05-16,1,1,python/sglang/srt/layers/attention/flashinfer_mla_backend.py
L2,sglang,M-L2-flashinfer-plan-run-graph,v0.5.12.post1,2026-05-23,1,1,python/sglang/srt/layers/attention/flashinfer_mla_backend.py
L2,sglang,M-L2-flashinfer-plan-run-graph,v0.5.13,2026-06-11,1,1,python/sglang/srt/layers/attention/flashinfer_mla_backend.py
L2,sglang,M-L2-flashinfer-plan-run-graph,v0.5.14,2026-06-26,1,1,python/sglang/srt/layers/attention/flashinfer_mla_backend.py
L2,sglang,M-L2-flashinfer-plan-run-graph,v0.5.15,2026-07-10,1,1,python/sglang/srt/layers/attention/flashinfer_mla_backend.py
L2,sglang,M-L2-flashinfer-plan-run-graph,v0.5.15.post1,2026-07-14,1,1,python/sglang/srt/layers/attention/flashinfer_mla_backend.py
L2,sglang,M-L2-flashinfer-plan-run-graph,v0.5.16,2026-07-24,1,1,python/sglang/srt/layers/attention/flashinfer_mla_backend.py
L2,sglang,M-L2-flashinfer-plan-run-graph,v0.5.17,2026-08-07,1,1,python/sglang/srt/layers/attention/flashinfer_mla_backend.py
L2,sglang,M-L2-flashinfer-plan-run-graph,v0.5.18,2026-08-21,1,1,python/sglang/srt/layers/attention/flashinfer_mla_backend.py
L2,sglang,M-L2-flashinfer-plan-run-graph,v0.5.19,2026-09-04,1,1,python/sglang/srt/layers/attention/flashinfer_mla_backend.py
L2,sglang,M-L2-flashinfer-plan-run-graph,v0.5.20,2026-09-18,1,1,python/sglang/srt/layers/attention/flashinfer_mla_backend.py
L2,sglang,M-L2-flashinfer-plan-run-graph,CUTOFF,2026-09-28,1,1,python/sglang/srt/layers/attention/flashinfer_mla_backend.py
L2,sglang,M-L2-flashinfer-ragged-prefill,v0.1.5,2024-01-18,0,0,
L2,sglang,M-L2-flashinfer-ragged-prefill,v0.1.6,2024-01-21,0,0,
L2,sglang,M-L2-flashinfer-ragged-prefill,v0.1.11,2024-02-03,0,0,
L2,sglang,M-L2-flashinfer-ragged-prefill,v0.1.12,2024-02-11,0,0,
L2,sglang,M-L2-flashinfer-ragged-prefill,v0.1.13,2024-03-11,0,0,
L2,sglang,M-L2-flashinfer-ragged-prefill,v0.1.16,2024-05-14,0,0,
L2,sglang,M-L2-flashinfer-ragged-prefill,v0.1.17,2024-06-08,0,0,
L2,sglang,M-L2-flashinfer-ragged-prefill,v0.1.18,2024-07-04,0,0,
L2,sglang,M-L2-flashinfer-ragged-prefill,v0.1.20,2024-07-14,0,0,
L2,sglang,M-L2-flashinfer-ragged-prefill,v0.2.0,2024-07-25,0,0,
L2,sglang,M-L2-flashinfer-ragged-prefill,v0.2.5,2024-07-26,0,0,
L2,sglang,M-L2-flashinfer-ragged-prefill,v0.2.9,2024-08-02,0,0,
L2,sglang,M-L2-flashinfer-ragged-prefill,v0.2.13,2024-09-19,0,0,
L2,sglang,M-L2-flashinfer-ragged-prefill,v0.3.0,2024-09-19,0,0,
L2,sglang,M-L2-flashinfer-ragged-prefill,v0.3.2,2024-10-02,0,0,
L2,sglang,M-L2-flashinfer-ragged-prefill,v0.3.4.post1,2024-10-22,0,0,
L2,sglang,M-L2-flashinfer-ragged-prefill,v0.3.6,2024-11-22,0,0,
L2,sglang,M-L2-flashinfer-ragged-prefill,v0.4.0,2024-12-04,0,0,
L2,sglang,M-L2-flashinfer-ragged-prefill,v0.4.1,2024-12-25,0,0,
L2,sglang,M-L2-flashinfer-ragged-prefill,v0.4.3,2025-02-14,0,0,
L2,sglang,M-L2-flashinfer-ragged-prefill,v0.4.4,2025-03-13,1,1,python/sglang/srt/layers/attention/flashinfer_mla_backend.py
L2,sglang,M-L2-flashinfer-ragged-prefill,v0.4.5,2025-04-07,1,1,python/sglang/srt/layers/attention/flashinfer_mla_backend.py
L2,sglang,M-L2-flashinfer-ragged-prefill,v0.4.6,2025-04-27,1,1,python/sglang/srt/layers/attention/flashinfer_mla_backend.py
L2,sglang,M-L2-flashinfer-ragged-prefill,v0.4.7,2025-06-11,1,1,python/sglang/srt/layers/attention/flashinfer_mla_backend.py
L2,sglang,M-L2-flashinfer-ragged-prefill,v0.4.8,2025-06-24,1,1,python/sglang/srt/layers/attention/flashinfer_mla_backend.py
L2,sglang,M-L2-flashinfer-ragged-prefill,v0.4.10,2025-07-31,1,1,python/sglang/srt/layers/attention/flashinfer_mla_backend.py
L2,sglang,M-L2-flashinfer-ragged-prefill,v0.5.1,2025-08-23,1,1,python/sglang/srt/layers/attention/flashinfer_mla_backend.py
L2,sglang,M-L2-flashinfer-ragged-prefill,v0.5.2,2025-09-12,1,1,python/sglang/srt/layers/attention/flashinfer_mla_backend.py
L2,sglang,M-L2-flashinfer-ragged-prefill,v0.5.3,2025-10-06,1,1,python/sglang/srt/layers/attention/flashinfer_mla_backend.py
L2,sglang,M-L2-flashinfer-ragged-prefill,v0.5.4,2025-10-26,1,1,python/sglang/srt/layers/attention/flashinfer_mla_backend.py
L2,sglang,M-L2-flashinfer-ragged-prefill,v0.5.5,2025-11-06,1,1,python/sglang/srt/layers/attention/flashinfer_mla_backend.py
L2,sglang,M-L2-flashinfer-ragged-prefill,v0.5.6,2025-12-03,1,1,python/sglang/srt/layers/attention/flashinfer_mla_backend.py
L2,sglang,M-L2-flashinfer-ragged-prefill,v0.5.7,2026-01-01,1,1,python/sglang/srt/layers/attention/flashinfer_mla_backend.py
L2,sglang,M-L2-flashinfer-ragged-prefill,v0.5.8,2026-01-23,1,1,python/sglang/srt/layers/attention/flashinfer_mla_backend.py
L2,sglang,M-L2-flashinfer-ragged-prefill,v0.5.9,2026-02-23,1,1,python/sglang/srt/layers/attention/flashinfer_mla_backend.py
L2,sglang,M-L2-flashinfer-ragged-prefill,v0.5.10,2026-04-06,1,1,python/sglang/srt/layers/attention/flashinfer_mla_backend.py
L2,sglang,M-L2-flashinfer-ragged-prefill,v0.5.10.post1,2026-04-08,1,1,python/sglang/srt/layers/attention/flashinfer_mla_backend.py
L2,sglang,M-L2-flashinfer-ragged-prefill,v0.5.11,2026-05-05,1,1,python/sglang/srt/layers/attention/flashinfer_mla_backend.py
L2,sglang,M-L2-flashinfer-ragged-prefill,v0.5.12,2026-05-16,1,1,python/sglang/srt/layers/attention/flashinfer_mla_backend.py
L2,sglang,M-L2-flashinfer-ragged-prefill,v0.5.12.post1,2026-05-23,1,1,python/sglang/srt/layers/attention/flashinfer_mla_backend.py
L2,sglang,M-L2-flashinfer-ragged-prefill,v0.5.13,2026-06-11,1,1,python/sglang/srt/layers/attention/flashinfer_mla_backend.py
L2,sglang,M-L2-flashinfer-ragged-prefill,v0.5.14,2026-06-26,1,1,python/sglang/srt/layers/attention/flashinfer_mla_backend.py
L2,sglang,M-L2-flashinfer-ragged-prefill,v0.5.15,2026-07-10,1,1,python/sglang/srt/layers/attention/flashinfer_mla_backend.py
L2,sglang,M-L2-flashinfer-ragged-prefill,v0.5.15.post1,2026-07-14,1,1,python/sglang/srt/layers/attention/flashinfer_mla_backend.py
L2,sglang,M-L2-flashinfer-ragged-prefill,v0.5.16,2026-07-24,1,1,python/sglang/srt/layers/attention/flashinfer_mla_backend.py
L2,sglang,M-L2-flashinfer-ragged-prefill,v0.5.17,2026-08-07,1,1,python/sglang/srt/layers/attention/flashinfer_mla_backend.py
L2,sglang,M-L2-flashinfer-ragged-prefill,v0.5.18,2026-08-21,1,1,python/sglang/srt/layers/attention/flashinfer_mla_backend.py
L2,sglang,M-L2-flashinfer-ragged-prefill,v0.5.19,2026-09-04,1,1,python/sglang/srt/layers/attention/flashinfer_mla_backend.py
L2,sglang,M-L2-flashinfer-ragged-prefill,v0.5.20,2026-09-18,1,1,python/sglang/srt/layers/attention/flashinfer_mla_backend.py
L2,sglang,M-L2-flashinfer-ragged-prefill,CUTOFF,2026-09-28,1,1,python/sglang/srt/layers/attention/flashinfer_mla_backend.py
L2,sglang,M-L2-flashmla-tile-metadata,v0.1.5,2024-01-18,0,0,
L2,sglang,M-L2-flashmla-tile-metadata,v0.1.6,2024-01-21,0,0,
L2,sglang,M-L2-flashmla-tile-metadata,v0.1.11,2024-02-03,0,0,
L2,sglang,M-L2-flashmla-tile-metadata,v0.1.12,2024-02-11,0,0,
L2,sglang,M-L2-flashmla-tile-metadata,v0.1.13,2024-03-11,0,0,
L2,sglang,M-L2-flashmla-tile-metadata,v0.1.16,2024-05-14,0,0,
L2,sglang,M-L2-flashmla-tile-metadata,v0.1.17,2024-06-08,0,0,
L2,sglang,M-L2-flashmla-tile-metadata,v0.1.18,2024-07-04,0,0,
L2,sglang,M-L2-flashmla-tile-metadata,v0.1.20,2024-07-14,0,0,
L2,sglang,M-L2-flashmla-tile-metadata,v0.2.0,2024-07-25,0,0,
L2,sglang,M-L2-flashmla-tile-metadata,v0.2.5,2024-07-26,0,0,
L2,sglang,M-L2-flashmla-tile-metadata,v0.2.9,2024-08-02,0,0,
L2,sglang,M-L2-flashmla-tile-metadata,v0.2.13,2024-09-19,0,0,
L2,sglang,M-L2-flashmla-tile-metadata,v0.3.0,2024-09-19,0,0,
L2,sglang,M-L2-flashmla-tile-metadata,v0.3.2,2024-10-02,0,0,
L2,sglang,M-L2-flashmla-tile-metadata,v0.3.4.post1,2024-10-22,0,0,
L2,sglang,M-L2-flashmla-tile-metadata,v0.3.6,2024-11-22,0,0,
L2,sglang,M-L2-flashmla-tile-metadata,v0.4.0,2024-12-04,0,0,
L2,sglang,M-L2-flashmla-tile-metadata,v0.4.1,2024-12-25,0,0,
L2,sglang,M-L2-flashmla-tile-metadata,v0.4.3,2025-02-14,0,0,
L2,sglang,M-L2-flashmla-tile-metadata,v0.4.4,2025-03-13,0,0,
L2,sglang,M-L2-flashmla-tile-metadata,v0.4.5,2025-04-07,1,1,python/sglang/srt/layers/attention/flashmla_backend.py
L2,sglang,M-L2-flashmla-tile-metadata,v0.4.6,2025-04-27,1,1,python/sglang/srt/layers/attention/flashmla_backend.py
L2,sglang,M-L2-flashmla-tile-metadata,v0.4.7,2025-06-11,1,1,python/sglang/srt/layers/attention/flashmla_backend.py
L2,sglang,M-L2-flashmla-tile-metadata,v0.4.8,2025-06-24,1,1,python/sglang/srt/layers/attention/flashmla_backend.py
L2,sglang,M-L2-flashmla-tile-metadata,v0.4.10,2025-07-31,1,1,python/sglang/srt/layers/attention/flashmla_backend.py
L2,sglang,M-L2-flashmla-tile-metadata,v0.5.1,2025-08-23,1,1,python/sglang/srt/layers/attention/flashmla_backend.py
L2,sglang,M-L2-flashmla-tile-metadata,v0.5.2,2025-09-12,1,1,python/sglang/srt/layers/attention/flashmla_backend.py
L2,sglang,M-L2-flashmla-tile-metadata,v0.5.3,2025-10-06,1,1,python/sglang/srt/layers/attention/flashmla_backend.py
L2,sglang,M-L2-flashmla-tile-metadata,v0.5.4,2025-10-26,1,1,python/sglang/srt/layers/attention/flashmla_backend.py
L2,sglang,M-L2-flashmla-tile-metadata,v0.5.5,2025-11-06,1,1,python/sglang/srt/layers/attention/flashmla_backend.py
L2,sglang,M-L2-flashmla-tile-metadata,v0.5.6,2025-12-03,1,1,python/sglang/srt/layers/attention/flashmla_backend.py
L2,sglang,M-L2-flashmla-tile-metadata,v0.5.7,2026-01-01,1,1,python/sglang/srt/layers/attention/flashmla_backend.py
L2,sglang,M-L2-flashmla-tile-metadata,v0.5.8,2026-01-23,1,1,python/sglang/srt/layers/attention/flashmla_backend.py
L2,sglang,M-L2-flashmla-tile-metadata,v0.5.9,2026-02-23,1,1,python/sglang/srt/layers/attention/flashmla_backend.py
L2,sglang,M-L2-flashmla-tile-metadata,v0.5.10,2026-04-06,1,1,python/sglang/srt/layers/attention/flashmla_backend.py
L2,sglang,M-L2-flashmla-tile-metadata,v0.5.10.post1,2026-04-08,1,1,python/sglang/srt/layers/attention/flashmla_backend.py
L2,sglang,M-L2-flashmla-tile-metadata,v0.5.11,2026-05-05,1,1,python/sglang/srt/layers/attention/flashmla_backend.py
L2,sglang,M-L2-flashmla-tile-metadata,v0.5.12,2026-05-16,1,1,python/sglang/srt/layers/attention/flashmla_backend.py
L2,sglang,M-L2-flashmla-tile-metadata,v0.5.12.post1,2026-05-23,1,1,python/sglang/srt/layers/attention/flashmla_backend.py
L2,sglang,M-L2-flashmla-tile-metadata,v0.5.13,2026-06-11,1,1,python/sglang/srt/layers/attention/flashmla_backend.py
L2,sglang,M-L2-flashmla-tile-metadata,v0.5.14,2026-06-26,1,1,python/sglang/srt/layers/attention/flashmla_backend.py
L2,sglang,M-L2-flashmla-tile-metadata,v0.5.15,2026-07-10,1,1,python/sglang/srt/layers/attention/flashmla_backend.py
L2,sglang,M-L2-flashmla-tile-metadata,v0.5.15.post1,2026-07-14,1,1,python/sglang/srt/layers/attention/flashmla_backend.py
L2,sglang,M-L2-flashmla-tile-metadata,v0.5.16,2026-07-24,1,1,python/sglang/srt/layers/attention/flashmla_backend.py
L2,sglang,M-L2-flashmla-tile-metadata,v0.5.17,2026-08-07,1,1,python/sglang/srt/layers/attention/flashmla_backend.py
L2,sglang,M-L2-flashmla-tile-metadata,v0.5.18,2026-08-21,1,1,python/sglang/srt/layers/attention/flashmla_backend.py
L2,sglang,M-L2-flashmla-tile-metadata,v0.5.19,2026-09-04,1,1,python/sglang/srt/layers/attention/flashmla_backend.py
L2,sglang,M-L2-flashmla-tile-metadata,v0.5.20,2026-09-18,1,1,python/sglang/srt/layers/attention/flashmla_backend.py
L2,sglang,M-L2-flashmla-tile-metadata,CUTOFF,2026-09-28,1,1,python/sglang/srt/layers/attention/flashmla_backend.py
L2,sglang,M-L2-paged-latent-kv-fused-writes,v0.1.5,2024-01-18,0,0,
L2,sglang,M-L2-paged-latent-kv-fused-writes,v0.1.6,2024-01-21,0,0,
L2,sglang,M-L2-paged-latent-kv-fused-writes,v0.1.11,2024-02-03,0,0,
L2,sglang,M-L2-paged-latent-kv-fused-writes,v0.1.12,2024-02-11,0,0,
L2,sglang,M-L2-paged-latent-kv-fused-writes,v0.1.13,2024-03-11,0,0,
L2,sglang,M-L2-paged-latent-kv-fused-writes,v0.1.16,2024-05-14,0,0,
L2,sglang,M-L2-paged-latent-kv-fused-writes,v0.1.17,2024-06-08,0,0,
L2,sglang,M-L2-paged-latent-kv-fused-writes,v0.1.18,2024-07-04,0,0,
L2,sglang,M-L2-paged-latent-kv-fused-writes,v0.1.20,2024-07-14,0,0,
L2,sglang,M-L2-paged-latent-kv-fused-writes,v0.2.0,2024-07-25,0,0,
L2,sglang,M-L2-paged-latent-kv-fused-writes,v0.2.5,2024-07-26,0,0,
L2,sglang,M-L2-paged-latent-kv-fused-writes,v0.2.9,2024-08-02,0,0,
L2,sglang,M-L2-paged-latent-kv-fused-writes,v0.2.13,2024-09-19,1,1,python/sglang/srt/mem_cache/memory_pool.py
L2,sglang,M-L2-paged-latent-kv-fused-writes,v0.3.0,2024-09-19,1,1,python/sglang/srt/mem_cache/memory_pool.py
L2,sglang,M-L2-paged-latent-kv-fused-writes,v0.3.2,2024-10-02,1,1,python/sglang/srt/mem_cache/memory_pool.py
L2,sglang,M-L2-paged-latent-kv-fused-writes,v0.3.4.post1,2024-10-22,1,1,python/sglang/srt/mem_cache/memory_pool.py
L2,sglang,M-L2-paged-latent-kv-fused-writes,v0.3.6,2024-11-22,1,1,python/sglang/srt/mem_cache/memory_pool.py
L2,sglang,M-L2-paged-latent-kv-fused-writes,v0.4.0,2024-12-04,1,1,python/sglang/srt/mem_cache/memory_pool.py
L2,sglang,M-L2-paged-latent-kv-fused-writes,v0.4.1,2024-12-25,1,1,python/sglang/srt/mem_cache/memory_pool.py
L2,sglang,M-L2-paged-latent-kv-fused-writes,v0.4.3,2025-02-14,1,1,python/sglang/srt/mem_cache/memory_pool.py
L2,sglang,M-L2-paged-latent-kv-fused-writes,v0.4.4,2025-03-13,1,1,python/sglang/srt/mem_cache/memory_pool.py
L2,sglang,M-L2-paged-latent-kv-fused-writes,v0.4.5,2025-04-07,1,1,python/sglang/srt/mem_cache/memory_pool.py
L2,sglang,M-L2-paged-latent-kv-fused-writes,v0.4.6,2025-04-27,1,1,python/sglang/srt/mem_cache/memory_pool.py
L2,sglang,M-L2-paged-latent-kv-fused-writes,v0.4.7,2025-06-11,1,1,python/sglang/srt/mem_cache/memory_pool.py
L2,sglang,M-L2-paged-latent-kv-fused-writes,v0.4.8,2025-06-24,1,1,python/sglang/srt/mem_cache/memory_pool.py
L2,sglang,M-L2-paged-latent-kv-fused-writes,v0.4.10,2025-07-31,1,1,python/sglang/srt/mem_cache/memory_pool.py
L2,sglang,M-L2-paged-latent-kv-fused-writes,v0.5.1,2025-08-23,1,1,python/sglang/srt/mem_cache/memory_pool.py
L2,sglang,M-L2-paged-latent-kv-fused-writes,v0.5.2,2025-09-12,1,1,python/sglang/srt/mem_cache/memory_pool.py
L2,sglang,M-L2-paged-latent-kv-fused-writes,v0.5.3,2025-10-06,1,1,python/sglang/srt/mem_cache/memory_pool.py
L2,sglang,M-L2-paged-latent-kv-fused-writes,v0.5.4,2025-10-26,1,1,python/sglang/srt/mem_cache/memory_pool.py
L2,sglang,M-L2-paged-latent-kv-fused-writes,v0.5.5,2025-11-06,1,1,python/sglang/srt/mem_cache/memory_pool.py
L2,sglang,M-L2-paged-latent-kv-fused-writes,v0.5.6,2025-12-03,1,1,python/sglang/srt/mem_cache/memory_pool.py
L2,sglang,M-L2-paged-latent-kv-fused-writes,v0.5.7,2026-01-01,1,1,python/sglang/srt/mem_cache/memory_pool.py
L2,sglang,M-L2-paged-latent-kv-fused-writes,v0.5.8,2026-01-23,1,1,python/sglang/srt/mem_cache/memory_pool.py
L2,sglang,M-L2-paged-latent-kv-fused-writes,v0.5.9,2026-02-23,1,1,python/sglang/srt/mem_cache/memory_pool.py
L2,sglang,M-L2-paged-latent-kv-fused-writes,v0.5.10,2026-04-06,1,1,python/sglang/srt/mem_cache/memory_pool.py
L2,sglang,M-L2-paged-latent-kv-fused-writes,v0.5.10.post1,2026-04-08,1,1,python/sglang/srt/mem_cache/memory_pool.py
L2,sglang,M-L2-paged-latent-kv-fused-writes,v0.5.11,2026-05-05,1,1,python/sglang/srt/mem_cache/memory_pool.py
L2,sglang,M-L2-paged-latent-kv-fused-writes,v0.5.12,2026-05-16,1,1,python/sglang/srt/mem_cache/memory_pool.py
L2,sglang,M-L2-paged-latent-kv-fused-writes,v0.5.12.post1,2026-05-23,1,1,python/sglang/srt/mem_cache/memory_pool.py
L2,sglang,M-L2-paged-latent-kv-fused-writes,v0.5.13,2026-06-11,1,1,python/sglang/srt/mem_cache/memory_pool.py
L2,sglang,M-L2-paged-latent-kv-fused-writes,v0.5.14,2026-06-26,1,1,python/sglang/srt/mem_cache/memory_pool.py
L2,sglang,M-L2-paged-latent-kv-fused-writes,v0.5.15,2026-07-10,1,1,python/sglang/srt/mem_cache/memory_pool.py
L2,sglang,M-L2-paged-latent-kv-fused-writes,v0.5.15.post1,2026-07-14,1,1,python/sglang/srt/mem_cache/memory_pool.py
L2,sglang,M-L2-paged-latent-kv-fused-writes,v0.5.16,2026-07-24,1,2,python/sglang/kernels/ops/kvcache/mla_buffer.py;python/sglang/srt/mem_cache/memory_pool.py
L2,sglang,M-L2-paged-latent-kv-fused-writes,v0.5.17,2026-08-07,1,2,python/sglang/kernels/ops/kvcache/mla_buffer.py;python/sglang/srt/mem_cache/memory_pool.py
L2,sglang,M-L2-paged-latent-kv-fused-writes,v0.5.18,2026-08-21,1,2,python/sglang/kernels/ops/kvcache/mla_buffer.py;python/sglang/srt/mem_cache/memory_pool.py
L2,sglang,M-L2-paged-latent-kv-fused-writes,v0.5.19,2026-09-04,1,2,python/sglang/kernels/ops/kvcache/mla_buffer.py;python/sglang/srt/mem_cache/memory_pool.py
L2,sglang,M-L2-paged-latent-kv-fused-writes,v0.5.20,2026-09-18,1,2,python/sglang/kernels/ops/kvcache/mla_buffer.py;python/sglang/srt/mem_cache/memory_pool.py
L2,sglang,M-L2-paged-latent-kv-fused-writes,CUTOFF,2026-09-28,1,2,python/sglang/kernels/ops/kvcache/mla_buffer.py;python/sglang/srt/mem_cache/memory_pool.py
L2,sglang,M-L2-fa3-hopper-mla,v0.1.5,2024-01-18,0,0,
L2,sglang,M-L2-fa3-hopper-mla,v0.1.6,2024-01-21,0,0,
L2,sglang,M-L2-fa3-hopper-mla,v0.1.11,2024-02-03,0,0,
L2,sglang,M-L2-fa3-hopper-mla,v0.1.12,2024-02-11,0,0,
L2,sglang,M-L2-fa3-hopper-mla,v0.1.13,2024-03-11,0,0,
L2,sglang,M-L2-fa3-hopper-mla,v0.1.16,2024-05-14,0,0,
L2,sglang,M-L2-fa3-hopper-mla,v0.1.17,2024-06-08,0,0,
L2,sglang,M-L2-fa3-hopper-mla,v0.1.18,2024-07-04,0,0,
L2,sglang,M-L2-fa3-hopper-mla,v0.1.20,2024-07-14,0,0,
L2,sglang,M-L2-fa3-hopper-mla,v0.2.0,2024-07-25,0,0,
L2,sglang,M-L2-fa3-hopper-mla,v0.2.5,2024-07-26,0,0,
L2,sglang,M-L2-fa3-hopper-mla,v0.2.9,2024-08-02,0,0,
L2,sglang,M-L2-fa3-hopper-mla,v0.2.13,2024-09-19,0,0,
L2,sglang,M-L2-fa3-hopper-mla,v0.3.0,2024-09-19,0,0,
L2,sglang,M-L2-fa3-hopper-mla,v0.3.2,2024-10-02,0,0,
L2,sglang,M-L2-fa3-hopper-mla,v0.3.4.post1,2024-10-22,0,0,
L2,sglang,M-L2-fa3-hopper-mla,v0.3.6,2024-11-22,0,0,
L2,sglang,M-L2-fa3-hopper-mla,v0.4.0,2024-12-04,0,0,
L2,sglang,M-L2-fa3-hopper-mla,v0.4.1,2024-12-25,0,0,
L2,sglang,M-L2-fa3-hopper-mla,v0.4.3,2025-02-14,0,0,
L2,sglang,M-L2-fa3-hopper-mla,v0.4.4,2025-03-13,0,0,
L2,sglang,M-L2-fa3-hopper-mla,v0.4.5,2025-04-07,0,0,
L2,sglang,M-L2-fa3-hopper-mla,v0.4.6,2025-04-27,1,1,python/sglang/srt/model_executor/model_runner.py
L2,sglang,M-L2-fa3-hopper-mla,v0.4.7,2025-06-11,1,1,python/sglang/srt/model_executor/model_runner.py
L2,sglang,M-L2-fa3-hopper-mla,v0.4.8,2025-06-24,1,1,python/sglang/srt/model_executor/model_runner.py
L2,sglang,M-L2-fa3-hopper-mla,v0.4.10,2025-07-31,1,1,python/sglang/srt/model_executor/model_runner.py
L2,sglang,M-L2-fa3-hopper-mla,v0.5.1,2025-08-23,1,1,python/sglang/srt/model_executor/model_runner.py
L2,sglang,M-L2-fa3-hopper-mla,v0.5.2,2025-09-12,1,1,python/sglang/srt/model_executor/model_runner.py
L2,sglang,M-L2-fa3-hopper-mla,v0.5.3,2025-10-06,1,1,python/sglang/srt/model_executor/model_runner.py
L2,sglang,M-L2-fa3-hopper-mla,v0.5.4,2025-10-26,1,1,python/sglang/srt/model_executor/model_runner.py
L2,sglang,M-L2-fa3-hopper-mla,v0.5.5,2025-11-06,0,0,
L2,sglang,M-L2-fa3-hopper-mla,v0.5.6,2025-12-03,0,0,
L2,sglang,M-L2-fa3-hopper-mla,v0.5.7,2026-01-01,0,0,
L2,sglang,M-L2-fa3-hopper-mla,v0.5.8,2026-01-23,0,0,
L2,sglang,M-L2-fa3-hopper-mla,v0.5.9,2026-02-23,0,0,
L2,sglang,M-L2-fa3-hopper-mla,v0.5.10,2026-04-06,0,0,
L2,sglang,M-L2-fa3-hopper-mla,v0.5.10.post1,2026-04-08,0,0,
L2,sglang,M-L2-fa3-hopper-mla,v0.5.11,2026-05-05,0,0,
L2,sglang,M-L2-fa3-hopper-mla,v0.5.12,2026-05-16,0,0,
L2,sglang,M-L2-fa3-hopper-mla,v0.5.12.post1,2026-05-23,0,0,
L2,sglang,M-L2-fa3-hopper-mla,v0.5.13,2026-06-11,0,0,
L2,sglang,M-L2-fa3-hopper-mla,v0.5.14,2026-06-26,0,0,
L2,sglang,M-L2-fa3-hopper-mla,v0.5.15,2026-07-10,0,0,
L2,sglang,M-L2-fa3-hopper-mla,v0.5.15.post1,2026-07-14,0,0,
L2,sglang,M-L2-fa3-hopper-mla,v0.5.16,2026-07-24,0,0,
L2,sglang,M-L2-fa3-hopper-mla,v0.5.17,2026-08-07,0,0,
L2,sglang,M-L2-fa3-hopper-mla,v0.5.18,2026-08-21,0,0,
L2,sglang,M-L2-fa3-hopper-mla,v0.5.19,2026-09-04,0,0,
L2,sglang,M-L2-fa3-hopper-mla,v0.5.20,2026-09-18,0,0,
L2,sglang,M-L2-fa3-hopper-mla,CUTOFF,2026-09-28,0,0,
L2,sglang,M-L2-rocm-fused-rope-decode,v0.1.5,2024-01-18,0,0,
L2,sglang,M-L2-rocm-fused-rope-decode,v0.1.6,2024-01-21,0,0,
L2,sglang,M-L2-rocm-fused-rope-decode,v0.1.11,2024-02-03,0,0,
L2,sglang,M-L2-rocm-fused-rope-decode,v0.1.12,2024-02-11,0,0,
L2,sglang,M-L2-rocm-fused-rope-decode,v0.1.13,2024-03-11,0,0,
L2,sglang,M-L2-rocm-fused-rope-decode,v0.1.16,2024-05-14,0,0,
L2,sglang,M-L2-rocm-fused-rope-decode,v0.1.17,2024-06-08,0,0,
L2,sglang,M-L2-rocm-fused-rope-decode,v0.1.18,2024-07-04,0,0,
L2,sglang,M-L2-rocm-fused-rope-decode,v0.1.20,2024-07-14,0,0,
L2,sglang,M-L2-rocm-fused-rope-decode,v0.2.0,2024-07-25,0,0,
L2,sglang,M-L2-rocm-fused-rope-decode,v0.2.5,2024-07-26,0,0,
L2,sglang,M-L2-rocm-fused-rope-decode,v0.2.9,2024-08-02,0,0,
L2,sglang,M-L2-rocm-fused-rope-decode,v0.2.13,2024-09-19,0,0,
L2,sglang,M-L2-rocm-fused-rope-decode,v0.3.0,2024-09-19,0,0,
L2,sglang,M-L2-rocm-fused-rope-decode,v0.3.2,2024-10-02,0,0,
L2,sglang,M-L2-rocm-fused-rope-decode,v0.3.4.post1,2024-10-22,0,0,
L2,sglang,M-L2-rocm-fused-rope-decode,v0.3.6,2024-11-22,0,0,
L2,sglang,M-L2-rocm-fused-rope-decode,v0.4.0,2024-12-04,0,0,
L2,sglang,M-L2-rocm-fused-rope-decode,v0.4.1,2024-12-25,0,0,
L2,sglang,M-L2-rocm-fused-rope-decode,v0.4.3,2025-02-14,0,0,
L2,sglang,M-L2-rocm-fused-rope-decode,v0.4.4,2025-03-13,1,1,python/sglang/srt/layers/attention/triton_ops/rocm_mla_decode_rope.py
L2,sglang,M-L2-rocm-fused-rope-decode,v0.4.5,2025-04-07,1,1,python/sglang/srt/layers/attention/triton_ops/rocm_mla_decode_rope.py
L2,sglang,M-L2-rocm-fused-rope-decode,v0.4.6,2025-04-27,1,1,python/sglang/srt/layers/attention/triton_ops/rocm_mla_decode_rope.py
L2,sglang,M-L2-rocm-fused-rope-decode,v0.4.7,2025-06-11,1,1,python/sglang/srt/layers/attention/triton_ops/rocm_mla_decode_rope.py
L2,sglang,M-L2-rocm-fused-rope-decode,v0.4.8,2025-06-24,1,1,python/sglang/srt/layers/attention/triton_ops/rocm_mla_decode_rope.py
L2,sglang,M-L2-rocm-fused-rope-decode,v0.4.10,2025-07-31,1,1,python/sglang/srt/layers/attention/triton_ops/rocm_mla_decode_rope.py
L2,sglang,M-L2-rocm-fused-rope-decode,v0.5.1,2025-08-23,1,1,python/sglang/srt/layers/attention/triton_ops/rocm_mla_decode_rope.py
L2,sglang,M-L2-rocm-fused-rope-decode,v0.5.2,2025-09-12,1,1,python/sglang/srt/layers/attention/triton_ops/rocm_mla_decode_rope.py
L2,sglang,M-L2-rocm-fused-rope-decode,v0.5.3,2025-10-06,1,1,python/sglang/srt/layers/attention/triton_ops/rocm_mla_decode_rope.py
L2,sglang,M-L2-rocm-fused-rope-decode,v0.5.4,2025-10-26,1,1,python/sglang/srt/layers/attention/triton_ops/rocm_mla_decode_rope.py
L2,sglang,M-L2-rocm-fused-rope-decode,v0.5.5,2025-11-06,1,1,python/sglang/srt/layers/attention/triton_ops/rocm_mla_decode_rope.py
L2,sglang,M-L2-rocm-fused-rope-decode,v0.5.6,2025-12-03,1,1,python/sglang/srt/layers/attention/triton_ops/rocm_mla_decode_rope.py
L2,sglang,M-L2-rocm-fused-rope-decode,v0.5.7,2026-01-01,1,1,python/sglang/srt/layers/attention/triton_ops/rocm_mla_decode_rope.py
L2,sglang,M-L2-rocm-fused-rope-decode,v0.5.8,2026-01-23,1,1,python/sglang/srt/layers/attention/triton_ops/rocm_mla_decode_rope.py
L2,sglang,M-L2-rocm-fused-rope-decode,v0.5.9,2026-02-23,1,1,python/sglang/srt/layers/attention/triton_ops/rocm_mla_decode_rope.py
L2,sglang,M-L2-rocm-fused-rope-decode,v0.5.10,2026-04-06,1,1,python/sglang/srt/layers/attention/triton_ops/rocm_mla_decode_rope.py
L2,sglang,M-L2-rocm-fused-rope-decode,v0.5.10.post1,2026-04-08,1,1,python/sglang/srt/layers/attention/triton_ops/rocm_mla_decode_rope.py
L2,sglang,M-L2-rocm-fused-rope-decode,v0.5.11,2026-05-05,1,1,python/sglang/srt/layers/attention/triton_ops/rocm_mla_decode_rope.py
L2,sglang,M-L2-rocm-fused-rope-decode,v0.5.12,2026-05-16,1,1,python/sglang/srt/layers/attention/triton_ops/rocm_mla_decode_rope.py
L2,sglang,M-L2-rocm-fused-rope-decode,v0.5.12.post1,2026-05-23,1,1,python/sglang/srt/layers/attention/triton_ops/rocm_mla_decode_rope.py
L2,sglang,M-L2-rocm-fused-rope-decode,v0.5.13,2026-06-11,1,1,python/sglang/srt/layers/attention/triton_ops/rocm_mla_decode_rope.py
L2,sglang,M-L2-rocm-fused-rope-decode,v0.5.14,2026-06-26,1,1,python/sglang/srt/layers/attention/triton_ops/rocm_mla_decode_rope.py
L2,sglang,M-L2-rocm-fused-rope-decode,v0.5.15,2026-07-10,1,1,python/sglang/srt/layers/attention/triton_ops/rocm_mla_decode_rope.py
L2,sglang,M-L2-rocm-fused-rope-decode,v0.5.15.post1,2026-07-14,1,1,python/sglang/srt/layers/attention/triton_ops/rocm_mla_decode_rope.py
L2,sglang,M-L2-rocm-fused-rope-decode,v0.5.16,2026-07-24,1,1,python/sglang/kernels/ops/attention/rocm_mla_decode_rope.py
L2,sglang,M-L2-rocm-fused-rope-decode,v0.5.17,2026-08-07,1,1,python/sglang/kernels/ops/attention/rocm_mla_decode_rope.py
L2,sglang,M-L2-rocm-fused-rope-decode,v0.5.18,2026-08-21,1,1,python/sglang/kernels/ops/attention/rocm_mla_decode_rope.py
L2,sglang,M-L2-rocm-fused-rope-decode,v0.5.19,2026-09-04,1,1,python/sglang/kernels/ops/attention/rocm_mla_decode_rope.py
L2,sglang,M-L2-rocm-fused-rope-decode,v0.5.20,2026-09-18,1,1,python/sglang/kernels/ops/attention/rocm_mla_decode_rope.py
L2,sglang,M-L2-rocm-fused-rope-decode,CUTOFF,2026-09-28,1,1,python/sglang/kernels/ops/attention/rocm_mla_decode_rope.py
L2,sglang,M-L2-cutlass-sm100-persistent-mla,v0.1.5,2024-01-18,0,0,
L2,sglang,M-L2-cutlass-sm100-persistent-mla,v0.1.6,2024-01-21,0,0,
L2,sglang,M-L2-cutlass-sm100-persistent-mla,v0.1.11,2024-02-03,0,0,
L2,sglang,M-L2-cutlass-sm100-persistent-mla,v0.1.12,2024-02-11,0,0,
L2,sglang,M-L2-cutlass-sm100-persistent-mla,v0.1.13,2024-03-11,0,0,
L2,sglang,M-L2-cutlass-sm100-persistent-mla,v0.1.16,2024-05-14,0,0,
L2,sglang,M-L2-cutlass-sm100-persistent-mla,v0.1.17,2024-06-08,0,0,
L2,sglang,M-L2-cutlass-sm100-persistent-mla,v0.1.18,2024-07-04,0,0,
L2,sglang,M-L2-cutlass-sm100-persistent-mla,v0.1.20,2024-07-14,0,0,
L2,sglang,M-L2-cutlass-sm100-persistent-mla,v0.2.0,2024-07-25,0,0,
L2,sglang,M-L2-cutlass-sm100-persistent-mla,v0.2.5,2024-07-26,0,0,
L2,sglang,M-L2-cutlass-sm100-persistent-mla,v0.2.9,2024-08-02,0,0,
L2,sglang,M-L2-cutlass-sm100-persistent-mla,v0.2.13,2024-09-19,0,0,
L2,sglang,M-L2-cutlass-sm100-persistent-mla,v0.3.0,2024-09-19,0,0,
L2,sglang,M-L2-cutlass-sm100-persistent-mla,v0.3.2,2024-10-02,0,0,
L2,sglang,M-L2-cutlass-sm100-persistent-mla,v0.3.4.post1,2024-10-22,0,0,
L2,sglang,M-L2-cutlass-sm100-persistent-mla,v0.3.6,2024-11-22,0,0,
L2,sglang,M-L2-cutlass-sm100-persistent-mla,v0.4.0,2024-12-04,0,0,
L2,sglang,M-L2-cutlass-sm100-persistent-mla,v0.4.1,2024-12-25,0,0,
L2,sglang,M-L2-cutlass-sm100-persistent-mla,v0.4.3,2025-02-14,0,0,
L2,sglang,M-L2-cutlass-sm100-persistent-mla,v0.4.4,2025-03-13,0,0,
L2,sglang,M-L2-cutlass-sm100-persistent-mla,v0.4.5,2025-04-07,0,0,
L2,sglang,M-L2-cutlass-sm100-persistent-mla,v0.4.6,2025-04-27,1,1,sgl-kernel/csrc/attention/cutlass_mla_kernel.cu
L2,sglang,M-L2-cutlass-sm100-persistent-mla,v0.4.7,2025-06-11,1,1,sgl-kernel/csrc/attention/cutlass_mla_kernel.cu
L2,sglang,M-L2-cutlass-sm100-persistent-mla,v0.4.8,2025-06-24,1,1,sgl-kernel/csrc/attention/cutlass_mla_kernel.cu
L2,sglang,M-L2-cutlass-sm100-persistent-mla,v0.4.10,2025-07-31,1,1,sgl-kernel/csrc/attention/cutlass_mla_kernel.cu
L2,sglang,M-L2-cutlass-sm100-persistent-mla,v0.5.1,2025-08-23,1,1,sgl-kernel/csrc/attention/cutlass_mla_kernel.cu
L2,sglang,M-L2-cutlass-sm100-persistent-mla,v0.5.2,2025-09-12,1,1,sgl-kernel/csrc/attention/cutlass_mla_kernel.cu
L2,sglang,M-L2-cutlass-sm100-persistent-mla,v0.5.3,2025-10-06,1,1,sgl-kernel/csrc/attention/cutlass_mla_kernel.cu
L2,sglang,M-L2-cutlass-sm100-persistent-mla,v0.5.4,2025-10-26,1,1,sgl-kernel/csrc/attention/cutlass_mla_kernel.cu
L2,sglang,M-L2-cutlass-sm100-persistent-mla,v0.5.5,2025-11-06,1,1,sgl-kernel/csrc/attention/cutlass_mla_kernel.cu
L2,sglang,M-L2-cutlass-sm100-persistent-mla,v0.5.6,2025-12-03,1,1,sgl-kernel/csrc/attention/cutlass_mla_kernel.cu
L2,sglang,M-L2-cutlass-sm100-persistent-mla,v0.5.7,2026-01-01,1,1,sgl-kernel/csrc/attention/cutlass_mla_kernel.cu
L2,sglang,M-L2-cutlass-sm100-persistent-mla,v0.5.8,2026-01-23,1,1,sgl-kernel/csrc/attention/cutlass_mla_kernel.cu
L2,sglang,M-L2-cutlass-sm100-persistent-mla,v0.5.9,2026-02-23,1,1,sgl-kernel/csrc/attention/cutlass_mla_kernel.cu
L2,sglang,M-L2-cutlass-sm100-persistent-mla,v0.5.10,2026-04-06,1,1,sgl-kernel/csrc/attention/cutlass_mla_kernel.cu
L2,sglang,M-L2-cutlass-sm100-persistent-mla,v0.5.10.post1,2026-04-08,1,1,sgl-kernel/csrc/attention/cutlass_mla_kernel.cu
L2,sglang,M-L2-cutlass-sm100-persistent-mla,v0.5.11,2026-05-05,1,1,sgl-kernel/csrc/attention/cutlass_mla_kernel.cu
L2,sglang,M-L2-cutlass-sm100-persistent-mla,v0.5.12,2026-05-16,1,1,sgl-kernel/csrc/attention/cutlass_mla_kernel.cu
L2,sglang,M-L2-cutlass-sm100-persistent-mla,v0.5.12.post1,2026-05-23,1,1,sgl-kernel/csrc/attention/cutlass_mla_kernel.cu
L2,sglang,M-L2-cutlass-sm100-persistent-mla,v0.5.13,2026-06-11,1,1,sgl-kernel/csrc/attention/cutlass_mla_kernel.cu
L2,sglang,M-L2-cutlass-sm100-persistent-mla,v0.5.14,2026-06-26,1,1,sgl-kernel/csrc/attention/cutlass_mla_kernel.cu
L2,sglang,M-L2-cutlass-sm100-persistent-mla,v0.5.15,2026-07-10,1,1,sgl-kernel/csrc/attention/cutlass_mla_kernel.cu
L2,sglang,M-L2-cutlass-sm100-persistent-mla,v0.5.15.post1,2026-07-14,1,1,sgl-kernel/csrc/attention/cutlass_mla_kernel.cu
L2,sglang,M-L2-cutlass-sm100-persistent-mla,v0.5.16,2026-07-24,1,1,sgl-kernel/csrc/attention/cutlass_mla_kernel.cu
L2,sglang,M-L2-cutlass-sm100-persistent-mla,v0.5.17,2026-08-07,1,1,python/sglang/kernels/aot/csrc/attention/cutlass_mla_kernel.cu
L2,sglang,M-L2-cutlass-sm100-persistent-mla,v0.5.18,2026-08-21,1,1,python/sglang/kernels/aot/csrc/attention/cutlass_mla_kernel.cu
L2,sglang,M-L2-cutlass-sm100-persistent-mla,v0.5.19,2026-09-04,1,1,python/sglang/kernels/aot/csrc/attention/cutlass_mla_kernel.cu
L2,sglang,M-L2-cutlass-sm100-persistent-mla,v0.5.20,2026-09-18,0,0,
L2,sglang,M-L2-cutlass-sm100-persistent-mla,CUTOFF,2026-09-28,0,0,
L2,sglang,M-L2-trtllm-gen-mla-flashinfer,v0.1.5,2024-01-18,0,0,
L2,sglang,M-L2-trtllm-gen-mla-flashinfer,v0.1.6,2024-01-21,0,0,
L2,sglang,M-L2-trtllm-gen-mla-flashinfer,v0.1.11,2024-02-03,0,0,
L2,sglang,M-L2-trtllm-gen-mla-flashinfer,v0.1.12,2024-02-11,0,0,
L2,sglang,M-L2-trtllm-gen-mla-flashinfer,v0.1.13,2024-03-11,0,0,
L2,sglang,M-L2-trtllm-gen-mla-flashinfer,v0.1.16,2024-05-14,0,0,
L2,sglang,M-L2-trtllm-gen-mla-flashinfer,v0.1.17,2024-06-08,0,0,
L2,sglang,M-L2-trtllm-gen-mla-flashinfer,v0.1.18,2024-07-04,0,0,
L2,sglang,M-L2-trtllm-gen-mla-flashinfer,v0.1.20,2024-07-14,0,0,
L2,sglang,M-L2-trtllm-gen-mla-flashinfer,v0.2.0,2024-07-25,0,0,
L2,sglang,M-L2-trtllm-gen-mla-flashinfer,v0.2.5,2024-07-26,0,0,
L2,sglang,M-L2-trtllm-gen-mla-flashinfer,v0.2.9,2024-08-02,0,0,
L2,sglang,M-L2-trtllm-gen-mla-flashinfer,v0.2.13,2024-09-19,0,0,
L2,sglang,M-L2-trtllm-gen-mla-flashinfer,v0.3.0,2024-09-19,0,0,
L2,sglang,M-L2-trtllm-gen-mla-flashinfer,v0.3.2,2024-10-02,0,0,
L2,sglang,M-L2-trtllm-gen-mla-flashinfer,v0.3.4.post1,2024-10-22,0,0,
L2,sglang,M-L2-trtllm-gen-mla-flashinfer,v0.3.6,2024-11-22,0,0,
L2,sglang,M-L2-trtllm-gen-mla-flashinfer,v0.4.0,2024-12-04,0,0,
L2,sglang,M-L2-trtllm-gen-mla-flashinfer,v0.4.1,2024-12-25,0,0,
L2,sglang,M-L2-trtllm-gen-mla-flashinfer,v0.4.3,2025-02-14,0,0,
L2,sglang,M-L2-trtllm-gen-mla-flashinfer,v0.4.4,2025-03-13,0,0,
L2,sglang,M-L2-trtllm-gen-mla-flashinfer,v0.4.5,2025-04-07,0,0,
L2,sglang,M-L2-trtllm-gen-mla-flashinfer,v0.4.6,2025-04-27,0,0,
L2,sglang,M-L2-trtllm-gen-mla-flashinfer,v0.4.7,2025-06-11,0,0,
L2,sglang,M-L2-trtllm-gen-mla-flashinfer,v0.4.8,2025-06-24,0,0,
L2,sglang,M-L2-trtllm-gen-mla-flashinfer,v0.4.10,2025-07-31,0,0,
L2,sglang,M-L2-trtllm-gen-mla-flashinfer,v0.5.1,2025-08-23,1,1,python/sglang/srt/layers/attention/trtllm_mla_backend.py
L2,sglang,M-L2-trtllm-gen-mla-flashinfer,v0.5.2,2025-09-12,1,1,python/sglang/srt/layers/attention/trtllm_mla_backend.py
L2,sglang,M-L2-trtllm-gen-mla-flashinfer,v0.5.3,2025-10-06,1,1,python/sglang/srt/layers/attention/trtllm_mla_backend.py
L2,sglang,M-L2-trtllm-gen-mla-flashinfer,v0.5.4,2025-10-26,1,1,python/sglang/srt/layers/attention/trtllm_mla_backend.py
L2,sglang,M-L2-trtllm-gen-mla-flashinfer,v0.5.5,2025-11-06,1,1,python/sglang/srt/layers/attention/trtllm_mla_backend.py
L2,sglang,M-L2-trtllm-gen-mla-flashinfer,v0.5.6,2025-12-03,1,1,python/sglang/srt/layers/attention/trtllm_mla_backend.py
L2,sglang,M-L2-trtllm-gen-mla-flashinfer,v0.5.7,2026-01-01,1,1,python/sglang/srt/layers/attention/trtllm_mla_backend.py
L2,sglang,M-L2-trtllm-gen-mla-flashinfer,v0.5.8,2026-01-23,1,1,python/sglang/srt/layers/attention/trtllm_mla_backend.py
L2,sglang,M-L2-trtllm-gen-mla-flashinfer,v0.5.9,2026-02-23,1,1,python/sglang/srt/layers/attention/trtllm_mla_backend.py
L2,sglang,M-L2-trtllm-gen-mla-flashinfer,v0.5.10,2026-04-06,1,1,python/sglang/srt/layers/attention/trtllm_mla_backend.py
L2,sglang,M-L2-trtllm-gen-mla-flashinfer,v0.5.10.post1,2026-04-08,1,1,python/sglang/srt/layers/attention/trtllm_mla_backend.py
L2,sglang,M-L2-trtllm-gen-mla-flashinfer,v0.5.11,2026-05-05,1,1,python/sglang/srt/layers/attention/trtllm_mla_backend.py
L2,sglang,M-L2-trtllm-gen-mla-flashinfer,v0.5.12,2026-05-16,1,1,python/sglang/srt/layers/attention/trtllm_mla_backend.py
L2,sglang,M-L2-trtllm-gen-mla-flashinfer,v0.5.12.post1,2026-05-23,1,1,python/sglang/srt/layers/attention/trtllm_mla_backend.py
L2,sglang,M-L2-trtllm-gen-mla-flashinfer,v0.5.13,2026-06-11,1,1,python/sglang/srt/layers/attention/trtllm_mla_backend.py
L2,sglang,M-L2-trtllm-gen-mla-flashinfer,v0.5.14,2026-06-26,1,1,python/sglang/srt/layers/attention/trtllm_mla_backend.py
L2,sglang,M-L2-trtllm-gen-mla-flashinfer,v0.5.15,2026-07-10,1,1,python/sglang/srt/layers/attention/trtllm_mla_backend.py
L2,sglang,M-L2-trtllm-gen-mla-flashinfer,v0.5.15.post1,2026-07-14,1,1,python/sglang/srt/layers/attention/trtllm_mla_backend.py
L2,sglang,M-L2-trtllm-gen-mla-flashinfer,v0.5.16,2026-07-24,1,1,python/sglang/srt/layers/attention/trtllm_mla_backend.py
L2,sglang,M-L2-trtllm-gen-mla-flashinfer,v0.5.17,2026-08-07,1,1,python/sglang/srt/layers/attention/trtllm_mla_backend.py
L2,sglang,M-L2-trtllm-gen-mla-flashinfer,v0.5.18,2026-08-21,1,1,python/sglang/srt/layers/attention/trtllm_mla_backend.py
L2,sglang,M-L2-trtllm-gen-mla-flashinfer,v0.5.19,2026-09-04,1,1,python/sglang/srt/layers/attention/trtllm_mla_backend.py
L2,sglang,M-L2-trtllm-gen-mla-flashinfer,v0.5.20,2026-09-18,1,1,python/sglang/srt/layers/attention/trtllm_mla_backend.py
L2,sglang,M-L2-trtllm-gen-mla-flashinfer,CUTOFF,2026-09-28,1,1,python/sglang/srt/layers/attention/trtllm_mla_backend.py
L2,sglang,M-L2-fused-absorb-q-concat,v0.1.5,2024-01-18,0,0,
L2,sglang,M-L2-fused-absorb-q-concat,v0.1.6,2024-01-21,0,0,
L2,sglang,M-L2-fused-absorb-q-concat,v0.1.11,2024-02-03,0,0,
L2,sglang,M-L2-fused-absorb-q-concat,v0.1.12,2024-02-11,0,0,
L2,sglang,M-L2-fused-absorb-q-concat,v0.1.13,2024-03-11,0,0,
L2,sglang,M-L2-fused-absorb-q-concat,v0.1.16,2024-05-14,0,0,
L2,sglang,M-L2-fused-absorb-q-concat,v0.1.17,2024-06-08,0,0,
L2,sglang,M-L2-fused-absorb-q-concat,v0.1.18,2024-07-04,0,0,
L2,sglang,M-L2-fused-absorb-q-concat,v0.1.20,2024-07-14,0,0,
L2,sglang,M-L2-fused-absorb-q-concat,v0.2.0,2024-07-25,0,0,
L2,sglang,M-L2-fused-absorb-q-concat,v0.2.5,2024-07-26,0,0,
L2,sglang,M-L2-fused-absorb-q-concat,v0.2.9,2024-08-02,0,0,
L2,sglang,M-L2-fused-absorb-q-concat,v0.2.13,2024-09-19,0,0,
L2,sglang,M-L2-fused-absorb-q-concat,v0.3.0,2024-09-19,0,0,
L2,sglang,M-L2-fused-absorb-q-concat,v0.3.2,2024-10-02,0,0,
L2,sglang,M-L2-fused-absorb-q-concat,v0.3.4.post1,2024-10-22,0,0,
L2,sglang,M-L2-fused-absorb-q-concat,v0.3.6,2024-11-22,0,0,
L2,sglang,M-L2-fused-absorb-q-concat,v0.4.0,2024-12-04,0,0,
L2,sglang,M-L2-fused-absorb-q-concat,v0.4.1,2024-12-25,0,0,
L2,sglang,M-L2-fused-absorb-q-concat,v0.4.3,2025-02-14,0,0,
L2,sglang,M-L2-fused-absorb-q-concat,v0.4.4,2025-03-13,0,0,
L2,sglang,M-L2-fused-absorb-q-concat,v0.4.5,2025-04-07,0,0,
L2,sglang,M-L2-fused-absorb-q-concat,v0.4.6,2025-04-27,0,0,
L2,sglang,M-L2-fused-absorb-q-concat,v0.4.7,2025-06-11,0,0,
L2,sglang,M-L2-fused-absorb-q-concat,v0.4.8,2025-06-24,0,0,
L2,sglang,M-L2-fused-absorb-q-concat,v0.4.10,2025-07-31,0,0,
L2,sglang,M-L2-fused-absorb-q-concat,v0.5.1,2025-08-23,0,0,
L2,sglang,M-L2-fused-absorb-q-concat,v0.5.2,2025-09-12,0,0,
L2,sglang,M-L2-fused-absorb-q-concat,v0.5.3,2025-10-06,1,3,python/sglang/srt/layers/attention/trtllm_mla_backend.py;sgl-kernel/csrc/elementwise/concat_mla.cu;sgl-kernel/python/sgl_kernel/elementwise.py
L2,sglang,M-L2-fused-absorb-q-concat,v0.5.4,2025-10-26,1,3,python/sglang/srt/layers/attention/trtllm_mla_backend.py;sgl-kernel/csrc/elementwise/concat_mla.cu;sgl-kernel/python/sgl_kernel/elementwise.py
L2,sglang,M-L2-fused-absorb-q-concat,v0.5.5,2025-11-06,1,3,python/sglang/srt/layers/attention/trtllm_mla_backend.py;sgl-kernel/csrc/elementwise/concat_mla.cu;sgl-kernel/python/sgl_kernel/elementwise.py
L2,sglang,M-L2-fused-absorb-q-concat,v0.5.6,2025-12-03,1,3,python/sglang/srt/layers/attention/trtllm_mla_backend.py;sgl-kernel/csrc/elementwise/concat_mla.cu;sgl-kernel/python/sgl_kernel/elementwise.py
L2,sglang,M-L2-fused-absorb-q-concat,v0.5.7,2026-01-01,1,3,python/sglang/srt/layers/attention/trtllm_mla_backend.py;sgl-kernel/csrc/elementwise/concat_mla.cu;sgl-kernel/python/sgl_kernel/elementwise.py
L2,sglang,M-L2-fused-absorb-q-concat,v0.5.8,2026-01-23,1,3,python/sglang/srt/layers/attention/trtllm_mla_backend.py;sgl-kernel/csrc/elementwise/concat_mla.cu;sgl-kernel/python/sgl_kernel/elementwise.py
L2,sglang,M-L2-fused-absorb-q-concat,v0.5.9,2026-02-23,1,3,python/sglang/srt/layers/attention/trtllm_mla_backend.py;sgl-kernel/csrc/elementwise/concat_mla.cu;sgl-kernel/python/sgl_kernel/elementwise.py
L2,sglang,M-L2-fused-absorb-q-concat,v0.5.10,2026-04-06,1,3,python/sglang/srt/layers/attention/trtllm_mla_backend.py;sgl-kernel/csrc/elementwise/concat_mla.cu;sgl-kernel/python/sgl_kernel/elementwise.py
L2,sglang,M-L2-fused-absorb-q-concat,v0.5.10.post1,2026-04-08,1,3,python/sglang/srt/layers/attention/trtllm_mla_backend.py;sgl-kernel/csrc/elementwise/concat_mla.cu;sgl-kernel/python/sgl_kernel/elementwise.py
L2,sglang,M-L2-fused-absorb-q-concat,v0.5.11,2026-05-05,1,3,python/sglang/srt/layers/attention/trtllm_mla_backend.py;sgl-kernel/csrc/elementwise/concat_mla.cu;sgl-kernel/python/sgl_kernel/elementwise.py
L2,sglang,M-L2-fused-absorb-q-concat,v0.5.12,2026-05-16,1,3,python/sglang/srt/layers/attention/trtllm_mla_backend.py;sgl-kernel/csrc/elementwise/concat_mla.cu;sgl-kernel/python/sgl_kernel/elementwise.py
L2,sglang,M-L2-fused-absorb-q-concat,v0.5.12.post1,2026-05-23,1,3,python/sglang/srt/layers/attention/trtllm_mla_backend.py;sgl-kernel/csrc/elementwise/concat_mla.cu;sgl-kernel/python/sgl_kernel/elementwise.py
L2,sglang,M-L2-fused-absorb-q-concat,v0.5.13,2026-06-11,1,3,python/sglang/srt/layers/attention/trtllm_mla_backend.py;sgl-kernel/csrc/elementwise/concat_mla.cu;sgl-kernel/python/sgl_kernel/elementwise.py
L2,sglang,M-L2-fused-absorb-q-concat,v0.5.14,2026-06-26,1,3,python/sglang/srt/layers/attention/trtllm_mla_backend.py;sgl-kernel/csrc/elementwise/concat_mla.cu;sgl-kernel/python/sgl_kernel/elementwise.py
L2,sglang,M-L2-fused-absorb-q-concat,v0.5.15,2026-07-10,1,3,python/sglang/srt/layers/attention/trtllm_mla_backend.py;sgl-kernel/csrc/elementwise/concat_mla.cu;sgl-kernel/python/sgl_kernel/elementwise.py
L2,sglang,M-L2-fused-absorb-q-concat,v0.5.15.post1,2026-07-14,1,3,python/sglang/srt/layers/attention/trtllm_mla_backend.py;sgl-kernel/csrc/elementwise/concat_mla.cu;sgl-kernel/python/sgl_kernel/elementwise.py
L2,sglang,M-L2-fused-absorb-q-concat,v0.5.16,2026-07-24,1,3,python/sglang/srt/layers/attention/trtllm_mla_backend.py;sgl-kernel/csrc/elementwise/concat_mla.cu;sgl-kernel/python/sgl_kernel/elementwise.py
L2,sglang,M-L2-fused-absorb-q-concat,v0.5.17,2026-08-07,1,1,python/sglang/srt/layers/attention/trtllm_mla_backend.py
L2,sglang,M-L2-fused-absorb-q-concat,v0.5.18,2026-08-21,1,1,python/sglang/srt/layers/attention/trtllm_mla_backend.py
L2,sglang,M-L2-fused-absorb-q-concat,v0.5.19,2026-09-04,1,1,python/sglang/srt/layers/attention/trtllm_mla_backend.py
L2,sglang,M-L2-fused-absorb-q-concat,v0.5.20,2026-09-18,1,1,python/sglang/srt/layers/attention/trtllm_mla_backend.py
L2,sglang,M-L2-fused-absorb-q-concat,CUTOFF,2026-09-28,1,1,python/sglang/srt/layers/attention/trtllm_mla_backend.py
L2,sglang,M-L2-cutlass-concat-free-q-interface,v0.1.5,2024-01-18,0,0,
L2,sglang,M-L2-cutlass-concat-free-q-interface,v0.1.6,2024-01-21,0,0,
L2,sglang,M-L2-cutlass-concat-free-q-interface,v0.1.11,2024-02-03,0,0,
L2,sglang,M-L2-cutlass-concat-free-q-interface,v0.1.12,2024-02-11,0,0,
L2,sglang,M-L2-cutlass-concat-free-q-interface,v0.1.13,2024-03-11,0,0,
L2,sglang,M-L2-cutlass-concat-free-q-interface,v0.1.16,2024-05-14,0,0,
L2,sglang,M-L2-cutlass-concat-free-q-interface,v0.1.17,2024-06-08,0,0,
L2,sglang,M-L2-cutlass-concat-free-q-interface,v0.1.18,2024-07-04,0,0,
L2,sglang,M-L2-cutlass-concat-free-q-interface,v0.1.20,2024-07-14,0,0,
L2,sglang,M-L2-cutlass-concat-free-q-interface,v0.2.0,2024-07-25,0,0,
L2,sglang,M-L2-cutlass-concat-free-q-interface,v0.2.5,2024-07-26,0,0,
L2,sglang,M-L2-cutlass-concat-free-q-interface,v0.2.9,2024-08-02,0,0,
L2,sglang,M-L2-cutlass-concat-free-q-interface,v0.2.13,2024-09-19,0,0,
L2,sglang,M-L2-cutlass-concat-free-q-interface,v0.3.0,2024-09-19,0,0,
L2,sglang,M-L2-cutlass-concat-free-q-interface,v0.3.2,2024-10-02,0,0,
L2,sglang,M-L2-cutlass-concat-free-q-interface,v0.3.4.post1,2024-10-22,0,0,
L2,sglang,M-L2-cutlass-concat-free-q-interface,v0.3.6,2024-11-22,0,0,
L2,sglang,M-L2-cutlass-concat-free-q-interface,v0.4.0,2024-12-04,0,0,
L2,sglang,M-L2-cutlass-concat-free-q-interface,v0.4.1,2024-12-25,0,0,
L2,sglang,M-L2-cutlass-concat-free-q-interface,v0.4.3,2025-02-14,0,0,
L2,sglang,M-L2-cutlass-concat-free-q-interface,v0.4.4,2025-03-13,0,0,
L2,sglang,M-L2-cutlass-concat-free-q-interface,v0.4.5,2025-04-07,0,0,
L2,sglang,M-L2-cutlass-concat-free-q-interface,v0.4.6,2025-04-27,0,0,
L2,sglang,M-L2-cutlass-concat-free-q-interface,v0.4.7,2025-06-11,0,0,
L2,sglang,M-L2-cutlass-concat-free-q-interface,v0.4.8,2025-06-24,1,2,sgl-kernel/csrc/attention/cutlass_mla_kernel.cu;sgl-kernel/python/sgl_kernel/attention.py
L2,sglang,M-L2-cutlass-concat-free-q-interface,v0.4.10,2025-07-31,1,2,sgl-kernel/csrc/attention/cutlass_mla_kernel.cu;sgl-kernel/python/sgl_kernel/attention.py
L2,sglang,M-L2-cutlass-concat-free-q-interface,v0.5.1,2025-08-23,1,2,sgl-kernel/csrc/attention/cutlass_mla_kernel.cu;sgl-kernel/python/sgl_kernel/attention.py
L2,sglang,M-L2-cutlass-concat-free-q-interface,v0.5.2,2025-09-12,1,2,sgl-kernel/csrc/attention/cutlass_mla_kernel.cu;sgl-kernel/python/sgl_kernel/attention.py
L2,sglang,M-L2-cutlass-concat-free-q-interface,v0.5.3,2025-10-06,1,2,sgl-kernel/csrc/attention/cutlass_mla_kernel.cu;sgl-kernel/python/sgl_kernel/attention.py
L2,sglang,M-L2-cutlass-concat-free-q-interface,v0.5.4,2025-10-26,1,2,sgl-kernel/csrc/attention/cutlass_mla_kernel.cu;sgl-kernel/python/sgl_kernel/attention.py
L2,sglang,M-L2-cutlass-concat-free-q-interface,v0.5.5,2025-11-06,1,2,sgl-kernel/csrc/attention/cutlass_mla_kernel.cu;sgl-kernel/python/sgl_kernel/attention.py
L2,sglang,M-L2-cutlass-concat-free-q-interface,v0.5.6,2025-12-03,1,2,sgl-kernel/csrc/attention/cutlass_mla_kernel.cu;sgl-kernel/python/sgl_kernel/attention.py
L2,sglang,M-L2-cutlass-concat-free-q-interface,v0.5.7,2026-01-01,1,2,sgl-kernel/csrc/attention/cutlass_mla_kernel.cu;sgl-kernel/python/sgl_kernel/attention.py
L2,sglang,M-L2-cutlass-concat-free-q-interface,v0.5.8,2026-01-23,1,2,sgl-kernel/csrc/attention/cutlass_mla_kernel.cu;sgl-kernel/python/sgl_kernel/attention.py
L2,sglang,M-L2-cutlass-concat-free-q-interface,v0.5.9,2026-02-23,1,2,sgl-kernel/csrc/attention/cutlass_mla_kernel.cu;sgl-kernel/python/sgl_kernel/attention.py
L2,sglang,M-L2-cutlass-concat-free-q-interface,v0.5.10,2026-04-06,1,2,sgl-kernel/csrc/attention/cutlass_mla_kernel.cu;sgl-kernel/python/sgl_kernel/attention.py
L2,sglang,M-L2-cutlass-concat-free-q-interface,v0.5.10.post1,2026-04-08,1,2,sgl-kernel/csrc/attention/cutlass_mla_kernel.cu;sgl-kernel/python/sgl_kernel/attention.py
L2,sglang,M-L2-cutlass-concat-free-q-interface,v0.5.11,2026-05-05,1,2,sgl-kernel/csrc/attention/cutlass_mla_kernel.cu;sgl-kernel/python/sgl_kernel/attention.py
L2,sglang,M-L2-cutlass-concat-free-q-interface,v0.5.12,2026-05-16,1,2,sgl-kernel/csrc/attention/cutlass_mla_kernel.cu;sgl-kernel/python/sgl_kernel/attention.py
L2,sglang,M-L2-cutlass-concat-free-q-interface,v0.5.12.post1,2026-05-23,1,2,sgl-kernel/csrc/attention/cutlass_mla_kernel.cu;sgl-kernel/python/sgl_kernel/attention.py
L2,sglang,M-L2-cutlass-concat-free-q-interface,v0.5.13,2026-06-11,1,2,sgl-kernel/csrc/attention/cutlass_mla_kernel.cu;sgl-kernel/python/sgl_kernel/attention.py
L2,sglang,M-L2-cutlass-concat-free-q-interface,v0.5.14,2026-06-26,1,2,sgl-kernel/csrc/attention/cutlass_mla_kernel.cu;sgl-kernel/python/sgl_kernel/attention.py
L2,sglang,M-L2-cutlass-concat-free-q-interface,v0.5.15,2026-07-10,1,2,sgl-kernel/csrc/attention/cutlass_mla_kernel.cu;sgl-kernel/python/sgl_kernel/attention.py
L2,sglang,M-L2-cutlass-concat-free-q-interface,v0.5.15.post1,2026-07-14,1,2,sgl-kernel/csrc/attention/cutlass_mla_kernel.cu;sgl-kernel/python/sgl_kernel/attention.py
L2,sglang,M-L2-cutlass-concat-free-q-interface,v0.5.16,2026-07-24,1,2,sgl-kernel/csrc/attention/cutlass_mla_kernel.cu;sgl-kernel/python/sgl_kernel/attention.py
L2,sglang,M-L2-cutlass-concat-free-q-interface,v0.5.17,2026-08-07,1,1,python/sglang/kernels/aot/csrc/attention/cutlass_mla_kernel.cu
L2,sglang,M-L2-cutlass-concat-free-q-interface,v0.5.18,2026-08-21,1,1,python/sglang/kernels/aot/csrc/attention/cutlass_mla_kernel.cu
L2,sglang,M-L2-cutlass-concat-free-q-interface,v0.5.19,2026-09-04,1,1,python/sglang/kernels/aot/csrc/attention/cutlass_mla_kernel.cu
L2,sglang,M-L2-cutlass-concat-free-q-interface,v0.5.20,2026-09-18,0,0,
L2,sglang,M-L2-cutlass-concat-free-q-interface,CUTOFF,2026-09-28,0,0,
L2,sglang,M-L2-dcp-a2a-pack-lse-fusion,v0.1.5,2024-01-18,0,0,
L2,sglang,M-L2-dcp-a2a-pack-lse-fusion,v0.1.6,2024-01-21,0,0,
L2,sglang,M-L2-dcp-a2a-pack-lse-fusion,v0.1.11,2024-02-03,0,0,
L2,sglang,M-L2-dcp-a2a-pack-lse-fusion,v0.1.12,2024-02-11,0,0,
L2,sglang,M-L2-dcp-a2a-pack-lse-fusion,v0.1.13,2024-03-11,0,0,
L2,sglang,M-L2-dcp-a2a-pack-lse-fusion,v0.1.16,2024-05-14,0,0,
L2,sglang,M-L2-dcp-a2a-pack-lse-fusion,v0.1.17,2024-06-08,0,0,
L2,sglang,M-L2-dcp-a2a-pack-lse-fusion,v0.1.18,2024-07-04,0,0,
L2,sglang,M-L2-dcp-a2a-pack-lse-fusion,v0.1.20,2024-07-14,0,0,
L2,sglang,M-L2-dcp-a2a-pack-lse-fusion,v0.2.0,2024-07-25,0,0,
L2,sglang,M-L2-dcp-a2a-pack-lse-fusion,v0.2.5,2024-07-26,0,0,
L2,sglang,M-L2-dcp-a2a-pack-lse-fusion,v0.2.9,2024-08-02,0,0,
L2,sglang,M-L2-dcp-a2a-pack-lse-fusion,v0.2.13,2024-09-19,0,0,
L2,sglang,M-L2-dcp-a2a-pack-lse-fusion,v0.3.0,2024-09-19,0,0,
L2,sglang,M-L2-dcp-a2a-pack-lse-fusion,v0.3.2,2024-10-02,0,0,
L2,sglang,M-L2-dcp-a2a-pack-lse-fusion,v0.3.4.post1,2024-10-22,0,0,
L2,sglang,M-L2-dcp-a2a-pack-lse-fusion,v0.3.6,2024-11-22,0,0,
L2,sglang,M-L2-dcp-a2a-pack-lse-fusion,v0.4.0,2024-12-04,0,0,
L2,sglang,M-L2-dcp-a2a-pack-lse-fusion,v0.4.1,2024-12-25,0,0,
L2,sglang,M-L2-dcp-a2a-pack-lse-fusion,v0.4.3,2025-02-14,0,0,
L2,sglang,M-L2-dcp-a2a-pack-lse-fusion,v0.4.4,2025-03-13,0,0,
L2,sglang,M-L2-dcp-a2a-pack-lse-fusion,v0.4.5,2025-04-07,0,0,
L2,sglang,M-L2-dcp-a2a-pack-lse-fusion,v0.4.6,2025-04-27,0,0,
L2,sglang,M-L2-dcp-a2a-pack-lse-fusion,v0.4.7,2025-06-11,0,0,
L2,sglang,M-L2-dcp-a2a-pack-lse-fusion,v0.4.8,2025-06-24,0,0,
L2,sglang,M-L2-dcp-a2a-pack-lse-fusion,v0.4.10,2025-07-31,0,0,
L2,sglang,M-L2-dcp-a2a-pack-lse-fusion,v0.5.1,2025-08-23,0,0,
L2,sglang,M-L2-dcp-a2a-pack-lse-fusion,v0.5.2,2025-09-12,0,0,
L2,sglang,M-L2-dcp-a2a-pack-lse-fusion,v0.5.3,2025-10-06,0,0,
L2,sglang,M-L2-dcp-a2a-pack-lse-fusion,v0.5.4,2025-10-26,0,0,
L2,sglang,M-L2-dcp-a2a-pack-lse-fusion,v0.5.5,2025-11-06,0,0,
L2,sglang,M-L2-dcp-a2a-pack-lse-fusion,v0.5.6,2025-12-03,0,0,
L2,sglang,M-L2-dcp-a2a-pack-lse-fusion,v0.5.7,2026-01-01,0,0,
L2,sglang,M-L2-dcp-a2a-pack-lse-fusion,v0.5.8,2026-01-23,0,0,
L2,sglang,M-L2-dcp-a2a-pack-lse-fusion,v0.5.9,2026-02-23,0,0,
L2,sglang,M-L2-dcp-a2a-pack-lse-fusion,v0.5.10,2026-04-06,0,0,
L2,sglang,M-L2-dcp-a2a-pack-lse-fusion,v0.5.10.post1,2026-04-08,0,0,
L2,sglang,M-L2-dcp-a2a-pack-lse-fusion,v0.5.11,2026-05-05,0,0,
L2,sglang,M-L2-dcp-a2a-pack-lse-fusion,v0.5.12,2026-05-16,0,0,
L2,sglang,M-L2-dcp-a2a-pack-lse-fusion,v0.5.12.post1,2026-05-23,0,0,
L2,sglang,M-L2-dcp-a2a-pack-lse-fusion,v0.5.13,2026-06-11,0,0,
L2,sglang,M-L2-dcp-a2a-pack-lse-fusion,v0.5.14,2026-06-26,0,0,
L2,sglang,M-L2-dcp-a2a-pack-lse-fusion,v0.5.15,2026-07-10,0,0,
L2,sglang,M-L2-dcp-a2a-pack-lse-fusion,v0.5.15.post1,2026-07-14,0,0,
L2,sglang,M-L2-dcp-a2a-pack-lse-fusion,v0.5.16,2026-07-24,0,0,
L2,sglang,M-L2-dcp-a2a-pack-lse-fusion,v0.5.17,2026-08-07,0,0,
L2,sglang,M-L2-dcp-a2a-pack-lse-fusion,v0.5.18,2026-08-21,1,2,python/sglang/kernels/ops/attention/dcp_kernels.py;python/sglang/srt/layers/dcp/comm.py
L2,sglang,M-L2-dcp-a2a-pack-lse-fusion,v0.5.19,2026-09-04,1,2,python/sglang/kernels/ops/attention/dcp_kernels.py;python/sglang/srt/layers/dcp/comm.py
L2,sglang,M-L2-dcp-a2a-pack-lse-fusion,v0.5.20,2026-09-18,1,2,python/sglang/kernels/ops/attention/dcp_kernels.py;python/sglang/srt/layers/dcp/comm.py
L2,sglang,M-L2-dcp-a2a-pack-lse-fusion,CUTOFF,2026-09-28,1,2,python/sglang/kernels/ops/attention/dcp_kernels.py;python/sglang/srt/layers/dcp/comm.py
L2,sglang,M-L2-fused-mla-k-concat,v0.1.5,2024-01-18,0,0,
L2,sglang,M-L2-fused-mla-k-concat,v0.1.6,2024-01-21,0,0,
L2,sglang,M-L2-fused-mla-k-concat,v0.1.11,2024-02-03,0,0,
L2,sglang,M-L2-fused-mla-k-concat,v0.1.12,2024-02-11,0,0,
L2,sglang,M-L2-fused-mla-k-concat,v0.1.13,2024-03-11,0,0,
L2,sglang,M-L2-fused-mla-k-concat,v0.1.16,2024-05-14,0,0,
L2,sglang,M-L2-fused-mla-k-concat,v0.1.17,2024-06-08,0,0,
L2,sglang,M-L2-fused-mla-k-concat,v0.1.18,2024-07-04,0,0,
L2,sglang,M-L2-fused-mla-k-concat,v0.1.20,2024-07-14,0,0,
L2,sglang,M-L2-fused-mla-k-concat,v0.2.0,2024-07-25,0,0,
L2,sglang,M-L2-fused-mla-k-concat,v0.2.5,2024-07-26,0,0,
L2,sglang,M-L2-fused-mla-k-concat,v0.2.9,2024-08-02,0,0,
L2,sglang,M-L2-fused-mla-k-concat,v0.2.13,2024-09-19,0,0,
L2,sglang,M-L2-fused-mla-k-concat,v0.3.0,2024-09-19,0,0,
L2,sglang,M-L2-fused-mla-k-concat,v0.3.2,2024-10-02,0,0,
L2,sglang,M-L2-fused-mla-k-concat,v0.3.4.post1,2024-10-22,0,0,
L2,sglang,M-L2-fused-mla-k-concat,v0.3.6,2024-11-22,0,0,
L2,sglang,M-L2-fused-mla-k-concat,v0.4.0,2024-12-04,0,0,
L2,sglang,M-L2-fused-mla-k-concat,v0.4.1,2024-12-25,0,0,
L2,sglang,M-L2-fused-mla-k-concat,v0.4.3,2025-02-14,0,0,
L2,sglang,M-L2-fused-mla-k-concat,v0.4.4,2025-03-13,0,0,
L2,sglang,M-L2-fused-mla-k-concat,v0.4.5,2025-04-07,0,0,
L2,sglang,M-L2-fused-mla-k-concat,v0.4.6,2025-04-27,0,0,
L2,sglang,M-L2-fused-mla-k-concat,v0.4.7,2025-06-11,0,0,
L2,sglang,M-L2-fused-mla-k-concat,v0.4.8,2025-06-24,0,0,
L2,sglang,M-L2-fused-mla-k-concat,v0.4.10,2025-07-31,0,0,
L2,sglang,M-L2-fused-mla-k-concat,v0.5.1,2025-08-23,0,0,
L2,sglang,M-L2-fused-mla-k-concat,v0.5.2,2025-09-12,1,2,sgl-kernel/csrc/elementwise/concat_mla.cu;sgl-kernel/python/sgl_kernel/elementwise.py
L2,sglang,M-L2-fused-mla-k-concat,v0.5.3,2025-10-06,1,2,sgl-kernel/csrc/elementwise/concat_mla.cu;sgl-kernel/python/sgl_kernel/elementwise.py
L2,sglang,M-L2-fused-mla-k-concat,v0.5.4,2025-10-26,1,2,sgl-kernel/csrc/elementwise/concat_mla.cu;sgl-kernel/python/sgl_kernel/elementwise.py
L2,sglang,M-L2-fused-mla-k-concat,v0.5.5,2025-11-06,1,2,sgl-kernel/csrc/elementwise/concat_mla.cu;sgl-kernel/python/sgl_kernel/elementwise.py
L2,sglang,M-L2-fused-mla-k-concat,v0.5.6,2025-12-03,1,2,sgl-kernel/csrc/elementwise/concat_mla.cu;sgl-kernel/python/sgl_kernel/elementwise.py
L2,sglang,M-L2-fused-mla-k-concat,v0.5.7,2026-01-01,1,2,sgl-kernel/csrc/elementwise/concat_mla.cu;sgl-kernel/python/sgl_kernel/elementwise.py
L2,sglang,M-L2-fused-mla-k-concat,v0.5.8,2026-01-23,1,2,sgl-kernel/csrc/elementwise/concat_mla.cu;sgl-kernel/python/sgl_kernel/elementwise.py
L2,sglang,M-L2-fused-mla-k-concat,v0.5.9,2026-02-23,1,2,sgl-kernel/csrc/elementwise/concat_mla.cu;sgl-kernel/python/sgl_kernel/elementwise.py
L2,sglang,M-L2-fused-mla-k-concat,v0.5.10,2026-04-06,1,2,sgl-kernel/csrc/elementwise/concat_mla.cu;sgl-kernel/python/sgl_kernel/elementwise.py
L2,sglang,M-L2-fused-mla-k-concat,v0.5.10.post1,2026-04-08,1,2,sgl-kernel/csrc/elementwise/concat_mla.cu;sgl-kernel/python/sgl_kernel/elementwise.py
L2,sglang,M-L2-fused-mla-k-concat,v0.5.11,2026-05-05,1,2,sgl-kernel/csrc/elementwise/concat_mla.cu;sgl-kernel/python/sgl_kernel/elementwise.py
L2,sglang,M-L2-fused-mla-k-concat,v0.5.12,2026-05-16,1,2,sgl-kernel/csrc/elementwise/concat_mla.cu;sgl-kernel/python/sgl_kernel/elementwise.py
L2,sglang,M-L2-fused-mla-k-concat,v0.5.12.post1,2026-05-23,1,2,sgl-kernel/csrc/elementwise/concat_mla.cu;sgl-kernel/python/sgl_kernel/elementwise.py
L2,sglang,M-L2-fused-mla-k-concat,v0.5.13,2026-06-11,1,2,sgl-kernel/csrc/elementwise/concat_mla.cu;sgl-kernel/python/sgl_kernel/elementwise.py
L2,sglang,M-L2-fused-mla-k-concat,v0.5.14,2026-06-26,1,2,sgl-kernel/csrc/elementwise/concat_mla.cu;sgl-kernel/python/sgl_kernel/elementwise.py
L2,sglang,M-L2-fused-mla-k-concat,v0.5.15,2026-07-10,1,2,sgl-kernel/csrc/elementwise/concat_mla.cu;sgl-kernel/python/sgl_kernel/elementwise.py
L2,sglang,M-L2-fused-mla-k-concat,v0.5.15.post1,2026-07-14,1,2,sgl-kernel/csrc/elementwise/concat_mla.cu;sgl-kernel/python/sgl_kernel/elementwise.py
L2,sglang,M-L2-fused-mla-k-concat,v0.5.16,2026-07-24,1,2,sgl-kernel/csrc/elementwise/concat_mla.cu;sgl-kernel/python/sgl_kernel/elementwise.py
L2,sglang,M-L2-fused-mla-k-concat,v0.5.17,2026-08-07,1,3,python/sglang/kernels/aot/csrc/elementwise/concat_mla.cu;python/sglang/kernels/aot/python/sgl_kernel/elementwise.py;python/sglang/kernels/ops/attention/concat_mla.py
L2,sglang,M-L2-fused-mla-k-concat,v0.5.18,2026-08-21,1,3,python/sglang/kernels/aot/csrc/elementwise/concat_mla.cu;python/sglang/kernels/aot/python/sgl_kernel/elementwise.py;python/sglang/kernels/ops/attention/concat_mla.py
L2,sglang,M-L2-fused-mla-k-concat,v0.5.19,2026-09-04,1,3,python/sglang/kernels/aot/csrc/elementwise/concat_mla.cu;python/sglang/kernels/aot/python/sgl_kernel/elementwise.py;python/sglang/kernels/ops/attention/concat_mla.py
L2,sglang,M-L2-fused-mla-k-concat,v0.5.20,2026-09-18,1,3,python/sglang/kernels/aot/csrc/elementwise/concat_mla.cu;python/sglang/kernels/aot/python/sgl_kernel/elementwise.py;python/sglang/kernels/ops/attention/concat_mla.py
L2,sglang,M-L2-fused-mla-k-concat,CUTOFF,2026-09-28,1,3,python/sglang/kernels/aot/csrc/elementwise/concat_mla.cu;python/sglang/kernels/aot/python/sgl_kernel/elementwise.py;python/sglang/kernels/ops/attention/concat_mla.py
L2,sglang,M-L2-grouped-head-shared-kv-verify,v0.1.5,2024-01-18,0,0,
L2,sglang,M-L2-grouped-head-shared-kv-verify,v0.1.6,2024-01-21,0,0,
L2,sglang,M-L2-grouped-head-shared-kv-verify,v0.1.11,2024-02-03,0,0,
L2,sglang,M-L2-grouped-head-shared-kv-verify,v0.1.12,2024-02-11,0,0,
L2,sglang,M-L2-grouped-head-shared-kv-verify,v0.1.13,2024-03-11,0,0,
L2,sglang,M-L2-grouped-head-shared-kv-verify,v0.1.16,2024-05-14,0,0,
L2,sglang,M-L2-grouped-head-shared-kv-verify,v0.1.17,2024-06-08,0,0,
L2,sglang,M-L2-grouped-head-shared-kv-verify,v0.1.18,2024-07-04,0,0,
L2,sglang,M-L2-grouped-head-shared-kv-verify,v0.1.20,2024-07-14,0,0,
L2,sglang,M-L2-grouped-head-shared-kv-verify,v0.2.0,2024-07-25,0,0,
L2,sglang,M-L2-grouped-head-shared-kv-verify,v0.2.5,2024-07-26,0,0,
L2,sglang,M-L2-grouped-head-shared-kv-verify,v0.2.9,2024-08-02,0,0,
L2,sglang,M-L2-grouped-head-shared-kv-verify,v0.2.13,2024-09-19,0,0,
L2,sglang,M-L2-grouped-head-shared-kv-verify,v0.3.0,2024-09-19,0,0,
L2,sglang,M-L2-grouped-head-shared-kv-verify,v0.3.2,2024-10-02,0,0,
L2,sglang,M-L2-grouped-head-shared-kv-verify,v0.3.4.post1,2024-10-22,0,0,
L2,sglang,M-L2-grouped-head-shared-kv-verify,v0.3.6,2024-11-22,0,0,
L2,sglang,M-L2-grouped-head-shared-kv-verify,v0.4.0,2024-12-04,0,0,
L2,sglang,M-L2-grouped-head-shared-kv-verify,v0.4.1,2024-12-25,0,0,
L2,sglang,M-L2-grouped-head-shared-kv-verify,v0.4.3,2025-02-14,0,0,
L2,sglang,M-L2-grouped-head-shared-kv-verify,v0.4.4,2025-03-13,0,0,
L2,sglang,M-L2-grouped-head-shared-kv-verify,v0.4.5,2025-04-07,0,0,
L2,sglang,M-L2-grouped-head-shared-kv-verify,v0.4.6,2025-04-27,0,0,
L2,sglang,M-L2-grouped-head-shared-kv-verify,v0.4.7,2025-06-11,0,0,
L2,sglang,M-L2-grouped-head-shared-kv-verify,v0.4.8,2025-06-24,0,0,
L2,sglang,M-L2-grouped-head-shared-kv-verify,v0.4.10,2025-07-31,0,0,
L2,sglang,M-L2-grouped-head-shared-kv-verify,v0.5.1,2025-08-23,0,0,
L2,sglang,M-L2-grouped-head-shared-kv-verify,v0.5.2,2025-09-12,0,0,
L2,sglang,M-L2-grouped-head-shared-kv-verify,v0.5.3,2025-10-06,0,0,
L2,sglang,M-L2-grouped-head-shared-kv-verify,v0.5.4,2025-10-26,0,0,
L2,sglang,M-L2-grouped-head-shared-kv-verify,v0.5.5,2025-11-06,0,0,
L2,sglang,M-L2-grouped-head-shared-kv-verify,v0.5.6,2025-12-03,0,0,
L2,sglang,M-L2-grouped-head-shared-kv-verify,v0.5.7,2026-01-01,0,0,
L2,sglang,M-L2-grouped-head-shared-kv-verify,v0.5.8,2026-01-23,0,0,
L2,sglang,M-L2-grouped-head-shared-kv-verify,v0.5.9,2026-02-23,0,0,
L2,sglang,M-L2-grouped-head-shared-kv-verify,v0.5.10,2026-04-06,0,0,
L2,sglang,M-L2-grouped-head-shared-kv-verify,v0.5.10.post1,2026-04-08,0,0,
L2,sglang,M-L2-grouped-head-shared-kv-verify,v0.5.11,2026-05-05,0,0,
L2,sglang,M-L2-grouped-head-shared-kv-verify,v0.5.12,2026-05-16,0,0,
L2,sglang,M-L2-grouped-head-shared-kv-verify,v0.5.12.post1,2026-05-23,0,0,
L2,sglang,M-L2-grouped-head-shared-kv-verify,v0.5.13,2026-06-11,0,0,
L2,sglang,M-L2-grouped-head-shared-kv-verify,v0.5.14,2026-06-26,0,0,
L2,sglang,M-L2-grouped-head-shared-kv-verify,v0.5.15,2026-07-10,0,0,
L2,sglang,M-L2-grouped-head-shared-kv-verify,v0.5.15.post1,2026-07-14,0,0,
L2,sglang,M-L2-grouped-head-shared-kv-verify,v0.5.16,2026-07-24,0,0,
L2,sglang,M-L2-grouped-head-shared-kv-verify,v0.5.17,2026-08-07,0,0,
L2,sglang,M-L2-grouped-head-shared-kv-verify,v0.5.18,2026-08-21,1,2,python/sglang/kernels/ops/attention/verify_mla.py;python/sglang/srt/layers/attention/triton_backend.py
L2,sglang,M-L2-grouped-head-shared-kv-verify,v0.5.19,2026-09-04,1,2,python/sglang/kernels/ops/attention/verify_mla.py;python/sglang/srt/layers/attention/triton_backend.py
L2,sglang,M-L2-grouped-head-shared-kv-verify,v0.5.20,2026-09-18,1,2,python/sglang/kernels/ops/attention/verify_mla.py;python/sglang/srt/layers/attention/triton_backend.py
L2,sglang,M-L2-grouped-head-shared-kv-verify,CUTOFF,2026-09-28,1,2,python/sglang/kernels/ops/attention/verify_mla.py;python/sglang/srt/layers/attention/triton_backend.py
L2,sglang,M-L2-nonpaged-c4-indexer-gather,v0.1.5,2024-01-18,0,0,
L2,sglang,M-L2-nonpaged-c4-indexer-gather,v0.1.6,2024-01-21,0,0,
L2,sglang,M-L2-nonpaged-c4-indexer-gather,v0.1.11,2024-02-03,0,0,
L2,sglang,M-L2-nonpaged-c4-indexer-gather,v0.1.12,2024-02-11,0,0,
L2,sglang,M-L2-nonpaged-c4-indexer-gather,v0.1.13,2024-03-11,0,0,
L2,sglang,M-L2-nonpaged-c4-indexer-gather,v0.1.16,2024-05-14,0,0,
L2,sglang,M-L2-nonpaged-c4-indexer-gather,v0.1.17,2024-06-08,0,0,
L2,sglang,M-L2-nonpaged-c4-indexer-gather,v0.1.18,2024-07-04,0,0,
L2,sglang,M-L2-nonpaged-c4-indexer-gather,v0.1.20,2024-07-14,0,0,
L2,sglang,M-L2-nonpaged-c4-indexer-gather,v0.2.0,2024-07-25,0,0,
L2,sglang,M-L2-nonpaged-c4-indexer-gather,v0.2.5,2024-07-26,0,0,
L2,sglang,M-L2-nonpaged-c4-indexer-gather,v0.2.9,2024-08-02,0,0,
L2,sglang,M-L2-nonpaged-c4-indexer-gather,v0.2.13,2024-09-19,0,0,
L2,sglang,M-L2-nonpaged-c4-indexer-gather,v0.3.0,2024-09-19,0,0,
L2,sglang,M-L2-nonpaged-c4-indexer-gather,v0.3.2,2024-10-02,0,0,
L2,sglang,M-L2-nonpaged-c4-indexer-gather,v0.3.4.post1,2024-10-22,0,0,
L2,sglang,M-L2-nonpaged-c4-indexer-gather,v0.3.6,2024-11-22,0,0,
L2,sglang,M-L2-nonpaged-c4-indexer-gather,v0.4.0,2024-12-04,0,0,
L2,sglang,M-L2-nonpaged-c4-indexer-gather,v0.4.1,2024-12-25,0,0,
L2,sglang,M-L2-nonpaged-c4-indexer-gather,v0.4.3,2025-02-14,0,0,
L2,sglang,M-L2-nonpaged-c4-indexer-gather,v0.4.4,2025-03-13,0,0,
L2,sglang,M-L2-nonpaged-c4-indexer-gather,v0.4.5,2025-04-07,0,0,
L2,sglang,M-L2-nonpaged-c4-indexer-gather,v0.4.6,2025-04-27,0,0,
L2,sglang,M-L2-nonpaged-c4-indexer-gather,v0.4.7,2025-06-11,0,0,
L2,sglang,M-L2-nonpaged-c4-indexer-gather,v0.4.8,2025-06-24,0,0,
L2,sglang,M-L2-nonpaged-c4-indexer-gather,v0.4.10,2025-07-31,0,0,
L2,sglang,M-L2-nonpaged-c4-indexer-gather,v0.5.1,2025-08-23,0,0,
L2,sglang,M-L2-nonpaged-c4-indexer-gather,v0.5.2,2025-09-12,0,0,
L2,sglang,M-L2-nonpaged-c4-indexer-gather,v0.5.3,2025-10-06,0,0,
L2,sglang,M-L2-nonpaged-c4-indexer-gather,v0.5.4,2025-10-26,0,0,
L2,sglang,M-L2-nonpaged-c4-indexer-gather,v0.5.5,2025-11-06,0,0,
L2,sglang,M-L2-nonpaged-c4-indexer-gather,v0.5.6,2025-12-03,0,0,
L2,sglang,M-L2-nonpaged-c4-indexer-gather,v0.5.7,2026-01-01,0,0,
L2,sglang,M-L2-nonpaged-c4-indexer-gather,v0.5.8,2026-01-23,0,0,
L2,sglang,M-L2-nonpaged-c4-indexer-gather,v0.5.9,2026-02-23,0,0,
L2,sglang,M-L2-nonpaged-c4-indexer-gather,v0.5.10,2026-04-06,0,0,
L2,sglang,M-L2-nonpaged-c4-indexer-gather,v0.5.10.post1,2026-04-08,0,0,
L2,sglang,M-L2-nonpaged-c4-indexer-gather,v0.5.11,2026-05-05,0,0,
L2,sglang,M-L2-nonpaged-c4-indexer-gather,v0.5.12,2026-05-16,0,0,
L2,sglang,M-L2-nonpaged-c4-indexer-gather,v0.5.12.post1,2026-05-23,0,0,
L2,sglang,M-L2-nonpaged-c4-indexer-gather,v0.5.13,2026-06-11,0,0,
L2,sglang,M-L2-nonpaged-c4-indexer-gather,v0.5.14,2026-06-26,0,0,
L2,sglang,M-L2-nonpaged-c4-indexer-gather,v0.5.15,2026-07-10,1,2,python/sglang/srt/environ.py;python/sglang/srt/layers/attention/dsv4/indexer.py
L2,sglang,M-L2-nonpaged-c4-indexer-gather,v0.5.15.post1,2026-07-14,1,2,python/sglang/srt/environ.py;python/sglang/srt/layers/attention/dsv4/indexer.py
L2,sglang,M-L2-nonpaged-c4-indexer-gather,v0.5.16,2026-07-24,1,2,python/sglang/srt/environ.py;python/sglang/srt/layers/attention/dsv4/indexer.py
L2,sglang,M-L2-nonpaged-c4-indexer-gather,v0.5.17,2026-08-07,1,2,python/sglang/srt/environ.py;python/sglang/srt/layers/attention/dsv4/indexer.py
L2,sglang,M-L2-nonpaged-c4-indexer-gather,v0.5.18,2026-08-21,1,2,python/sglang/srt/environ.py;python/sglang/srt/layers/attention/dsv4/indexer.py
L2,sglang,M-L2-nonpaged-c4-indexer-gather,v0.5.19,2026-09-04,1,2,python/sglang/srt/environ.py;python/sglang/srt/layers/attention/dsv4/indexer.py
L2,sglang,M-L2-nonpaged-c4-indexer-gather,v0.5.20,2026-09-18,1,2,python/sglang/srt/environ.py;python/sglang/srt/layers/attention/dsv4/indexer.py
L2,sglang,M-L2-nonpaged-c4-indexer-gather,CUTOFF,2026-09-28,1,2,python/sglang/srt/environ.py;python/sglang/srt/layers/attention/dsv4/indexer.py
L2,sglang,M-L2-separate-q-nope-q-rope-interface,v0.1.5,2024-01-18,0,0,
L2,sglang,M-L2-separate-q-nope-q-rope-interface,v0.1.6,2024-01-21,0,0,
L2,sglang,M-L2-separate-q-nope-q-rope-interface,v0.1.11,2024-02-03,0,0,
L2,sglang,M-L2-separate-q-nope-q-rope-interface,v0.1.12,2024-02-11,0,0,
L2,sglang,M-L2-separate-q-nope-q-rope-interface,v0.1.13,2024-03-11,0,0,
L2,sglang,M-L2-separate-q-nope-q-rope-interface,v0.1.16,2024-05-14,0,0,
L2,sglang,M-L2-separate-q-nope-q-rope-interface,v0.1.17,2024-06-08,0,0,
L2,sglang,M-L2-separate-q-nope-q-rope-interface,v0.1.18,2024-07-04,0,0,
L2,sglang,M-L2-separate-q-nope-q-rope-interface,v0.1.20,2024-07-14,0,0,
L2,sglang,M-L2-separate-q-nope-q-rope-interface,v0.2.0,2024-07-25,0,0,
L2,sglang,M-L2-separate-q-nope-q-rope-interface,v0.2.5,2024-07-26,0,0,
L2,sglang,M-L2-separate-q-nope-q-rope-interface,v0.2.9,2024-08-02,0,0,
L2,sglang,M-L2-separate-q-nope-q-rope-interface,v0.2.13,2024-09-19,0,0,
L2,sglang,M-L2-separate-q-nope-q-rope-interface,v0.3.0,2024-09-19,0,0,
L2,sglang,M-L2-separate-q-nope-q-rope-interface,v0.3.2,2024-10-02,0,0,
L2,sglang,M-L2-separate-q-nope-q-rope-interface,v0.3.4.post1,2024-10-22,0,0,
L2,sglang,M-L2-separate-q-nope-q-rope-interface,v0.3.6,2024-11-22,0,0,
L2,sglang,M-L2-separate-q-nope-q-rope-interface,v0.4.0,2024-12-04,0,0,
L2,sglang,M-L2-separate-q-nope-q-rope-interface,v0.4.1,2024-12-25,0,0,
L2,sglang,M-L2-separate-q-nope-q-rope-interface,v0.4.3,2025-02-14,0,0,
L2,sglang,M-L2-separate-q-nope-q-rope-interface,v0.4.4,2025-03-13,0,0,
L2,sglang,M-L2-separate-q-nope-q-rope-interface,v0.4.5,2025-04-07,0,0,
L2,sglang,M-L2-separate-q-nope-q-rope-interface,v0.4.6,2025-04-27,1,1,python/sglang/srt/models/deepseek_v2.py
L2,sglang,M-L2-separate-q-nope-q-rope-interface,v0.4.7,2025-06-11,1,1,python/sglang/srt/models/deepseek_v2.py
L2,sglang,M-L2-separate-q-nope-q-rope-interface,v0.4.8,2025-06-24,1,1,python/sglang/srt/models/deepseek_v2.py
L2,sglang,M-L2-separate-q-nope-q-rope-interface,v0.4.10,2025-07-31,1,1,python/sglang/srt/models/deepseek_v2.py
L2,sglang,M-L2-separate-q-nope-q-rope-interface,v0.5.1,2025-08-23,0,0,
L2,sglang,M-L2-separate-q-nope-q-rope-interface,v0.5.2,2025-09-12,0,0,
L2,sglang,M-L2-separate-q-nope-q-rope-interface,v0.5.3,2025-10-06,0,0,
L2,sglang,M-L2-separate-q-nope-q-rope-interface,v0.5.4,2025-10-26,0,0,
L2,sglang,M-L2-separate-q-nope-q-rope-interface,v0.5.5,2025-11-06,0,0,
L2,sglang,M-L2-separate-q-nope-q-rope-interface,v0.5.6,2025-12-03,0,0,
L2,sglang,M-L2-separate-q-nope-q-rope-interface,v0.5.7,2026-01-01,0,0,
L2,sglang,M-L2-separate-q-nope-q-rope-interface,v0.5.8,2026-01-23,0,0,
L2,sglang,M-L2-separate-q-nope-q-rope-interface,v0.5.9,2026-02-23,0,0,
L2,sglang,M-L2-separate-q-nope-q-rope-interface,v0.5.10,2026-04-06,0,0,
L2,sglang,M-L2-separate-q-nope-q-rope-interface,v0.5.10.post1,2026-04-08,0,0,
L2,sglang,M-L2-separate-q-nope-q-rope-interface,v0.5.11,2026-05-05,0,0,
L2,sglang,M-L2-separate-q-nope-q-rope-interface,v0.5.12,2026-05-16,0,0,
L2,sglang,M-L2-separate-q-nope-q-rope-interface,v0.5.12.post1,2026-05-23,0,0,
L2,sglang,M-L2-separate-q-nope-q-rope-interface,v0.5.13,2026-06-11,1,1,python/sglang/srt/layers/attention/flashattention_backend.py
L2,sglang,M-L2-separate-q-nope-q-rope-interface,v0.5.14,2026-06-26,1,1,python/sglang/srt/layers/attention/flashattention_backend.py
L2,sglang,M-L2-separate-q-nope-q-rope-interface,v0.5.15,2026-07-10,1,2,python/sglang/srt/layers/attention/flashattention_backend.py;python/sglang/srt/models/deepseek_v2.py
L2,sglang,M-L2-separate-q-nope-q-rope-interface,v0.5.15.post1,2026-07-14,1,2,python/sglang/srt/layers/attention/flashattention_backend.py;python/sglang/srt/models/deepseek_v2.py
L2,sglang,M-L2-separate-q-nope-q-rope-interface,v0.5.16,2026-07-24,1,2,python/sglang/srt/layers/attention/flashattention_backend.py;python/sglang/srt/models/deepseek_v2.py
L2,sglang,M-L2-separate-q-nope-q-rope-interface,v0.5.17,2026-08-07,1,2,python/sglang/srt/layers/attention/flashattention_backend.py;python/sglang/srt/models/deepseek_v2.py
L2,sglang,M-L2-separate-q-nope-q-rope-interface,v0.5.18,2026-08-21,1,2,python/sglang/srt/layers/attention/flashattention_backend.py;python/sglang/srt/models/deepseek_v2.py
L2,sglang,M-L2-separate-q-nope-q-rope-interface,v0.5.19,2026-09-04,1,2,python/sglang/srt/layers/attention/flashattention_backend.py;python/sglang/srt/models/deepseek_v2.py
L2,sglang,M-L2-separate-q-nope-q-rope-interface,v0.5.20,2026-09-18,1,2,python/sglang/srt/layers/attention/flashattention_backend.py;python/sglang/srt/models/deepseek_v2.py
L2,sglang,M-L2-separate-q-nope-q-rope-interface,CUTOFF,2026-09-28,1,2,python/sglang/srt/layers/attention/flashattention_backend.py;python/sglang/srt/models/deepseek_v2.py
L2,sglang,M-L2-skip-ragged-prefill-lse-no-prefix,v0.1.5,2024-01-18,0,0,
L2,sglang,M-L2-skip-ragged-prefill-lse-no-prefix,v0.1.6,2024-01-21,0,0,
L2,sglang,M-L2-skip-ragged-prefill-lse-no-prefix,v0.1.11,2024-02-03,0,0,
L2,sglang,M-L2-skip-ragged-prefill-lse-no-prefix,v0.1.12,2024-02-11,0,0,
L2,sglang,M-L2-skip-ragged-prefill-lse-no-prefix,v0.1.13,2024-03-11,0,0,
L2,sglang,M-L2-skip-ragged-prefill-lse-no-prefix,v0.1.16,2024-05-14,0,0,
L2,sglang,M-L2-skip-ragged-prefill-lse-no-prefix,v0.1.17,2024-06-08,0,0,
L2,sglang,M-L2-skip-ragged-prefill-lse-no-prefix,v0.1.18,2024-07-04,0,0,
L2,sglang,M-L2-skip-ragged-prefill-lse-no-prefix,v0.1.20,2024-07-14,0,0,
L2,sglang,M-L2-skip-ragged-prefill-lse-no-prefix,v0.2.0,2024-07-25,0,0,
L2,sglang,M-L2-skip-ragged-prefill-lse-no-prefix,v0.2.5,2024-07-26,0,0,
L2,sglang,M-L2-skip-ragged-prefill-lse-no-prefix,v0.2.9,2024-08-02,0,0,
L2,sglang,M-L2-skip-ragged-prefill-lse-no-prefix,v0.2.13,2024-09-19,0,0,
L2,sglang,M-L2-skip-ragged-prefill-lse-no-prefix,v0.3.0,2024-09-19,0,0,
L2,sglang,M-L2-skip-ragged-prefill-lse-no-prefix,v0.3.2,2024-10-02,0,0,
L2,sglang,M-L2-skip-ragged-prefill-lse-no-prefix,v0.3.4.post1,2024-10-22,0,0,
L2,sglang,M-L2-skip-ragged-prefill-lse-no-prefix,v0.3.6,2024-11-22,0,0,
L2,sglang,M-L2-skip-ragged-prefill-lse-no-prefix,v0.4.0,2024-12-04,0,0,
L2,sglang,M-L2-skip-ragged-prefill-lse-no-prefix,v0.4.1,2024-12-25,0,0,
L2,sglang,M-L2-skip-ragged-prefill-lse-no-prefix,v0.4.3,2025-02-14,0,0,
L2,sglang,M-L2-skip-ragged-prefill-lse-no-prefix,v0.4.4,2025-03-13,0,0,
L2,sglang,M-L2-skip-ragged-prefill-lse-no-prefix,v0.4.5,2025-04-07,0,0,
L2,sglang,M-L2-skip-ragged-prefill-lse-no-prefix,v0.4.6,2025-04-27,0,0,
L2,sglang,M-L2-skip-ragged-prefill-lse-no-prefix,v0.4.7,2025-06-11,1,1,python/sglang/srt/layers/attention/flashinfer_mla_backend.py
L2,sglang,M-L2-skip-ragged-prefill-lse-no-prefix,v0.4.8,2025-06-24,1,1,python/sglang/srt/layers/attention/flashinfer_mla_backend.py
L2,sglang,M-L2-skip-ragged-prefill-lse-no-prefix,v0.4.10,2025-07-31,1,1,python/sglang/srt/layers/attention/flashinfer_mla_backend.py
L2,sglang,M-L2-skip-ragged-prefill-lse-no-prefix,v0.5.1,2025-08-23,1,1,python/sglang/srt/layers/attention/flashinfer_mla_backend.py
L2,sglang,M-L2-skip-ragged-prefill-lse-no-prefix,v0.5.2,2025-09-12,1,1,python/sglang/srt/layers/attention/flashinfer_mla_backend.py
L2,sglang,M-L2-skip-ragged-prefill-lse-no-prefix,v0.5.3,2025-10-06,1,1,python/sglang/srt/layers/attention/flashinfer_mla_backend.py
L2,sglang,M-L2-skip-ragged-prefill-lse-no-prefix,v0.5.4,2025-10-26,1,1,python/sglang/srt/layers/attention/flashinfer_mla_backend.py
L2,sglang,M-L2-skip-ragged-prefill-lse-no-prefix,v0.5.5,2025-11-06,1,1,python/sglang/srt/layers/attention/flashinfer_mla_backend.py
L2,sglang,M-L2-skip-ragged-prefill-lse-no-prefix,v0.5.6,2025-12-03,1,1,python/sglang/srt/layers/attention/flashinfer_mla_backend.py
L2,sglang,M-L2-skip-ragged-prefill-lse-no-prefix,v0.5.7,2026-01-01,1,1,python/sglang/srt/layers/attention/flashinfer_mla_backend.py
L2,sglang,M-L2-skip-ragged-prefill-lse-no-prefix,v0.5.8,2026-01-23,1,1,python/sglang/srt/layers/attention/flashinfer_mla_backend.py
L2,sglang,M-L2-skip-ragged-prefill-lse-no-prefix,v0.5.9,2026-02-23,1,1,python/sglang/srt/layers/attention/flashinfer_mla_backend.py
L2,sglang,M-L2-skip-ragged-prefill-lse-no-prefix,v0.5.10,2026-04-06,1,1,python/sglang/srt/layers/attention/flashinfer_mla_backend.py
L2,sglang,M-L2-skip-ragged-prefill-lse-no-prefix,v0.5.10.post1,2026-04-08,1,1,python/sglang/srt/layers/attention/flashinfer_mla_backend.py
L2,sglang,M-L2-skip-ragged-prefill-lse-no-prefix,v0.5.11,2026-05-05,1,1,python/sglang/srt/layers/attention/flashinfer_mla_backend.py
L2,sglang,M-L2-skip-ragged-prefill-lse-no-prefix,v0.5.12,2026-05-16,1,1,python/sglang/srt/layers/attention/flashinfer_mla_backend.py
L2,sglang,M-L2-skip-ragged-prefill-lse-no-prefix,v0.5.12.post1,2026-05-23,1,1,python/sglang/srt/layers/attention/flashinfer_mla_backend.py
L2,sglang,M-L2-skip-ragged-prefill-lse-no-prefix,v0.5.13,2026-06-11,1,1,python/sglang/srt/layers/attention/flashinfer_mla_backend.py
L2,sglang,M-L2-skip-ragged-prefill-lse-no-prefix,v0.5.14,2026-06-26,1,1,python/sglang/srt/layers/attention/flashinfer_mla_backend.py
L2,sglang,M-L2-skip-ragged-prefill-lse-no-prefix,v0.5.15,2026-07-10,1,1,python/sglang/srt/layers/attention/flashinfer_mla_backend.py
L2,sglang,M-L2-skip-ragged-prefill-lse-no-prefix,v0.5.15.post1,2026-07-14,1,1,python/sglang/srt/layers/attention/flashinfer_mla_backend.py
L2,sglang,M-L2-skip-ragged-prefill-lse-no-prefix,v0.5.16,2026-07-24,1,1,python/sglang/srt/layers/attention/flashinfer_mla_backend.py
L2,sglang,M-L2-skip-ragged-prefill-lse-no-prefix,v0.5.17,2026-08-07,1,1,python/sglang/srt/layers/attention/flashinfer_mla_backend.py
L2,sglang,M-L2-skip-ragged-prefill-lse-no-prefix,v0.5.18,2026-08-21,1,1,python/sglang/srt/layers/attention/flashinfer_mla_backend.py
L2,sglang,M-L2-skip-ragged-prefill-lse-no-prefix,v0.5.19,2026-09-04,1,1,python/sglang/srt/layers/attention/flashinfer_mla_backend.py
L2,sglang,M-L2-skip-ragged-prefill-lse-no-prefix,v0.5.20,2026-09-18,1,1,python/sglang/srt/layers/attention/flashinfer_mla_backend.py
L2,sglang,M-L2-skip-ragged-prefill-lse-no-prefix,CUTOFF,2026-09-28,1,1,python/sglang/srt/layers/attention/flashinfer_mla_backend.py
L2,sglang,M-L2-swa-ring-reprefill-tail,v0.1.5,2024-01-18,0,0,
L2,sglang,M-L2-swa-ring-reprefill-tail,v0.1.6,2024-01-21,0,0,
L2,sglang,M-L2-swa-ring-reprefill-tail,v0.1.11,2024-02-03,0,0,
L2,sglang,M-L2-swa-ring-reprefill-tail,v0.1.12,2024-02-11,0,0,
L2,sglang,M-L2-swa-ring-reprefill-tail,v0.1.13,2024-03-11,0,0,
L2,sglang,M-L2-swa-ring-reprefill-tail,v0.1.16,2024-05-14,0,0,
L2,sglang,M-L2-swa-ring-reprefill-tail,v0.1.17,2024-06-08,0,0,
L2,sglang,M-L2-swa-ring-reprefill-tail,v0.1.18,2024-07-04,0,0,
L2,sglang,M-L2-swa-ring-reprefill-tail,v0.1.20,2024-07-14,0,0,
L2,sglang,M-L2-swa-ring-reprefill-tail,v0.2.0,2024-07-25,0,0,
L2,sglang,M-L2-swa-ring-reprefill-tail,v0.2.5,2024-07-26,0,0,
L2,sglang,M-L2-swa-ring-reprefill-tail,v0.2.9,2024-08-02,0,0,
L2,sglang,M-L2-swa-ring-reprefill-tail,v0.2.13,2024-09-19,0,0,
L2,sglang,M-L2-swa-ring-reprefill-tail,v0.3.0,2024-09-19,0,0,
L2,sglang,M-L2-swa-ring-reprefill-tail,v0.3.2,2024-10-02,0,0,
L2,sglang,M-L2-swa-ring-reprefill-tail,v0.3.4.post1,2024-10-22,0,0,
L2,sglang,M-L2-swa-ring-reprefill-tail,v0.3.6,2024-11-22,0,0,
L2,sglang,M-L2-swa-ring-reprefill-tail,v0.4.0,2024-12-04,0,0,
L2,sglang,M-L2-swa-ring-reprefill-tail,v0.4.1,2024-12-25,0,0,
L2,sglang,M-L2-swa-ring-reprefill-tail,v0.4.3,2025-02-14,0,0,
L2,sglang,M-L2-swa-ring-reprefill-tail,v0.4.4,2025-03-13,0,0,
L2,sglang,M-L2-swa-ring-reprefill-tail,v0.4.5,2025-04-07,0,0,
L2,sglang,M-L2-swa-ring-reprefill-tail,v0.4.6,2025-04-27,0,0,
L2,sglang,M-L2-swa-ring-reprefill-tail,v0.4.7,2025-06-11,0,0,
L2,sglang,M-L2-swa-ring-reprefill-tail,v0.4.8,2025-06-24,0,0,
L2,sglang,M-L2-swa-ring-reprefill-tail,v0.4.10,2025-07-31,0,0,
L2,sglang,M-L2-swa-ring-reprefill-tail,v0.5.1,2025-08-23,0,0,
L2,sglang,M-L2-swa-ring-reprefill-tail,v0.5.2,2025-09-12,0,0,
L2,sglang,M-L2-swa-ring-reprefill-tail,v0.5.3,2025-10-06,0,0,
L2,sglang,M-L2-swa-ring-reprefill-tail,v0.5.4,2025-10-26,0,0,
L2,sglang,M-L2-swa-ring-reprefill-tail,v0.5.5,2025-11-06,0,0,
L2,sglang,M-L2-swa-ring-reprefill-tail,v0.5.6,2025-12-03,0,0,
L2,sglang,M-L2-swa-ring-reprefill-tail,v0.5.7,2026-01-01,0,0,
L2,sglang,M-L2-swa-ring-reprefill-tail,v0.5.8,2026-01-23,0,0,
L2,sglang,M-L2-swa-ring-reprefill-tail,v0.5.9,2026-02-23,0,0,
L2,sglang,M-L2-swa-ring-reprefill-tail,v0.5.10,2026-04-06,0,0,
L2,sglang,M-L2-swa-ring-reprefill-tail,v0.5.10.post1,2026-04-08,0,0,
L2,sglang,M-L2-swa-ring-reprefill-tail,v0.5.11,2026-05-05,0,0,
L2,sglang,M-L2-swa-ring-reprefill-tail,v0.5.12,2026-05-16,0,0,
L2,sglang,M-L2-swa-ring-reprefill-tail,v0.5.12.post1,2026-05-23,0,0,
L2,sglang,M-L2-swa-ring-reprefill-tail,v0.5.13,2026-06-11,0,0,
L2,sglang,M-L2-swa-ring-reprefill-tail,v0.5.14,2026-06-26,0,0,
L2,sglang,M-L2-swa-ring-reprefill-tail,v0.5.15,2026-07-10,0,0,
L2,sglang,M-L2-swa-ring-reprefill-tail,v0.5.15.post1,2026-07-14,0,0,
L2,sglang,M-L2-swa-ring-reprefill-tail,v0.5.16,2026-07-24,1,2,python/sglang/srt/managers/schedule_batch.py;python/sglang/srt/mem_cache/swa_radix_cache.py
L2,sglang,M-L2-swa-ring-reprefill-tail,v0.5.17,2026-08-07,1,2,python/sglang/srt/managers/schedule_batch.py;python/sglang/srt/mem_cache/swa_radix_cache.py
L2,sglang,M-L2-swa-ring-reprefill-tail,v0.5.18,2026-08-21,1,2,python/sglang/srt/managers/schedule_batch.py;python/sglang/srt/mem_cache/swa_radix_cache.py
L2,sglang,M-L2-swa-ring-reprefill-tail,v0.5.19,2026-09-04,1,2,python/sglang/srt/managers/schedule_batch.py;python/sglang/srt/mem_cache/swa_radix_cache.py
L2,sglang,M-L2-swa-ring-reprefill-tail,v0.5.20,2026-09-18,1,2,python/sglang/srt/managers/schedule_batch.py;python/sglang/srt/mem_cache/swa_radix_cache.py
L2,sglang,M-L2-swa-ring-reprefill-tail,CUTOFF,2026-09-28,1,1,python/sglang/srt/managers/schedule_batch.py
L3,vllm,M-L3-paged-kv-block-table-layout,v0.1.0,2023-06-20,1,1,csrc/cache_kernels.cu
L3,vllm,M-L3-paged-kv-block-table-layout,v0.1.1,2023-06-22,1,1,csrc/cache_kernels.cu
L3,vllm,M-L3-paged-kv-block-table-layout,v0.1.2,2023-07-05,1,1,csrc/cache_kernels.cu
L3,vllm,M-L3-paged-kv-block-table-layout,v0.1.3,2023-08-02,1,1,csrc/cache_kernels.cu
L3,vllm,M-L3-paged-kv-block-table-layout,v0.1.4,2023-08-25,1,1,csrc/cache_kernels.cu
L3,vllm,M-L3-paged-kv-block-table-layout,v0.1.5,2023-09-07,1,1,csrc/cache_kernels.cu
L3,vllm,M-L3-paged-kv-block-table-layout,v0.1.6,2023-09-08,1,1,csrc/cache_kernels.cu
L3,vllm,M-L3-paged-kv-block-table-layout,v0.1.7,2023-09-11,1,1,csrc/cache_kernels.cu
L3,vllm,M-L3-paged-kv-block-table-layout,v0.2.0,2023-09-28,1,1,csrc/cache_kernels.cu
L3,vllm,M-L3-paged-kv-block-table-layout,v0.2.1,2023-10-16,1,1,csrc/cache_kernels.cu
L3,vllm,M-L3-paged-kv-block-table-layout,v0.2.1.post1,2023-10-17,1,1,csrc/cache_kernels.cu
L3,vllm,M-L3-paged-kv-block-table-layout,v0.2.2,2023-11-19,1,1,csrc/cache_kernels.cu
L3,vllm,M-L3-paged-kv-block-table-layout,v0.2.3,2023-12-03,1,1,csrc/cache_kernels.cu
L3,vllm,M-L3-paged-kv-block-table-layout,v0.2.4,2023-12-11,1,1,csrc/cache_kernels.cu
L3,vllm,M-L3-paged-kv-block-table-layout,v0.2.5,2023-12-14,1,1,csrc/cache_kernels.cu
L3,vllm,M-L3-paged-kv-block-table-layout,v0.2.6,2023-12-17,1,1,csrc/cache_kernels.cu
L3,vllm,M-L3-paged-kv-block-table-layout,v0.2.7,2024-01-04,1,1,csrc/cache_kernels.cu
L3,vllm,M-L3-paged-kv-block-table-layout,v0.3.0,2024-01-31,1,1,csrc/cache_kernels.cu
L3,vllm,M-L3-paged-kv-block-table-layout,v0.3.1,2024-02-16,1,1,csrc/cache_kernels.cu
L3,vllm,M-L3-paged-kv-block-table-layout,v0.3.2,2024-02-21,1,1,csrc/cache_kernels.cu
L3,vllm,M-L3-paged-kv-block-table-layout,v0.3.3,2024-03-01,1,1,csrc/cache_kernels.cu
L3,vllm,M-L3-paged-kv-block-table-layout,v0.4.0,2024-03-30,1,1,csrc/cache_kernels.cu
L3,vllm,M-L3-paged-kv-block-table-layout,v0.4.0.post1,2024-04-02,1,1,csrc/cache_kernels.cu
L3,vllm,M-L3-paged-kv-block-table-layout,v0.4.1,2024-04-24,1,1,csrc/cache_kernels.cu
L3,vllm,M-L3-paged-kv-block-table-layout,v0.4.2,2024-05-05,1,1,csrc/cache_kernels.cu
L3,vllm,M-L3-paged-kv-block-table-layout,v0.4.3,2024-06-01,1,1,csrc/cache_kernels.cu
L3,vllm,M-L3-paged-kv-block-table-layout,v0.5.0,2024-06-11,1,1,csrc/cache_kernels.cu
L3,vllm,M-L3-paged-kv-block-table-layout,v0.5.0.post1,2024-06-14,1,1,csrc/cache_kernels.cu
L3,vllm,M-L3-paged-kv-block-table-layout,v0.5.1,2024-07-05,1,1,csrc/cache_kernels.cu
L3,vllm,M-L3-paged-kv-block-table-layout,v0.5.2,2024-07-15,1,1,csrc/cache_kernels.cu
L3,vllm,M-L3-paged-kv-block-table-layout,v0.5.3,2024-07-23,1,1,csrc/cache_kernels.cu
L3,vllm,M-L3-paged-kv-block-table-layout,v0.5.3.post1,2024-07-23,1,1,csrc/cache_kernels.cu
L3,vllm,M-L3-paged-kv-block-table-layout,v0.5.4,2024-08-05,1,1,csrc/cache_kernels.cu
L3,vllm,M-L3-paged-kv-block-table-layout,v0.5.5,2024-08-23,1,1,csrc/cache_kernels.cu
L3,vllm,M-L3-paged-kv-block-table-layout,v0.6.0,2024-09-04,1,1,csrc/cache_kernels.cu
L3,vllm,M-L3-paged-kv-block-table-layout,v0.6.1,2024-09-11,1,1,csrc/cache_kernels.cu
L3,vllm,M-L3-paged-kv-block-table-layout,v0.6.1.post1,2024-09-13,1,1,csrc/cache_kernels.cu
L3,vllm,M-L3-paged-kv-block-table-layout,v0.6.1.post2,2024-09-13,1,1,csrc/cache_kernels.cu
L3,vllm,M-L3-paged-kv-block-table-layout,v0.6.2,2024-09-25,1,1,csrc/cache_kernels.cu
L3,vllm,M-L3-paged-kv-block-table-layout,v0.6.3,2024-10-14,1,1,csrc/cache_kernels.cu
L3,vllm,M-L3-paged-kv-block-table-layout,v0.6.3.post1,2024-10-17,1,1,csrc/cache_kernels.cu
L3,vllm,M-L3-paged-kv-block-table-layout,v0.6.4,2024-11-15,1,1,csrc/cache_kernels.cu
L3,vllm,M-L3-paged-kv-block-table-layout,v0.6.4.post1,2024-11-15,1,1,csrc/cache_kernels.cu
L3,vllm,M-L3-paged-kv-block-table-layout,v0.6.5,2024-12-17,1,1,csrc/cache_kernels.cu
L3,vllm,M-L3-paged-kv-block-table-layout,v0.6.6,2024-12-27,1,1,csrc/cache_kernels.cu
L3,vllm,M-L3-paged-kv-block-table-layout,v0.6.6.post1,2024-12-27,1,1,csrc/cache_kernels.cu
L3,vllm,M-L3-paged-kv-block-table-layout,v0.7.0,2025-01-27,1,1,csrc/cache_kernels.cu
L3,vllm,M-L3-paged-kv-block-table-layout,v0.7.1,2025-02-01,1,1,csrc/cache_kernels.cu
L3,vllm,M-L3-paged-kv-block-table-layout,v0.7.2,2025-02-06,1,1,csrc/cache_kernels.cu
L3,vllm,M-L3-paged-kv-block-table-layout,v0.7.3,2025-02-20,1,1,csrc/cache_kernels.cu
L3,vllm,M-L3-paged-kv-block-table-layout,v0.8.0,2025-03-18,1,1,csrc/cache_kernels.cu
L3,vllm,M-L3-paged-kv-block-table-layout,v0.8.1,2025-03-19,1,1,csrc/cache_kernels.cu
L3,vllm,M-L3-paged-kv-block-table-layout,v0.8.2,2025-03-23,1,1,csrc/cache_kernels.cu
L3,vllm,M-L3-paged-kv-block-table-layout,v0.8.3,2025-04-06,1,1,csrc/cache_kernels.cu
L3,vllm,M-L3-paged-kv-block-table-layout,v0.8.4,2025-04-14,1,1,csrc/cache_kernels.cu
L3,vllm,M-L3-paged-kv-block-table-layout,v0.8.5,2025-04-28,1,1,csrc/cache_kernels.cu
L3,vllm,M-L3-paged-kv-block-table-layout,v0.8.5.post1,2025-05-02,1,1,csrc/cache_kernels.cu
L3,vllm,M-L3-paged-kv-block-table-layout,v0.9.0,2025-05-15,1,1,csrc/cache_kernels.cu
L3,vllm,M-L3-paged-kv-block-table-layout,v0.9.0.1,2025-05-30,1,1,csrc/cache_kernels.cu
L3,vllm,M-L3-paged-kv-block-table-layout,v0.9.1,2025-06-10,1,1,csrc/cache_kernels.cu
L3,vllm,M-L3-paged-kv-block-table-layout,v0.9.2,2025-07-07,1,1,csrc/cache_kernels.cu
L3,vllm,M-L3-paged-kv-block-table-layout,v0.10.0,2025-07-24,1,1,csrc/cache_kernels.cu
L3,vllm,M-L3-paged-kv-block-table-layout,v0.10.1,2025-08-18,1,1,csrc/cache_kernels.cu
L3,vllm,M-L3-paged-kv-block-table-layout,v0.10.1.1,2025-08-20,1,1,csrc/cache_kernels.cu
L3,vllm,M-L3-paged-kv-block-table-layout,v0.10.2,2025-09-13,1,1,csrc/cache_kernels.cu
L3,vllm,M-L3-paged-kv-block-table-layout,v0.11.0,2025-10-02,1,1,csrc/cache_kernels.cu
L3,vllm,M-L3-paged-kv-block-table-layout,v0.11.1,2025-11-18,1,1,csrc/cache_kernels.cu
L3,vllm,M-L3-paged-kv-block-table-layout,v0.11.2,2025-11-20,1,1,csrc/cache_kernels.cu
L3,vllm,M-L3-paged-kv-block-table-layout,v0.12.0,2025-12-03,1,1,csrc/cache_kernels.cu
L3,vllm,M-L3-paged-kv-block-table-layout,v0.13.0,2025-12-19,1,1,csrc/cache_kernels.cu
L3,vllm,M-L3-paged-kv-block-table-layout,v0.14.0,2026-01-20,1,1,csrc/cache_kernels.cu
L3,vllm,M-L3-paged-kv-block-table-layout,v0.14.1,2026-01-24,1,1,csrc/cache_kernels.cu
L3,vllm,M-L3-paged-kv-block-table-layout,v0.15.0,2026-01-29,1,1,csrc/cache_kernels.cu
L3,vllm,M-L3-paged-kv-block-table-layout,v0.15.1,2026-02-04,1,1,csrc/cache_kernels.cu
L3,vllm,M-L3-paged-kv-block-table-layout,v0.16.0,2026-02-25,1,1,csrc/cache_kernels.cu
L3,vllm,M-L3-paged-kv-block-table-layout,v0.17.0,2026-03-07,1,1,csrc/cache_kernels.cu
L3,vllm,M-L3-paged-kv-block-table-layout,v0.17.1,2026-03-11,1,1,csrc/cache_kernels.cu
L3,vllm,M-L3-paged-kv-block-table-layout,v0.18.0,2026-03-20,1,1,csrc/cache_kernels.cu
L3,vllm,M-L3-paged-kv-block-table-layout,v0.18.1,2026-03-31,1,1,csrc/cache_kernels.cu
L3,vllm,M-L3-paged-kv-block-table-layout,v0.19.0,2026-04-03,1,1,csrc/cache_kernels.cu
L3,vllm,M-L3-paged-kv-block-table-layout,v0.19.1,2026-04-18,1,1,csrc/cache_kernels.cu
L3,vllm,M-L3-paged-kv-block-table-layout,v0.20.0,2026-04-27,1,1,csrc/cache_kernels.cu
L3,vllm,M-L3-paged-kv-block-table-layout,v0.20.1,2026-05-04,1,1,csrc/cache_kernels.cu
L3,vllm,M-L3-paged-kv-block-table-layout,v0.20.2,2026-05-10,1,1,csrc/cache_kernels.cu
L3,vllm,M-L3-paged-kv-block-table-layout,v0.21.0,2026-05-15,1,1,csrc/cache_kernels.cu
L3,vllm,M-L3-paged-kv-block-table-layout,v0.22.0,2026-05-29,1,1,csrc/cache_kernels.cu
L3,vllm,M-L3-paged-kv-block-table-layout,v0.22.1,2026-06-05,1,1,csrc/cache_kernels.cu
L3,vllm,M-L3-paged-kv-block-table-layout,v0.23.0,2026-06-15,1,1,csrc/libtorch_stable/cache_kernels.cu
L3,vllm,M-L3-paged-kv-block-table-layout,v0.24.0,2026-06-29,1,1,csrc/libtorch_stable/cache_kernels.cu
L3,vllm,M-L3-paged-kv-block-table-layout,v0.25.0,2026-07-11,1,1,csrc/libtorch_stable/cache_kernels.cu
L3,vllm,M-L3-paged-kv-block-table-layout,v0.25.1,2026-07-14,1,1,csrc/libtorch_stable/cache_kernels.cu
L3,vllm,M-L3-paged-kv-block-table-layout,v0.26.0,2026-07-27,1,1,csrc/libtorch_stable/cache_kernels.cu
L3,vllm,M-L3-paged-kv-block-table-layout,v0.27.0,2026-08-10,1,1,csrc/libtorch_stable/cache_kernels.cu
L3,vllm,M-L3-paged-kv-block-table-layout,v0.27.1,2026-08-11,1,1,csrc/libtorch_stable/cache_kernels.cu
L3,vllm,M-L3-paged-kv-block-table-layout,v0.28.0,2026-08-26,1,1,csrc/libtorch_stable/cache_kernels.cu
L3,vllm,M-L3-paged-kv-block-table-layout,v0.29.0,2026-09-09,1,1,csrc/libtorch_stable/cache_kernels.cu
L3,vllm,M-L3-paged-kv-block-table-layout,v0.30.0,2026-09-22,1,1,csrc/libtorch_stable/cache_kernels.cu
L3,vllm,M-L3-paged-kv-block-table-layout,CUTOFF,2026-09-28,1,1,csrc/libtorch_stable/cache_kernels.cu
L3,vllm,M-L3-pagedattention-v1-single-cta,v0.1.0,2023-06-20,1,1,csrc/attention/attention_kernels.cu
L3,vllm,M-L3-pagedattention-v1-single-cta,v0.1.1,2023-06-22,1,1,csrc/attention/attention_kernels.cu
L3,vllm,M-L3-pagedattention-v1-single-cta,v0.1.2,2023-07-05,1,1,csrc/attention/attention_kernels.cu
L3,vllm,M-L3-pagedattention-v1-single-cta,v0.1.3,2023-08-02,1,1,csrc/attention/attention_kernels.cu
L3,vllm,M-L3-pagedattention-v1-single-cta,v0.1.4,2023-08-25,1,1,csrc/attention/attention_kernels.cu
L3,vllm,M-L3-pagedattention-v1-single-cta,v0.1.5,2023-09-07,1,1,csrc/attention/attention_kernels.cu
L3,vllm,M-L3-pagedattention-v1-single-cta,v0.1.6,2023-09-08,1,1,csrc/attention/attention_kernels.cu
L3,vllm,M-L3-pagedattention-v1-single-cta,v0.1.7,2023-09-11,1,1,csrc/attention/attention_kernels.cu
L3,vllm,M-L3-pagedattention-v1-single-cta,v0.2.0,2023-09-28,1,1,csrc/attention/attention_kernels.cu
L3,vllm,M-L3-pagedattention-v1-single-cta,v0.2.1,2023-10-16,1,1,csrc/attention/attention_kernels.cu
L3,vllm,M-L3-pagedattention-v1-single-cta,v0.2.1.post1,2023-10-17,1,1,csrc/attention/attention_kernels.cu
L3,vllm,M-L3-pagedattention-v1-single-cta,v0.2.2,2023-11-19,1,1,csrc/attention/attention_kernels.cu
L3,vllm,M-L3-pagedattention-v1-single-cta,v0.2.3,2023-12-03,1,1,csrc/attention/attention_kernels.cu
L3,vllm,M-L3-pagedattention-v1-single-cta,v0.2.4,2023-12-11,1,1,csrc/attention/attention_kernels.cu
L3,vllm,M-L3-pagedattention-v1-single-cta,v0.2.5,2023-12-14,1,1,csrc/attention/attention_kernels.cu
L3,vllm,M-L3-pagedattention-v1-single-cta,v0.2.6,2023-12-17,1,1,csrc/attention/attention_kernels.cu
L3,vllm,M-L3-pagedattention-v1-single-cta,v0.2.7,2024-01-04,1,1,csrc/attention/attention_kernels.cu
L3,vllm,M-L3-pagedattention-v1-single-cta,v0.3.0,2024-01-31,1,1,csrc/attention/attention_kernels.cu
L3,vllm,M-L3-pagedattention-v1-single-cta,v0.3.1,2024-02-16,1,1,csrc/attention/attention_kernels.cu
L3,vllm,M-L3-pagedattention-v1-single-cta,v0.3.2,2024-02-21,1,1,csrc/attention/attention_kernels.cu
L3,vllm,M-L3-pagedattention-v1-single-cta,v0.3.3,2024-03-01,1,1,csrc/attention/attention_kernels.cu
L3,vllm,M-L3-pagedattention-v1-single-cta,v0.4.0,2024-03-30,1,1,csrc/attention/attention_kernels.cu
L3,vllm,M-L3-pagedattention-v1-single-cta,v0.4.0.post1,2024-04-02,1,1,csrc/attention/attention_kernels.cu
L3,vllm,M-L3-pagedattention-v1-single-cta,v0.4.1,2024-04-24,1,1,csrc/attention/attention_kernels.cu
L3,vllm,M-L3-pagedattention-v1-single-cta,v0.4.2,2024-05-05,1,1,csrc/attention/attention_kernels.cu
L3,vllm,M-L3-pagedattention-v1-single-cta,v0.4.3,2024-06-01,1,1,csrc/attention/attention_kernels.cu
L3,vllm,M-L3-pagedattention-v1-single-cta,v0.5.0,2024-06-11,1,1,csrc/attention/attention_kernels.cu
L3,vllm,M-L3-pagedattention-v1-single-cta,v0.5.0.post1,2024-06-14,1,1,csrc/attention/attention_kernels.cu
L3,vllm,M-L3-pagedattention-v1-single-cta,v0.5.1,2024-07-05,1,1,csrc/attention/attention_kernels.cu
L3,vllm,M-L3-pagedattention-v1-single-cta,v0.5.2,2024-07-15,1,1,csrc/attention/attention_kernels.cu
L3,vllm,M-L3-pagedattention-v1-single-cta,v0.5.3,2024-07-23,1,1,csrc/attention/attention_kernels.cu
L3,vllm,M-L3-pagedattention-v1-single-cta,v0.5.3.post1,2024-07-23,1,1,csrc/attention/attention_kernels.cu
L3,vllm,M-L3-pagedattention-v1-single-cta,v0.5.4,2024-08-05,1,1,csrc/attention/attention_kernels.cu
L3,vllm,M-L3-pagedattention-v1-single-cta,v0.5.5,2024-08-23,1,1,csrc/attention/attention_kernels.cu
L3,vllm,M-L3-pagedattention-v1-single-cta,v0.6.0,2024-09-04,1,1,csrc/attention/attention_kernels.cu
L3,vllm,M-L3-pagedattention-v1-single-cta,v0.6.1,2024-09-11,1,1,csrc/attention/attention_kernels.cu
L3,vllm,M-L3-pagedattention-v1-single-cta,v0.6.1.post1,2024-09-13,1,1,csrc/attention/attention_kernels.cu
L3,vllm,M-L3-pagedattention-v1-single-cta,v0.6.1.post2,2024-09-13,1,1,csrc/attention/attention_kernels.cu
L3,vllm,M-L3-pagedattention-v1-single-cta,v0.6.2,2024-09-25,1,1,csrc/attention/attention_kernels.cu
L3,vllm,M-L3-pagedattention-v1-single-cta,v0.6.3,2024-10-14,1,1,csrc/attention/attention_kernels.cu
L3,vllm,M-L3-pagedattention-v1-single-cta,v0.6.3.post1,2024-10-17,1,1,csrc/attention/attention_kernels.cu
L3,vllm,M-L3-pagedattention-v1-single-cta,v0.6.4,2024-11-15,1,1,csrc/attention/paged_attention_v1.cu
L3,vllm,M-L3-pagedattention-v1-single-cta,v0.6.4.post1,2024-11-15,1,1,csrc/attention/paged_attention_v1.cu
L3,vllm,M-L3-pagedattention-v1-single-cta,v0.6.5,2024-12-17,1,1,csrc/attention/paged_attention_v1.cu
L3,vllm,M-L3-pagedattention-v1-single-cta,v0.6.6,2024-12-27,1,1,csrc/attention/paged_attention_v1.cu
L3,vllm,M-L3-pagedattention-v1-single-cta,v0.6.6.post1,2024-12-27,1,1,csrc/attention/paged_attention_v1.cu
L3,vllm,M-L3-pagedattention-v1-single-cta,v0.7.0,2025-01-27,1,1,csrc/attention/paged_attention_v1.cu
L3,vllm,M-L3-pagedattention-v1-single-cta,v0.7.1,2025-02-01,1,1,csrc/attention/paged_attention_v1.cu
L3,vllm,M-L3-pagedattention-v1-single-cta,v0.7.2,2025-02-06,1,1,csrc/attention/paged_attention_v1.cu
L3,vllm,M-L3-pagedattention-v1-single-cta,v0.7.3,2025-02-20,1,1,csrc/attention/paged_attention_v1.cu
L3,vllm,M-L3-pagedattention-v1-single-cta,v0.8.0,2025-03-18,1,1,csrc/attention/paged_attention_v1.cu
L3,vllm,M-L3-pagedattention-v1-single-cta,v0.8.1,2025-03-19,1,1,csrc/attention/paged_attention_v1.cu
L3,vllm,M-L3-pagedattention-v1-single-cta,v0.8.2,2025-03-23,1,1,csrc/attention/paged_attention_v1.cu
L3,vllm,M-L3-pagedattention-v1-single-cta,v0.8.3,2025-04-06,1,1,csrc/attention/paged_attention_v1.cu
L3,vllm,M-L3-pagedattention-v1-single-cta,v0.8.4,2025-04-14,1,1,csrc/attention/paged_attention_v1.cu
L3,vllm,M-L3-pagedattention-v1-single-cta,v0.8.5,2025-04-28,1,1,csrc/attention/paged_attention_v1.cu
L3,vllm,M-L3-pagedattention-v1-single-cta,v0.8.5.post1,2025-05-02,1,1,csrc/attention/paged_attention_v1.cu
L3,vllm,M-L3-pagedattention-v1-single-cta,v0.9.0,2025-05-15,1,1,csrc/attention/paged_attention_v1.cu
L3,vllm,M-L3-pagedattention-v1-single-cta,v0.9.0.1,2025-05-30,1,1,csrc/attention/paged_attention_v1.cu
L3,vllm,M-L3-pagedattention-v1-single-cta,v0.9.1,2025-06-10,1,1,csrc/attention/paged_attention_v1.cu
L3,vllm,M-L3-pagedattention-v1-single-cta,v0.9.2,2025-07-07,1,1,csrc/attention/paged_attention_v1.cu
L3,vllm,M-L3-pagedattention-v1-single-cta,v0.10.0,2025-07-24,1,1,csrc/attention/paged_attention_v1.cu
L3,vllm,M-L3-pagedattention-v1-single-cta,v0.10.1,2025-08-18,1,1,csrc/attention/paged_attention_v1.cu
L3,vllm,M-L3-pagedattention-v1-single-cta,v0.10.1.1,2025-08-20,1,1,csrc/attention/paged_attention_v1.cu
L3,vllm,M-L3-pagedattention-v1-single-cta,v0.10.2,2025-09-13,1,1,csrc/attention/paged_attention_v1.cu
L3,vllm,M-L3-pagedattention-v1-single-cta,v0.11.0,2025-10-02,1,1,csrc/attention/paged_attention_v1.cu
L3,vllm,M-L3-pagedattention-v1-single-cta,v0.11.1,2025-11-18,1,1,csrc/attention/paged_attention_v1.cu
L3,vllm,M-L3-pagedattention-v1-single-cta,v0.11.2,2025-11-20,1,1,csrc/attention/paged_attention_v1.cu
L3,vllm,M-L3-pagedattention-v1-single-cta,v0.12.0,2025-12-03,1,1,csrc/attention/paged_attention_v1.cu
L3,vllm,M-L3-pagedattention-v1-single-cta,v0.13.0,2025-12-19,1,1,csrc/attention/paged_attention_v1.cu
L3,vllm,M-L3-pagedattention-v1-single-cta,v0.14.0,2026-01-20,1,1,csrc/attention/paged_attention_v1.cu
L3,vllm,M-L3-pagedattention-v1-single-cta,v0.14.1,2026-01-24,1,1,csrc/attention/paged_attention_v1.cu
L3,vllm,M-L3-pagedattention-v1-single-cta,v0.15.0,2026-01-29,1,1,csrc/attention/paged_attention_v1.cu
L3,vllm,M-L3-pagedattention-v1-single-cta,v0.15.1,2026-02-04,1,1,csrc/attention/paged_attention_v1.cu
L3,vllm,M-L3-pagedattention-v1-single-cta,v0.16.0,2026-02-25,1,1,csrc/attention/paged_attention_v1.cu
L3,vllm,M-L3-pagedattention-v1-single-cta,v0.17.0,2026-03-07,1,1,csrc/attention/paged_attention_v1.cu
L3,vllm,M-L3-pagedattention-v1-single-cta,v0.17.1,2026-03-11,1,1,csrc/attention/paged_attention_v1.cu
L3,vllm,M-L3-pagedattention-v1-single-cta,v0.18.0,2026-03-20,1,1,csrc/attention/paged_attention_v1.cu
L3,vllm,M-L3-pagedattention-v1-single-cta,v0.18.1,2026-03-31,1,1,csrc/attention/paged_attention_v1.cu
L3,vllm,M-L3-pagedattention-v1-single-cta,v0.19.0,2026-04-03,1,1,csrc/attention/paged_attention_v1.cu
L3,vllm,M-L3-pagedattention-v1-single-cta,v0.19.1,2026-04-18,1,1,csrc/attention/paged_attention_v1.cu
L3,vllm,M-L3-pagedattention-v1-single-cta,v0.20.0,2026-04-27,1,1,csrc/attention/paged_attention_v1.cu
L3,vllm,M-L3-pagedattention-v1-single-cta,v0.20.1,2026-05-04,1,1,csrc/attention/paged_attention_v1.cu
L3,vllm,M-L3-pagedattention-v1-single-cta,v0.20.2,2026-05-10,1,1,csrc/attention/paged_attention_v1.cu
L3,vllm,M-L3-pagedattention-v1-single-cta,v0.21.0,2026-05-15,1,1,csrc/attention/paged_attention_v1.cu
L3,vllm,M-L3-pagedattention-v1-single-cta,v0.22.0,2026-05-29,1,1,csrc/attention/paged_attention_v1.cu
L3,vllm,M-L3-pagedattention-v1-single-cta,v0.22.1,2026-06-05,1,1,csrc/attention/paged_attention_v1.cu
L3,vllm,M-L3-pagedattention-v1-single-cta,v0.23.0,2026-06-15,1,1,csrc/libtorch_stable/attention/paged_attention_v1.cu
L3,vllm,M-L3-pagedattention-v1-single-cta,v0.24.0,2026-06-29,1,1,csrc/libtorch_stable/attention/paged_attention_v1.cu
L3,vllm,M-L3-pagedattention-v1-single-cta,v0.25.0,2026-07-11,0,0,
L3,vllm,M-L3-pagedattention-v1-single-cta,v0.25.1,2026-07-14,0,0,
L3,vllm,M-L3-pagedattention-v1-single-cta,v0.26.0,2026-07-27,0,0,
L3,vllm,M-L3-pagedattention-v1-single-cta,v0.27.0,2026-08-10,0,0,
L3,vllm,M-L3-pagedattention-v1-single-cta,v0.27.1,2026-08-11,0,0,
L3,vllm,M-L3-pagedattention-v1-single-cta,v0.28.0,2026-08-26,0,0,
L3,vllm,M-L3-pagedattention-v1-single-cta,v0.29.0,2026-09-09,0,0,
L3,vllm,M-L3-pagedattention-v1-single-cta,v0.30.0,2026-09-22,0,0,
L3,vllm,M-L3-pagedattention-v1-single-cta,CUTOFF,2026-09-28,0,0,
L3,vllm,M-L3-pagedattention-v2-split-kv-reduce,v0.1.0,2023-06-20,0,0,
L3,vllm,M-L3-pagedattention-v2-split-kv-reduce,v0.1.1,2023-06-22,0,0,
L3,vllm,M-L3-pagedattention-v2-split-kv-reduce,v0.1.2,2023-07-05,0,0,
L3,vllm,M-L3-pagedattention-v2-split-kv-reduce,v0.1.3,2023-08-02,0,0,
L3,vllm,M-L3-pagedattention-v2-split-kv-reduce,v0.1.4,2023-08-25,0,0,
L3,vllm,M-L3-pagedattention-v2-split-kv-reduce,v0.1.5,2023-09-07,0,0,
L3,vllm,M-L3-pagedattention-v2-split-kv-reduce,v0.1.6,2023-09-08,0,0,
L3,vllm,M-L3-pagedattention-v2-split-kv-reduce,v0.1.7,2023-09-11,0,0,
L3,vllm,M-L3-pagedattention-v2-split-kv-reduce,v0.2.0,2023-09-28,0,0,
L3,vllm,M-L3-pagedattention-v2-split-kv-reduce,v0.2.1,2023-10-16,1,1,csrc/attention/attention_kernels.cu
L3,vllm,M-L3-pagedattention-v2-split-kv-reduce,v0.2.1.post1,2023-10-17,1,1,csrc/attention/attention_kernels.cu
L3,vllm,M-L3-pagedattention-v2-split-kv-reduce,v0.2.2,2023-11-19,1,1,csrc/attention/attention_kernels.cu
L3,vllm,M-L3-pagedattention-v2-split-kv-reduce,v0.2.3,2023-12-03,1,1,csrc/attention/attention_kernels.cu
L3,vllm,M-L3-pagedattention-v2-split-kv-reduce,v0.2.4,2023-12-11,1,1,csrc/attention/attention_kernels.cu
L3,vllm,M-L3-pagedattention-v2-split-kv-reduce,v0.2.5,2023-12-14,1,1,csrc/attention/attention_kernels.cu
L3,vllm,M-L3-pagedattention-v2-split-kv-reduce,v0.2.6,2023-12-17,1,1,csrc/attention/attention_kernels.cu
L3,vllm,M-L3-pagedattention-v2-split-kv-reduce,v0.2.7,2024-01-04,1,1,csrc/attention/attention_kernels.cu
L3,vllm,M-L3-pagedattention-v2-split-kv-reduce,v0.3.0,2024-01-31,1,1,csrc/attention/attention_kernels.cu
L3,vllm,M-L3-pagedattention-v2-split-kv-reduce,v0.3.1,2024-02-16,1,1,csrc/attention/attention_kernels.cu
L3,vllm,M-L3-pagedattention-v2-split-kv-reduce,v0.3.2,2024-02-21,1,1,csrc/attention/attention_kernels.cu
L3,vllm,M-L3-pagedattention-v2-split-kv-reduce,v0.3.3,2024-03-01,1,1,csrc/attention/attention_kernels.cu
L3,vllm,M-L3-pagedattention-v2-split-kv-reduce,v0.4.0,2024-03-30,1,1,csrc/attention/attention_kernels.cu
L3,vllm,M-L3-pagedattention-v2-split-kv-reduce,v0.4.0.post1,2024-04-02,1,1,csrc/attention/attention_kernels.cu
L3,vllm,M-L3-pagedattention-v2-split-kv-reduce,v0.4.1,2024-04-24,1,1,csrc/attention/attention_kernels.cu
L3,vllm,M-L3-pagedattention-v2-split-kv-reduce,v0.4.2,2024-05-05,1,1,csrc/attention/attention_kernels.cu
L3,vllm,M-L3-pagedattention-v2-split-kv-reduce,v0.4.3,2024-06-01,1,1,csrc/attention/attention_kernels.cu
L3,vllm,M-L3-pagedattention-v2-split-kv-reduce,v0.5.0,2024-06-11,1,1,csrc/attention/attention_kernels.cu
L3,vllm,M-L3-pagedattention-v2-split-kv-reduce,v0.5.0.post1,2024-06-14,1,1,csrc/attention/attention_kernels.cu
L3,vllm,M-L3-pagedattention-v2-split-kv-reduce,v0.5.1,2024-07-05,1,1,csrc/attention/attention_kernels.cu
L3,vllm,M-L3-pagedattention-v2-split-kv-reduce,v0.5.2,2024-07-15,1,1,csrc/attention/attention_kernels.cu
L3,vllm,M-L3-pagedattention-v2-split-kv-reduce,v0.5.3,2024-07-23,1,1,csrc/attention/attention_kernels.cu
L3,vllm,M-L3-pagedattention-v2-split-kv-reduce,v0.5.3.post1,2024-07-23,1,1,csrc/attention/attention_kernels.cu
L3,vllm,M-L3-pagedattention-v2-split-kv-reduce,v0.5.4,2024-08-05,1,1,csrc/attention/attention_kernels.cu
L3,vllm,M-L3-pagedattention-v2-split-kv-reduce,v0.5.5,2024-08-23,1,1,csrc/attention/attention_kernels.cu
L3,vllm,M-L3-pagedattention-v2-split-kv-reduce,v0.6.0,2024-09-04,1,1,csrc/attention/attention_kernels.cu
L3,vllm,M-L3-pagedattention-v2-split-kv-reduce,v0.6.1,2024-09-11,1,1,csrc/attention/attention_kernels.cu
L3,vllm,M-L3-pagedattention-v2-split-kv-reduce,v0.6.1.post1,2024-09-13,1,1,csrc/attention/attention_kernels.cu
L3,vllm,M-L3-pagedattention-v2-split-kv-reduce,v0.6.1.post2,2024-09-13,1,1,csrc/attention/attention_kernels.cu
L3,vllm,M-L3-pagedattention-v2-split-kv-reduce,v0.6.2,2024-09-25,1,1,csrc/attention/attention_kernels.cu
L3,vllm,M-L3-pagedattention-v2-split-kv-reduce,v0.6.3,2024-10-14,1,1,csrc/attention/attention_kernels.cu
L3,vllm,M-L3-pagedattention-v2-split-kv-reduce,v0.6.3.post1,2024-10-17,1,1,csrc/attention/attention_kernels.cu
L3,vllm,M-L3-pagedattention-v2-split-kv-reduce,v0.6.4,2024-11-15,1,1,csrc/attention/paged_attention_v2.cu
L3,vllm,M-L3-pagedattention-v2-split-kv-reduce,v0.6.4.post1,2024-11-15,1,1,csrc/attention/paged_attention_v2.cu
L3,vllm,M-L3-pagedattention-v2-split-kv-reduce,v0.6.5,2024-12-17,1,1,csrc/attention/paged_attention_v2.cu
L3,vllm,M-L3-pagedattention-v2-split-kv-reduce,v0.6.6,2024-12-27,1,1,csrc/attention/paged_attention_v2.cu
L3,vllm,M-L3-pagedattention-v2-split-kv-reduce,v0.6.6.post1,2024-12-27,1,1,csrc/attention/paged_attention_v2.cu
L3,vllm,M-L3-pagedattention-v2-split-kv-reduce,v0.7.0,2025-01-27,1,1,csrc/attention/paged_attention_v2.cu
L3,vllm,M-L3-pagedattention-v2-split-kv-reduce,v0.7.1,2025-02-01,1,1,csrc/attention/paged_attention_v2.cu
L3,vllm,M-L3-pagedattention-v2-split-kv-reduce,v0.7.2,2025-02-06,1,1,csrc/attention/paged_attention_v2.cu
L3,vllm,M-L3-pagedattention-v2-split-kv-reduce,v0.7.3,2025-02-20,1,1,csrc/attention/paged_attention_v2.cu
L3,vllm,M-L3-pagedattention-v2-split-kv-reduce,v0.8.0,2025-03-18,1,1,csrc/attention/paged_attention_v2.cu
L3,vllm,M-L3-pagedattention-v2-split-kv-reduce,v0.8.1,2025-03-19,1,1,csrc/attention/paged_attention_v2.cu
L3,vllm,M-L3-pagedattention-v2-split-kv-reduce,v0.8.2,2025-03-23,1,1,csrc/attention/paged_attention_v2.cu
L3,vllm,M-L3-pagedattention-v2-split-kv-reduce,v0.8.3,2025-04-06,1,1,csrc/attention/paged_attention_v2.cu
L3,vllm,M-L3-pagedattention-v2-split-kv-reduce,v0.8.4,2025-04-14,1,1,csrc/attention/paged_attention_v2.cu
L3,vllm,M-L3-pagedattention-v2-split-kv-reduce,v0.8.5,2025-04-28,1,1,csrc/attention/paged_attention_v2.cu
L3,vllm,M-L3-pagedattention-v2-split-kv-reduce,v0.8.5.post1,2025-05-02,1,1,csrc/attention/paged_attention_v2.cu
L3,vllm,M-L3-pagedattention-v2-split-kv-reduce,v0.9.0,2025-05-15,1,1,csrc/attention/paged_attention_v2.cu
L3,vllm,M-L3-pagedattention-v2-split-kv-reduce,v0.9.0.1,2025-05-30,1,1,csrc/attention/paged_attention_v2.cu
L3,vllm,M-L3-pagedattention-v2-split-kv-reduce,v0.9.1,2025-06-10,1,1,csrc/attention/paged_attention_v2.cu
L3,vllm,M-L3-pagedattention-v2-split-kv-reduce,v0.9.2,2025-07-07,1,1,csrc/attention/paged_attention_v2.cu
L3,vllm,M-L3-pagedattention-v2-split-kv-reduce,v0.10.0,2025-07-24,1,1,csrc/attention/paged_attention_v2.cu
L3,vllm,M-L3-pagedattention-v2-split-kv-reduce,v0.10.1,2025-08-18,1,1,csrc/attention/paged_attention_v2.cu
L3,vllm,M-L3-pagedattention-v2-split-kv-reduce,v0.10.1.1,2025-08-20,1,1,csrc/attention/paged_attention_v2.cu
L3,vllm,M-L3-pagedattention-v2-split-kv-reduce,v0.10.2,2025-09-13,1,1,csrc/attention/paged_attention_v2.cu
L3,vllm,M-L3-pagedattention-v2-split-kv-reduce,v0.11.0,2025-10-02,1,1,csrc/attention/paged_attention_v2.cu
L3,vllm,M-L3-pagedattention-v2-split-kv-reduce,v0.11.1,2025-11-18,1,1,csrc/attention/paged_attention_v2.cu
L3,vllm,M-L3-pagedattention-v2-split-kv-reduce,v0.11.2,2025-11-20,1,1,csrc/attention/paged_attention_v2.cu
L3,vllm,M-L3-pagedattention-v2-split-kv-reduce,v0.12.0,2025-12-03,1,1,csrc/attention/paged_attention_v2.cu
L3,vllm,M-L3-pagedattention-v2-split-kv-reduce,v0.13.0,2025-12-19,1,1,csrc/attention/paged_attention_v2.cu
L3,vllm,M-L3-pagedattention-v2-split-kv-reduce,v0.14.0,2026-01-20,1,2,csrc/attention/paged_attention_v2.cu;vllm/v1/attention/ops/triton_merge_attn_states.py
L3,vllm,M-L3-pagedattention-v2-split-kv-reduce,v0.14.1,2026-01-24,1,2,csrc/attention/paged_attention_v2.cu;vllm/v1/attention/ops/triton_merge_attn_states.py
L3,vllm,M-L3-pagedattention-v2-split-kv-reduce,v0.15.0,2026-01-29,1,2,csrc/attention/paged_attention_v2.cu;vllm/v1/attention/ops/triton_merge_attn_states.py
L3,vllm,M-L3-pagedattention-v2-split-kv-reduce,v0.15.1,2026-02-04,1,2,csrc/attention/paged_attention_v2.cu;vllm/v1/attention/ops/triton_merge_attn_states.py
L3,vllm,M-L3-pagedattention-v2-split-kv-reduce,v0.16.0,2026-02-25,1,2,csrc/attention/paged_attention_v2.cu;vllm/v1/attention/ops/triton_merge_attn_states.py
L3,vllm,M-L3-pagedattention-v2-split-kv-reduce,v0.17.0,2026-03-07,1,2,csrc/attention/paged_attention_v2.cu;vllm/v1/attention/ops/triton_merge_attn_states.py
L3,vllm,M-L3-pagedattention-v2-split-kv-reduce,v0.17.1,2026-03-11,1,2,csrc/attention/paged_attention_v2.cu;vllm/v1/attention/ops/triton_merge_attn_states.py
L3,vllm,M-L3-pagedattention-v2-split-kv-reduce,v0.18.0,2026-03-20,1,2,csrc/attention/paged_attention_v2.cu;vllm/v1/attention/ops/triton_merge_attn_states.py
L3,vllm,M-L3-pagedattention-v2-split-kv-reduce,v0.18.1,2026-03-31,1,2,csrc/attention/paged_attention_v2.cu;vllm/v1/attention/ops/triton_merge_attn_states.py
L3,vllm,M-L3-pagedattention-v2-split-kv-reduce,v0.19.0,2026-04-03,1,2,csrc/attention/paged_attention_v2.cu;vllm/v1/attention/ops/triton_merge_attn_states.py
L3,vllm,M-L3-pagedattention-v2-split-kv-reduce,v0.19.1,2026-04-18,1,2,csrc/attention/paged_attention_v2.cu;vllm/v1/attention/ops/triton_merge_attn_states.py
L3,vllm,M-L3-pagedattention-v2-split-kv-reduce,v0.20.0,2026-04-27,1,2,csrc/attention/paged_attention_v2.cu;vllm/v1/attention/ops/triton_merge_attn_states.py
L3,vllm,M-L3-pagedattention-v2-split-kv-reduce,v0.20.1,2026-05-04,1,2,csrc/attention/paged_attention_v2.cu;vllm/v1/attention/ops/triton_merge_attn_states.py
L3,vllm,M-L3-pagedattention-v2-split-kv-reduce,v0.20.2,2026-05-10,1,2,csrc/attention/paged_attention_v2.cu;vllm/v1/attention/ops/triton_merge_attn_states.py
L3,vllm,M-L3-pagedattention-v2-split-kv-reduce,v0.21.0,2026-05-15,1,2,csrc/attention/paged_attention_v2.cu;vllm/v1/attention/ops/triton_merge_attn_states.py
L3,vllm,M-L3-pagedattention-v2-split-kv-reduce,v0.22.0,2026-05-29,1,2,csrc/attention/paged_attention_v2.cu;vllm/v1/attention/ops/triton_merge_attn_states.py
L3,vllm,M-L3-pagedattention-v2-split-kv-reduce,v0.22.1,2026-06-05,1,2,csrc/attention/paged_attention_v2.cu;vllm/v1/attention/ops/triton_merge_attn_states.py
L3,vllm,M-L3-pagedattention-v2-split-kv-reduce,v0.23.0,2026-06-15,1,3,csrc/libtorch_stable/attention/merge_attn_states.cu;csrc/libtorch_stable/attention/paged_attention_v2.cu;vllm/v1/attention/ops/triton_merge_attn_states.py
L3,vllm,M-L3-pagedattention-v2-split-kv-reduce,v0.24.0,2026-06-29,1,3,csrc/libtorch_stable/attention/merge_attn_states.cu;csrc/libtorch_stable/attention/paged_attention_v2.cu;vllm/v1/attention/ops/triton_merge_attn_states.py
L3,vllm,M-L3-pagedattention-v2-split-kv-reduce,v0.25.0,2026-07-11,1,2,csrc/libtorch_stable/attention/merge_attn_states.cu;vllm/v1/attention/ops/triton_merge_attn_states.py
L3,vllm,M-L3-pagedattention-v2-split-kv-reduce,v0.25.1,2026-07-14,1,2,csrc/libtorch_stable/attention/merge_attn_states.cu;vllm/v1/attention/ops/triton_merge_attn_states.py
L3,vllm,M-L3-pagedattention-v2-split-kv-reduce,v0.26.0,2026-07-27,1,2,csrc/libtorch_stable/attention/merge_attn_states.cu;vllm/v1/attention/ops/triton_merge_attn_states.py
L3,vllm,M-L3-pagedattention-v2-split-kv-reduce,v0.27.0,2026-08-10,1,2,csrc/libtorch_stable/attention/merge_attn_states.cu;vllm/v1/attention/ops/triton_merge_attn_states.py
L3,vllm,M-L3-pagedattention-v2-split-kv-reduce,v0.27.1,2026-08-11,1,2,csrc/libtorch_stable/attention/merge_attn_states.cu;vllm/v1/attention/ops/triton_merge_attn_states.py
L3,vllm,M-L3-pagedattention-v2-split-kv-reduce,v0.28.0,2026-08-26,1,2,csrc/libtorch_stable/attention/merge_attn_states.cu;vllm/v1/attention/ops/triton_merge_attn_states.py
L3,vllm,M-L3-pagedattention-v2-split-kv-reduce,v0.29.0,2026-09-09,1,2,csrc/libtorch_stable/attention/merge_attn_states.cu;vllm/v1/attention/ops/triton_merge_attn_states.py
L3,vllm,M-L3-pagedattention-v2-split-kv-reduce,v0.30.0,2026-09-22,1,2,csrc/libtorch_stable/attention/merge_attn_states.cu;vllm/v1/attention/ops/triton_merge_attn_states.py
L3,vllm,M-L3-pagedattention-v2-split-kv-reduce,CUTOFF,2026-09-28,1,2,csrc/libtorch_stable/attention/merge_attn_states.cu;vllm/v1/attention/ops/triton_merge_attn_states.py
L3,vllm,M-L3-flashattention-paged-online-softmax,v0.1.0,2023-06-20,0,0,
L3,vllm,M-L3-flashattention-paged-online-softmax,v0.1.1,2023-06-22,0,0,
L3,vllm,M-L3-flashattention-paged-online-softmax,v0.1.2,2023-07-05,0,0,
L3,vllm,M-L3-flashattention-paged-online-softmax,v0.1.3,2023-08-02,0,0,
L3,vllm,M-L3-flashattention-paged-online-softmax,v0.1.4,2023-08-25,0,0,
L3,vllm,M-L3-flashattention-paged-online-softmax,v0.1.5,2023-09-07,0,0,
L3,vllm,M-L3-flashattention-paged-online-softmax,v0.1.6,2023-09-08,0,0,
L3,vllm,M-L3-flashattention-paged-online-softmax,v0.1.7,2023-09-11,0,0,
L3,vllm,M-L3-flashattention-paged-online-softmax,v0.2.0,2023-09-28,0,0,
L3,vllm,M-L3-flashattention-paged-online-softmax,v0.2.1,2023-10-16,0,0,
L3,vllm,M-L3-flashattention-paged-online-softmax,v0.2.1.post1,2023-10-17,0,0,
L3,vllm,M-L3-flashattention-paged-online-softmax,v0.2.2,2023-11-19,0,0,
L3,vllm,M-L3-flashattention-paged-online-softmax,v0.2.3,2023-12-03,0,0,
L3,vllm,M-L3-flashattention-paged-online-softmax,v0.2.4,2023-12-11,0,0,
L3,vllm,M-L3-flashattention-paged-online-softmax,v0.2.5,2023-12-14,0,0,
L3,vllm,M-L3-flashattention-paged-online-softmax,v0.2.6,2023-12-17,0,0,
L3,vllm,M-L3-flashattention-paged-online-softmax,v0.2.7,2024-01-04,0,0,
L3,vllm,M-L3-flashattention-paged-online-softmax,v0.3.0,2024-01-31,0,0,
L3,vllm,M-L3-flashattention-paged-online-softmax,v0.3.1,2024-02-16,0,0,
L3,vllm,M-L3-flashattention-paged-online-softmax,v0.3.2,2024-02-21,0,0,
L3,vllm,M-L3-flashattention-paged-online-softmax,v0.3.3,2024-03-01,0,0,
L3,vllm,M-L3-flashattention-paged-online-softmax,v0.4.0,2024-03-30,1,1,vllm/attention/backends/flash_attn.py
L3,vllm,M-L3-flashattention-paged-online-softmax,v0.4.0.post1,2024-04-02,1,1,vllm/attention/backends/flash_attn.py
L3,vllm,M-L3-flashattention-paged-online-softmax,v0.4.1,2024-04-24,1,1,vllm/attention/backends/flash_attn.py
L3,vllm,M-L3-flashattention-paged-online-softmax,v0.4.2,2024-05-05,1,1,vllm/attention/backends/flash_attn.py
L3,vllm,M-L3-flashattention-paged-online-softmax,v0.4.3,2024-06-01,1,1,vllm/attention/backends/flash_attn.py
L3,vllm,M-L3-flashattention-paged-online-softmax,v0.5.0,2024-06-11,1,1,vllm/attention/backends/flash_attn.py
L3,vllm,M-L3-flashattention-paged-online-softmax,v0.5.0.post1,2024-06-14,1,1,vllm/attention/backends/flash_attn.py
L3,vllm,M-L3-flashattention-paged-online-softmax,v0.5.1,2024-07-05,1,1,vllm/attention/backends/flash_attn.py
L3,vllm,M-L3-flashattention-paged-online-softmax,v0.5.2,2024-07-15,1,1,vllm/attention/backends/flash_attn.py
L3,vllm,M-L3-flashattention-paged-online-softmax,v0.5.3,2024-07-23,1,1,vllm/attention/backends/flash_attn.py
L3,vllm,M-L3-flashattention-paged-online-softmax,v0.5.3.post1,2024-07-23,1,1,vllm/attention/backends/flash_attn.py
L3,vllm,M-L3-flashattention-paged-online-softmax,v0.5.4,2024-08-05,1,1,vllm/attention/backends/flash_attn.py
L3,vllm,M-L3-flashattention-paged-online-softmax,v0.5.5,2024-08-23,1,1,vllm/attention/backends/flash_attn.py
L3,vllm,M-L3-flashattention-paged-online-softmax,v0.6.0,2024-09-04,1,1,vllm/attention/backends/flash_attn.py
L3,vllm,M-L3-flashattention-paged-online-softmax,v0.6.1,2024-09-11,1,1,vllm/attention/backends/flash_attn.py
L3,vllm,M-L3-flashattention-paged-online-softmax,v0.6.1.post1,2024-09-13,1,1,vllm/attention/backends/flash_attn.py
L3,vllm,M-L3-flashattention-paged-online-softmax,v0.6.1.post2,2024-09-13,1,1,vllm/attention/backends/flash_attn.py
L3,vllm,M-L3-flashattention-paged-online-softmax,v0.6.2,2024-09-25,1,1,vllm/attention/backends/flash_attn.py
L3,vllm,M-L3-flashattention-paged-online-softmax,v0.6.3,2024-10-14,1,1,vllm/attention/backends/flash_attn.py
L3,vllm,M-L3-flashattention-paged-online-softmax,v0.6.3.post1,2024-10-17,1,1,vllm/attention/backends/flash_attn.py
L3,vllm,M-L3-flashattention-paged-online-softmax,v0.6.4,2024-11-15,1,2,vllm/attention/backends/flash_attn.py;vllm/v1/attention/backends/flash_attn.py
L3,vllm,M-L3-flashattention-paged-online-softmax,v0.6.4.post1,2024-11-15,1,2,vllm/attention/backends/flash_attn.py;vllm/v1/attention/backends/flash_attn.py
L3,vllm,M-L3-flashattention-paged-online-softmax,v0.6.5,2024-12-17,1,2,vllm/attention/backends/flash_attn.py;vllm/v1/attention/backends/flash_attn.py
L3,vllm,M-L3-flashattention-paged-online-softmax,v0.6.6,2024-12-27,1,2,vllm/attention/backends/flash_attn.py;vllm/v1/attention/backends/flash_attn.py
L3,vllm,M-L3-flashattention-paged-online-softmax,v0.6.6.post1,2024-12-27,1,2,vllm/attention/backends/flash_attn.py;vllm/v1/attention/backends/flash_attn.py
L3,vllm,M-L3-flashattention-paged-online-softmax,v0.7.0,2025-01-27,1,2,vllm/attention/backends/flash_attn.py;vllm/v1/attention/backends/flash_attn.py
L3,vllm,M-L3-flashattention-paged-online-softmax,v0.7.1,2025-02-01,1,2,vllm/attention/backends/flash_attn.py;vllm/v1/attention/backends/flash_attn.py
L3,vllm,M-L3-flashattention-paged-online-softmax,v0.7.2,2025-02-06,1,2,vllm/attention/backends/flash_attn.py;vllm/v1/attention/backends/flash_attn.py
L3,vllm,M-L3-flashattention-paged-online-softmax,v0.7.3,2025-02-20,1,2,vllm/attention/backends/flash_attn.py;vllm/v1/attention/backends/flash_attn.py
L3,vllm,M-L3-flashattention-paged-online-softmax,v0.8.0,2025-03-18,1,2,vllm/attention/backends/flash_attn.py;vllm/v1/attention/backends/flash_attn.py
L3,vllm,M-L3-flashattention-paged-online-softmax,v0.8.1,2025-03-19,1,2,vllm/attention/backends/flash_attn.py;vllm/v1/attention/backends/flash_attn.py
L3,vllm,M-L3-flashattention-paged-online-softmax,v0.8.2,2025-03-23,1,2,vllm/attention/backends/flash_attn.py;vllm/v1/attention/backends/flash_attn.py
L3,vllm,M-L3-flashattention-paged-online-softmax,v0.8.3,2025-04-06,1,2,vllm/attention/backends/flash_attn.py;vllm/v1/attention/backends/flash_attn.py
L3,vllm,M-L3-flashattention-paged-online-softmax,v0.8.4,2025-04-14,1,2,vllm/attention/backends/flash_attn.py;vllm/v1/attention/backends/flash_attn.py
L3,vllm,M-L3-flashattention-paged-online-softmax,v0.8.5,2025-04-28,1,2,vllm/attention/backends/flash_attn.py;vllm/v1/attention/backends/flash_attn.py
L3,vllm,M-L3-flashattention-paged-online-softmax,v0.8.5.post1,2025-05-02,1,2,vllm/attention/backends/flash_attn.py;vllm/v1/attention/backends/flash_attn.py
L3,vllm,M-L3-flashattention-paged-online-softmax,v0.9.0,2025-05-15,1,2,vllm/attention/backends/flash_attn.py;vllm/v1/attention/backends/flash_attn.py
L3,vllm,M-L3-flashattention-paged-online-softmax,v0.9.0.1,2025-05-30,1,2,vllm/attention/backends/flash_attn.py;vllm/v1/attention/backends/flash_attn.py
L3,vllm,M-L3-flashattention-paged-online-softmax,v0.9.1,2025-06-10,1,2,vllm/attention/backends/flash_attn.py;vllm/v1/attention/backends/flash_attn.py
L3,vllm,M-L3-flashattention-paged-online-softmax,v0.9.2,2025-07-07,1,2,vllm/attention/backends/flash_attn.py;vllm/v1/attention/backends/flash_attn.py
L3,vllm,M-L3-flashattention-paged-online-softmax,v0.10.0,2025-07-24,1,2,vllm/attention/backends/flash_attn.py;vllm/v1/attention/backends/flash_attn.py
L3,vllm,M-L3-flashattention-paged-online-softmax,v0.10.1,2025-08-18,1,2,vllm/attention/backends/flash_attn.py;vllm/v1/attention/backends/flash_attn.py
L3,vllm,M-L3-flashattention-paged-online-softmax,v0.10.1.1,2025-08-20,1,2,vllm/attention/backends/flash_attn.py;vllm/v1/attention/backends/flash_attn.py
L3,vllm,M-L3-flashattention-paged-online-softmax,v0.10.2,2025-09-13,1,2,vllm/attention/backends/flash_attn.py;vllm/v1/attention/backends/flash_attn.py
L3,vllm,M-L3-flashattention-paged-online-softmax,v0.11.0,2025-10-02,1,1,vllm/v1/attention/backends/flash_attn.py
L3,vllm,M-L3-flashattention-paged-online-softmax,v0.11.1,2025-11-18,1,1,vllm/v1/attention/backends/flash_attn.py
L3,vllm,M-L3-flashattention-paged-online-softmax,v0.11.2,2025-11-20,1,1,vllm/v1/attention/backends/flash_attn.py
L3,vllm,M-L3-flashattention-paged-online-softmax,v0.12.0,2025-12-03,1,1,vllm/v1/attention/backends/flash_attn.py
L3,vllm,M-L3-flashattention-paged-online-softmax,v0.13.0,2025-12-19,1,1,vllm/v1/attention/backends/flash_attn.py
L3,vllm,M-L3-flashattention-paged-online-softmax,v0.14.0,2026-01-20,1,2,vllm/v1/attention/backends/fa_utils.py;vllm/v1/attention/backends/flash_attn.py
L3,vllm,M-L3-flashattention-paged-online-softmax,v0.14.1,2026-01-24,1,2,vllm/v1/attention/backends/fa_utils.py;vllm/v1/attention/backends/flash_attn.py
L3,vllm,M-L3-flashattention-paged-online-softmax,v0.15.0,2026-01-29,1,2,vllm/v1/attention/backends/fa_utils.py;vllm/v1/attention/backends/flash_attn.py
L3,vllm,M-L3-flashattention-paged-online-softmax,v0.15.1,2026-02-04,1,2,vllm/v1/attention/backends/fa_utils.py;vllm/v1/attention/backends/flash_attn.py
L3,vllm,M-L3-flashattention-paged-online-softmax,v0.16.0,2026-02-25,1,2,vllm/v1/attention/backends/fa_utils.py;vllm/v1/attention/backends/flash_attn.py
L3,vllm,M-L3-flashattention-paged-online-softmax,v0.17.0,2026-03-07,1,3,vllm/v1/attention/backends/fa_utils.py;vllm/v1/attention/backends/flash_attn.py;vllm/vllm_flash_attn/flash_attn_interface.py
L3,vllm,M-L3-flashattention-paged-online-softmax,v0.17.1,2026-03-11,1,3,vllm/v1/attention/backends/fa_utils.py;vllm/v1/attention/backends/flash_attn.py;vllm/vllm_flash_attn/flash_attn_interface.py
L3,vllm,M-L3-flashattention-paged-online-softmax,v0.18.0,2026-03-20,1,3,vllm/v1/attention/backends/fa_utils.py;vllm/v1/attention/backends/flash_attn.py;vllm/vllm_flash_attn/flash_attn_interface.py
L3,vllm,M-L3-flashattention-paged-online-softmax,v0.18.1,2026-03-31,1,3,vllm/v1/attention/backends/fa_utils.py;vllm/v1/attention/backends/flash_attn.py;vllm/vllm_flash_attn/flash_attn_interface.py
L3,vllm,M-L3-flashattention-paged-online-softmax,v0.19.0,2026-04-03,1,3,vllm/v1/attention/backends/fa_utils.py;vllm/v1/attention/backends/flash_attn.py;vllm/vllm_flash_attn/flash_attn_interface.py
L3,vllm,M-L3-flashattention-paged-online-softmax,v0.19.1,2026-04-18,1,3,vllm/v1/attention/backends/fa_utils.py;vllm/v1/attention/backends/flash_attn.py;vllm/vllm_flash_attn/flash_attn_interface.py
L3,vllm,M-L3-flashattention-paged-online-softmax,v0.20.0,2026-04-27,1,3,vllm/v1/attention/backends/fa_utils.py;vllm/v1/attention/backends/flash_attn.py;vllm/vllm_flash_attn/flash_attn_interface.py
L3,vllm,M-L3-flashattention-paged-online-softmax,v0.20.1,2026-05-04,1,3,vllm/v1/attention/backends/fa_utils.py;vllm/v1/attention/backends/flash_attn.py;vllm/vllm_flash_attn/flash_attn_interface.py
L3,vllm,M-L3-flashattention-paged-online-softmax,v0.20.2,2026-05-10,1,3,vllm/v1/attention/backends/fa_utils.py;vllm/v1/attention/backends/flash_attn.py;vllm/vllm_flash_attn/flash_attn_interface.py
L3,vllm,M-L3-flashattention-paged-online-softmax,v0.21.0,2026-05-15,1,3,vllm/v1/attention/backends/fa_utils.py;vllm/v1/attention/backends/flash_attn.py;vllm/vllm_flash_attn/flash_attn_interface.py
L3,vllm,M-L3-flashattention-paged-online-softmax,v0.22.0,2026-05-29,1,3,vllm/v1/attention/backends/fa_utils.py;vllm/v1/attention/backends/flash_attn.py;vllm/vllm_flash_attn/flash_attn_interface.py
L3,vllm,M-L3-flashattention-paged-online-softmax,v0.22.1,2026-06-05,1,3,vllm/v1/attention/backends/fa_utils.py;vllm/v1/attention/backends/flash_attn.py;vllm/vllm_flash_attn/flash_attn_interface.py
L3,vllm,M-L3-flashattention-paged-online-softmax,v0.23.0,2026-06-15,1,3,vllm/v1/attention/backends/fa_utils.py;vllm/v1/attention/backends/flash_attn.py;vllm/vllm_flash_attn/flash_attn_interface.py
L3,vllm,M-L3-flashattention-paged-online-softmax,v0.24.0,2026-06-29,1,3,vllm/v1/attention/backends/fa_utils.py;vllm/v1/attention/backends/flash_attn.py;vllm/vllm_flash_attn/flash_attn_interface.py
L3,vllm,M-L3-flashattention-paged-online-softmax,v0.25.0,2026-07-11,1,3,vllm/v1/attention/backends/fa_utils.py;vllm/v1/attention/backends/flash_attn.py;vllm/vllm_flash_attn/flash_attn_interface.py
L3,vllm,M-L3-flashattention-paged-online-softmax,v0.25.1,2026-07-14,1,3,vllm/v1/attention/backends/fa_utils.py;vllm/v1/attention/backends/flash_attn.py;vllm/vllm_flash_attn/flash_attn_interface.py
L3,vllm,M-L3-flashattention-paged-online-softmax,v0.26.0,2026-07-27,1,3,vllm/v1/attention/backends/fa_utils.py;vllm/v1/attention/backends/flash_attn.py;vllm/vllm_flash_attn/flash_attn_interface.py
L3,vllm,M-L3-flashattention-paged-online-softmax,v0.27.0,2026-08-10,1,3,vllm/v1/attention/backends/fa_utils.py;vllm/v1/attention/backends/flash_attn.py;vllm/vllm_flash_attn/flash_attn_interface.py
L3,vllm,M-L3-flashattention-paged-online-softmax,v0.27.1,2026-08-11,1,3,vllm/v1/attention/backends/fa_utils.py;vllm/v1/attention/backends/flash_attn.py;vllm/vllm_flash_attn/flash_attn_interface.py
L3,vllm,M-L3-flashattention-paged-online-softmax,v0.28.0,2026-08-26,1,3,vllm/v1/attention/backends/fa_utils.py;vllm/v1/attention/backends/flash_attn.py;vllm/vllm_flash_attn/flash_attn_interface.py
L3,vllm,M-L3-flashattention-paged-online-softmax,v0.29.0,2026-09-09,1,3,vllm/v1/attention/backends/fa_utils.py;vllm/v1/attention/backends/flash_attn.py;vllm/vllm_flash_attn/flash_attn_interface.py
L3,vllm,M-L3-flashattention-paged-online-softmax,v0.30.0,2026-09-22,1,3,vllm/v1/attention/backends/fa_utils.py;vllm/v1/attention/backends/flash_attn.py;vllm/vllm_flash_attn/flash_attn_interface.py
L3,vllm,M-L3-flashattention-paged-online-softmax,CUTOFF,2026-09-28,1,3,vllm/v1/attention/backends/fa_utils.py;vllm/v1/attention/backends/flash_attn.py;vllm/vllm_flash_attn/flash_attn_interface.py
L3,vllm,M-L3-flashinfer-plan-cascade,v0.1.0,2023-06-20,0,0,
L3,vllm,M-L3-flashinfer-plan-cascade,v0.1.1,2023-06-22,0,0,
L3,vllm,M-L3-flashinfer-plan-cascade,v0.1.2,2023-07-05,0,0,
L3,vllm,M-L3-flashinfer-plan-cascade,v0.1.3,2023-08-02,0,0,
L3,vllm,M-L3-flashinfer-plan-cascade,v0.1.4,2023-08-25,0,0,
L3,vllm,M-L3-flashinfer-plan-cascade,v0.1.5,2023-09-07,0,0,
L3,vllm,M-L3-flashinfer-plan-cascade,v0.1.6,2023-09-08,0,0,
L3,vllm,M-L3-flashinfer-plan-cascade,v0.1.7,2023-09-11,0,0,
L3,vllm,M-L3-flashinfer-plan-cascade,v0.2.0,2023-09-28,0,0,
L3,vllm,M-L3-flashinfer-plan-cascade,v0.2.1,2023-10-16,0,0,
L3,vllm,M-L3-flashinfer-plan-cascade,v0.2.1.post1,2023-10-17,0,0,
L3,vllm,M-L3-flashinfer-plan-cascade,v0.2.2,2023-11-19,0,0,
L3,vllm,M-L3-flashinfer-plan-cascade,v0.2.3,2023-12-03,0,0,
L3,vllm,M-L3-flashinfer-plan-cascade,v0.2.4,2023-12-11,0,0,
L3,vllm,M-L3-flashinfer-plan-cascade,v0.2.5,2023-12-14,0,0,
L3,vllm,M-L3-flashinfer-plan-cascade,v0.2.6,2023-12-17,0,0,
L3,vllm,M-L3-flashinfer-plan-cascade,v0.2.7,2024-01-04,0,0,
L3,vllm,M-L3-flashinfer-plan-cascade,v0.3.0,2024-01-31,0,0,
L3,vllm,M-L3-flashinfer-plan-cascade,v0.3.1,2024-02-16,0,0,
L3,vllm,M-L3-flashinfer-plan-cascade,v0.3.2,2024-02-21,0,0,
L3,vllm,M-L3-flashinfer-plan-cascade,v0.3.3,2024-03-01,0,0,
L3,vllm,M-L3-flashinfer-plan-cascade,v0.4.0,2024-03-30,0,0,
L3,vllm,M-L3-flashinfer-plan-cascade,v0.4.0.post1,2024-04-02,0,0,
L3,vllm,M-L3-flashinfer-plan-cascade,v0.4.1,2024-04-24,0,0,
L3,vllm,M-L3-flashinfer-plan-cascade,v0.4.2,2024-05-05,1,1,vllm/attention/backends/flashinfer.py
L3,vllm,M-L3-flashinfer-plan-cascade,v0.4.3,2024-06-01,1,1,vllm/attention/backends/flashinfer.py
L3,vllm,M-L3-flashinfer-plan-cascade,v0.5.0,2024-06-11,1,1,vllm/attention/backends/flashinfer.py
L3,vllm,M-L3-flashinfer-plan-cascade,v0.5.0.post1,2024-06-14,1,1,vllm/attention/backends/flashinfer.py
L3,vllm,M-L3-flashinfer-plan-cascade,v0.5.1,2024-07-05,1,1,vllm/attention/backends/flashinfer.py
L3,vllm,M-L3-flashinfer-plan-cascade,v0.5.2,2024-07-15,1,1,vllm/attention/backends/flashinfer.py
L3,vllm,M-L3-flashinfer-plan-cascade,v0.5.3,2024-07-23,1,1,vllm/attention/backends/flashinfer.py
L3,vllm,M-L3-flashinfer-plan-cascade,v0.5.3.post1,2024-07-23,1,1,vllm/attention/backends/flashinfer.py
L3,vllm,M-L3-flashinfer-plan-cascade,v0.5.4,2024-08-05,1,1,vllm/attention/backends/flashinfer.py
L3,vllm,M-L3-flashinfer-plan-cascade,v0.5.5,2024-08-23,1,1,vllm/attention/backends/flashinfer.py
L3,vllm,M-L3-flashinfer-plan-cascade,v0.6.0,2024-09-04,1,1,vllm/attention/backends/flashinfer.py
L3,vllm,M-L3-flashinfer-plan-cascade,v0.6.1,2024-09-11,1,1,vllm/attention/backends/flashinfer.py
L3,vllm,M-L3-flashinfer-plan-cascade,v0.6.1.post1,2024-09-13,1,1,vllm/attention/backends/flashinfer.py
L3,vllm,M-L3-flashinfer-plan-cascade,v0.6.1.post2,2024-09-13,1,1,vllm/attention/backends/flashinfer.py
L3,vllm,M-L3-flashinfer-plan-cascade,v0.6.2,2024-09-25,1,1,vllm/attention/backends/flashinfer.py
L3,vllm,M-L3-flashinfer-plan-cascade,v0.6.3,2024-10-14,1,1,vllm/attention/backends/flashinfer.py
L3,vllm,M-L3-flashinfer-plan-cascade,v0.6.3.post1,2024-10-17,1,1,vllm/attention/backends/flashinfer.py
L3,vllm,M-L3-flashinfer-plan-cascade,v0.6.4,2024-11-15,1,1,vllm/attention/backends/flashinfer.py
L3,vllm,M-L3-flashinfer-plan-cascade,v0.6.4.post1,2024-11-15,1,1,vllm/attention/backends/flashinfer.py
L3,vllm,M-L3-flashinfer-plan-cascade,v0.6.5,2024-12-17,1,1,vllm/attention/backends/flashinfer.py
L3,vllm,M-L3-flashinfer-plan-cascade,v0.6.6,2024-12-27,1,1,vllm/attention/backends/flashinfer.py
L3,vllm,M-L3-flashinfer-plan-cascade,v0.6.6.post1,2024-12-27,1,1,vllm/attention/backends/flashinfer.py
L3,vllm,M-L3-flashinfer-plan-cascade,v0.7.0,2025-01-27,1,1,vllm/attention/backends/flashinfer.py
L3,vllm,M-L3-flashinfer-plan-cascade,v0.7.1,2025-02-01,1,1,vllm/attention/backends/flashinfer.py
L3,vllm,M-L3-flashinfer-plan-cascade,v0.7.2,2025-02-06,1,1,vllm/attention/backends/flashinfer.py
L3,vllm,M-L3-flashinfer-plan-cascade,v0.7.3,2025-02-20,1,1,vllm/attention/backends/flashinfer.py
L3,vllm,M-L3-flashinfer-plan-cascade,v0.8.0,2025-03-18,1,1,vllm/attention/backends/flashinfer.py
L3,vllm,M-L3-flashinfer-plan-cascade,v0.8.1,2025-03-19,1,1,vllm/attention/backends/flashinfer.py
L3,vllm,M-L3-flashinfer-plan-cascade,v0.8.2,2025-03-23,1,1,vllm/attention/backends/flashinfer.py
L3,vllm,M-L3-flashinfer-plan-cascade,v0.8.3,2025-04-06,1,1,vllm/attention/backends/flashinfer.py
L3,vllm,M-L3-flashinfer-plan-cascade,v0.8.4,2025-04-14,1,1,vllm/attention/backends/flashinfer.py
L3,vllm,M-L3-flashinfer-plan-cascade,v0.8.5,2025-04-28,1,2,vllm/attention/backends/flashinfer.py;vllm/v1/attention/backends/flashinfer.py
L3,vllm,M-L3-flashinfer-plan-cascade,v0.8.5.post1,2025-05-02,1,2,vllm/attention/backends/flashinfer.py;vllm/v1/attention/backends/flashinfer.py
L3,vllm,M-L3-flashinfer-plan-cascade,v0.9.0,2025-05-15,1,2,vllm/attention/backends/flashinfer.py;vllm/v1/attention/backends/flashinfer.py
L3,vllm,M-L3-flashinfer-plan-cascade,v0.9.0.1,2025-05-30,1,2,vllm/attention/backends/flashinfer.py;vllm/v1/attention/backends/flashinfer.py
L3,vllm,M-L3-flashinfer-plan-cascade,v0.9.1,2025-06-10,1,2,vllm/attention/backends/flashinfer.py;vllm/v1/attention/backends/flashinfer.py
L3,vllm,M-L3-flashinfer-plan-cascade,v0.9.2,2025-07-07,1,2,vllm/attention/backends/flashinfer.py;vllm/v1/attention/backends/flashinfer.py
L3,vllm,M-L3-flashinfer-plan-cascade,v0.10.0,2025-07-24,1,2,vllm/attention/backends/flashinfer.py;vllm/v1/attention/backends/flashinfer.py
L3,vllm,M-L3-flashinfer-plan-cascade,v0.10.1,2025-08-18,1,2,vllm/attention/backends/flashinfer.py;vllm/v1/attention/backends/flashinfer.py
L3,vllm,M-L3-flashinfer-plan-cascade,v0.10.1.1,2025-08-20,1,2,vllm/attention/backends/flashinfer.py;vllm/v1/attention/backends/flashinfer.py
L3,vllm,M-L3-flashinfer-plan-cascade,v0.10.2,2025-09-13,1,1,vllm/v1/attention/backends/flashinfer.py
L3,vllm,M-L3-flashinfer-plan-cascade,v0.11.0,2025-10-02,1,1,vllm/v1/attention/backends/flashinfer.py
L3,vllm,M-L3-flashinfer-plan-cascade,v0.11.1,2025-11-18,1,1,vllm/v1/attention/backends/flashinfer.py
L3,vllm,M-L3-flashinfer-plan-cascade,v0.11.2,2025-11-20,1,1,vllm/v1/attention/backends/flashinfer.py
L3,vllm,M-L3-flashinfer-plan-cascade,v0.12.0,2025-12-03,1,1,vllm/v1/attention/backends/flashinfer.py
L3,vllm,M-L3-flashinfer-plan-cascade,v0.13.0,2025-12-19,1,1,vllm/v1/attention/backends/flashinfer.py
L3,vllm,M-L3-flashinfer-plan-cascade,v0.14.0,2026-01-20,1,1,vllm/v1/attention/backends/flashinfer.py
L3,vllm,M-L3-flashinfer-plan-cascade,v0.14.1,2026-01-24,1,1,vllm/v1/attention/backends/flashinfer.py
L3,vllm,M-L3-flashinfer-plan-cascade,v0.15.0,2026-01-29,1,1,vllm/v1/attention/backends/flashinfer.py
L3,vllm,M-L3-flashinfer-plan-cascade,v0.15.1,2026-02-04,1,1,vllm/v1/attention/backends/flashinfer.py
L3,vllm,M-L3-flashinfer-plan-cascade,v0.16.0,2026-02-25,1,1,vllm/v1/attention/backends/flashinfer.py
L3,vllm,M-L3-flashinfer-plan-cascade,v0.17.0,2026-03-07,1,1,vllm/v1/attention/backends/flashinfer.py
L3,vllm,M-L3-flashinfer-plan-cascade,v0.17.1,2026-03-11,1,1,vllm/v1/attention/backends/flashinfer.py
L3,vllm,M-L3-flashinfer-plan-cascade,v0.18.0,2026-03-20,1,1,vllm/v1/attention/backends/flashinfer.py
L3,vllm,M-L3-flashinfer-plan-cascade,v0.18.1,2026-03-31,1,1,vllm/v1/attention/backends/flashinfer.py
L3,vllm,M-L3-flashinfer-plan-cascade,v0.19.0,2026-04-03,1,1,vllm/v1/attention/backends/flashinfer.py
L3,vllm,M-L3-flashinfer-plan-cascade,v0.19.1,2026-04-18,1,1,vllm/v1/attention/backends/flashinfer.py
L3,vllm,M-L3-flashinfer-plan-cascade,v0.20.0,2026-04-27,1,1,vllm/v1/attention/backends/flashinfer.py
L3,vllm,M-L3-flashinfer-plan-cascade,v0.20.1,2026-05-04,1,1,vllm/v1/attention/backends/flashinfer.py
L3,vllm,M-L3-flashinfer-plan-cascade,v0.20.2,2026-05-10,1,1,vllm/v1/attention/backends/flashinfer.py
L3,vllm,M-L3-flashinfer-plan-cascade,v0.21.0,2026-05-15,1,1,vllm/v1/attention/backends/flashinfer.py
L3,vllm,M-L3-flashinfer-plan-cascade,v0.22.0,2026-05-29,1,1,vllm/v1/attention/backends/flashinfer.py
L3,vllm,M-L3-flashinfer-plan-cascade,v0.22.1,2026-06-05,1,1,vllm/v1/attention/backends/flashinfer.py
L3,vllm,M-L3-flashinfer-plan-cascade,v0.23.0,2026-06-15,1,1,vllm/v1/attention/backends/flashinfer.py
L3,vllm,M-L3-flashinfer-plan-cascade,v0.24.0,2026-06-29,1,1,vllm/v1/attention/backends/flashinfer.py
L3,vllm,M-L3-flashinfer-plan-cascade,v0.25.0,2026-07-11,1,1,vllm/v1/attention/backends/flashinfer.py
L3,vllm,M-L3-flashinfer-plan-cascade,v0.25.1,2026-07-14,1,1,vllm/v1/attention/backends/flashinfer.py
L3,vllm,M-L3-flashinfer-plan-cascade,v0.26.0,2026-07-27,1,1,vllm/v1/attention/backends/flashinfer.py
L3,vllm,M-L3-flashinfer-plan-cascade,v0.27.0,2026-08-10,1,1,vllm/v1/attention/backends/flashinfer.py
L3,vllm,M-L3-flashinfer-plan-cascade,v0.27.1,2026-08-11,1,1,vllm/v1/attention/backends/flashinfer.py
L3,vllm,M-L3-flashinfer-plan-cascade,v0.28.0,2026-08-26,1,1,vllm/v1/attention/backends/flashinfer.py
L3,vllm,M-L3-flashinfer-plan-cascade,v0.29.0,2026-09-09,1,1,vllm/v1/attention/backends/flashinfer.py
L3,vllm,M-L3-flashinfer-plan-cascade,v0.30.0,2026-09-22,1,1,vllm/v1/attention/backends/flashinfer.py
L3,vllm,M-L3-flashinfer-plan-cascade,CUTOFF,2026-09-28,1,1,vllm/v1/attention/backends/flashinfer.py
L3,vllm,M-L3-flashinfer-trtllm-xqa-decode,v0.1.0,2023-06-20,0,0,
L3,vllm,M-L3-flashinfer-trtllm-xqa-decode,v0.1.1,2023-06-22,0,0,
L3,vllm,M-L3-flashinfer-trtllm-xqa-decode,v0.1.2,2023-07-05,0,0,
L3,vllm,M-L3-flashinfer-trtllm-xqa-decode,v0.1.3,2023-08-02,0,0,
L3,vllm,M-L3-flashinfer-trtllm-xqa-decode,v0.1.4,2023-08-25,0,0,
L3,vllm,M-L3-flashinfer-trtllm-xqa-decode,v0.1.5,2023-09-07,0,0,
L3,vllm,M-L3-flashinfer-trtllm-xqa-decode,v0.1.6,2023-09-08,0,0,
L3,vllm,M-L3-flashinfer-trtllm-xqa-decode,v0.1.7,2023-09-11,0,0,
L3,vllm,M-L3-flashinfer-trtllm-xqa-decode,v0.2.0,2023-09-28,0,0,
L3,vllm,M-L3-flashinfer-trtllm-xqa-decode,v0.2.1,2023-10-16,0,0,
L3,vllm,M-L3-flashinfer-trtllm-xqa-decode,v0.2.1.post1,2023-10-17,0,0,
L3,vllm,M-L3-flashinfer-trtllm-xqa-decode,v0.2.2,2023-11-19,0,0,
L3,vllm,M-L3-flashinfer-trtllm-xqa-decode,v0.2.3,2023-12-03,0,0,
L3,vllm,M-L3-flashinfer-trtllm-xqa-decode,v0.2.4,2023-12-11,0,0,
L3,vllm,M-L3-flashinfer-trtllm-xqa-decode,v0.2.5,2023-12-14,0,0,
L3,vllm,M-L3-flashinfer-trtllm-xqa-decode,v0.2.6,2023-12-17,0,0,
L3,vllm,M-L3-flashinfer-trtllm-xqa-decode,v0.2.7,2024-01-04,0,0,
L3,vllm,M-L3-flashinfer-trtllm-xqa-decode,v0.3.0,2024-01-31,0,0,
L3,vllm,M-L3-flashinfer-trtllm-xqa-decode,v0.3.1,2024-02-16,0,0,
L3,vllm,M-L3-flashinfer-trtllm-xqa-decode,v0.3.2,2024-02-21,0,0,
L3,vllm,M-L3-flashinfer-trtllm-xqa-decode,v0.3.3,2024-03-01,0,0,
L3,vllm,M-L3-flashinfer-trtllm-xqa-decode,v0.4.0,2024-03-30,0,0,
L3,vllm,M-L3-flashinfer-trtllm-xqa-decode,v0.4.0.post1,2024-04-02,0,0,
L3,vllm,M-L3-flashinfer-trtllm-xqa-decode,v0.4.1,2024-04-24,0,0,
L3,vllm,M-L3-flashinfer-trtllm-xqa-decode,v0.4.2,2024-05-05,0,0,
L3,vllm,M-L3-flashinfer-trtllm-xqa-decode,v0.4.3,2024-06-01,0,0,
L3,vllm,M-L3-flashinfer-trtllm-xqa-decode,v0.5.0,2024-06-11,0,0,
L3,vllm,M-L3-flashinfer-trtllm-xqa-decode,v0.5.0.post1,2024-06-14,0,0,
L3,vllm,M-L3-flashinfer-trtllm-xqa-decode,v0.5.1,2024-07-05,0,0,
L3,vllm,M-L3-flashinfer-trtllm-xqa-decode,v0.5.2,2024-07-15,0,0,
L3,vllm,M-L3-flashinfer-trtllm-xqa-decode,v0.5.3,2024-07-23,0,0,
L3,vllm,M-L3-flashinfer-trtllm-xqa-decode,v0.5.3.post1,2024-07-23,0,0,
L3,vllm,M-L3-flashinfer-trtllm-xqa-decode,v0.5.4,2024-08-05,0,0,
L3,vllm,M-L3-flashinfer-trtllm-xqa-decode,v0.5.5,2024-08-23,0,0,
L3,vllm,M-L3-flashinfer-trtllm-xqa-decode,v0.6.0,2024-09-04,0,0,
L3,vllm,M-L3-flashinfer-trtllm-xqa-decode,v0.6.1,2024-09-11,0,0,
L3,vllm,M-L3-flashinfer-trtllm-xqa-decode,v0.6.1.post1,2024-09-13,0,0,
L3,vllm,M-L3-flashinfer-trtllm-xqa-decode,v0.6.1.post2,2024-09-13,0,0,
L3,vllm,M-L3-flashinfer-trtllm-xqa-decode,v0.6.2,2024-09-25,0,0,
L3,vllm,M-L3-flashinfer-trtllm-xqa-decode,v0.6.3,2024-10-14,0,0,
L3,vllm,M-L3-flashinfer-trtllm-xqa-decode,v0.6.3.post1,2024-10-17,0,0,
L3,vllm,M-L3-flashinfer-trtllm-xqa-decode,v0.6.4,2024-11-15,0,0,
L3,vllm,M-L3-flashinfer-trtllm-xqa-decode,v0.6.4.post1,2024-11-15,0,0,
L3,vllm,M-L3-flashinfer-trtllm-xqa-decode,v0.6.5,2024-12-17,0,0,
L3,vllm,M-L3-flashinfer-trtllm-xqa-decode,v0.6.6,2024-12-27,0,0,
L3,vllm,M-L3-flashinfer-trtllm-xqa-decode,v0.6.6.post1,2024-12-27,0,0,
L3,vllm,M-L3-flashinfer-trtllm-xqa-decode,v0.7.0,2025-01-27,0,0,
L3,vllm,M-L3-flashinfer-trtllm-xqa-decode,v0.7.1,2025-02-01,0,0,
L3,vllm,M-L3-flashinfer-trtllm-xqa-decode,v0.7.2,2025-02-06,0,0,
L3,vllm,M-L3-flashinfer-trtllm-xqa-decode,v0.7.3,2025-02-20,0,0,
L3,vllm,M-L3-flashinfer-trtllm-xqa-decode,v0.8.0,2025-03-18,0,0,
L3,vllm,M-L3-flashinfer-trtllm-xqa-decode,v0.8.1,2025-03-19,0,0,
L3,vllm,M-L3-flashinfer-trtllm-xqa-decode,v0.8.2,2025-03-23,0,0,
L3,vllm,M-L3-flashinfer-trtllm-xqa-decode,v0.8.3,2025-04-06,0,0,
L3,vllm,M-L3-flashinfer-trtllm-xqa-decode,v0.8.4,2025-04-14,0,0,
L3,vllm,M-L3-flashinfer-trtllm-xqa-decode,v0.8.5,2025-04-28,0,0,
L3,vllm,M-L3-flashinfer-trtllm-xqa-decode,v0.8.5.post1,2025-05-02,0,0,
L3,vllm,M-L3-flashinfer-trtllm-xqa-decode,v0.9.0,2025-05-15,0,0,
L3,vllm,M-L3-flashinfer-trtllm-xqa-decode,v0.9.0.1,2025-05-30,0,0,
L3,vllm,M-L3-flashinfer-trtllm-xqa-decode,v0.9.1,2025-06-10,0,0,
L3,vllm,M-L3-flashinfer-trtllm-xqa-decode,v0.9.2,2025-07-07,0,0,
L3,vllm,M-L3-flashinfer-trtllm-xqa-decode,v0.10.0,2025-07-24,1,2,vllm/envs.py;vllm/v1/attention/backends/flashinfer.py
L3,vllm,M-L3-flashinfer-trtllm-xqa-decode,v0.10.1,2025-08-18,1,3,vllm/envs.py;vllm/utils/flashinfer.py;vllm/v1/attention/backends/flashinfer.py
L3,vllm,M-L3-flashinfer-trtllm-xqa-decode,v0.10.1.1,2025-08-20,1,3,vllm/envs.py;vllm/utils/flashinfer.py;vllm/v1/attention/backends/flashinfer.py
L3,vllm,M-L3-flashinfer-trtllm-xqa-decode,v0.10.2,2025-09-13,1,3,vllm/envs.py;vllm/utils/flashinfer.py;vllm/v1/attention/backends/flashinfer.py
L3,vllm,M-L3-flashinfer-trtllm-xqa-decode,v0.11.0,2025-10-02,1,3,vllm/envs.py;vllm/utils/flashinfer.py;vllm/v1/attention/backends/flashinfer.py
L3,vllm,M-L3-flashinfer-trtllm-xqa-decode,v0.11.1,2025-11-18,1,3,vllm/envs.py;vllm/utils/flashinfer.py;vllm/v1/attention/backends/flashinfer.py
L3,vllm,M-L3-flashinfer-trtllm-xqa-decode,v0.11.2,2025-11-20,1,3,vllm/envs.py;vllm/utils/flashinfer.py;vllm/v1/attention/backends/flashinfer.py
L3,vllm,M-L3-flashinfer-trtllm-xqa-decode,v0.12.0,2025-12-03,1,3,vllm/envs.py;vllm/utils/flashinfer.py;vllm/v1/attention/backends/flashinfer.py
L3,vllm,M-L3-flashinfer-trtllm-xqa-decode,v0.13.0,2025-12-19,1,2,vllm/envs.py;vllm/v1/attention/backends/flashinfer.py
L3,vllm,M-L3-flashinfer-trtllm-xqa-decode,v0.14.0,2026-01-20,1,2,vllm/envs.py;vllm/v1/attention/backends/flashinfer.py
L3,vllm,M-L3-flashinfer-trtllm-xqa-decode,v0.14.1,2026-01-24,1,2,vllm/envs.py;vllm/v1/attention/backends/flashinfer.py
L3,vllm,M-L3-flashinfer-trtllm-xqa-decode,v0.15.0,2026-01-29,1,1,vllm/v1/attention/backends/flashinfer.py
L3,vllm,M-L3-flashinfer-trtllm-xqa-decode,v0.15.1,2026-02-04,1,1,vllm/v1/attention/backends/flashinfer.py
L3,vllm,M-L3-flashinfer-trtllm-xqa-decode,v0.16.0,2026-02-25,1,1,vllm/v1/attention/backends/flashinfer.py
L3,vllm,M-L3-flashinfer-trtllm-xqa-decode,v0.17.0,2026-03-07,1,1,vllm/v1/attention/backends/flashinfer.py
L3,vllm,M-L3-flashinfer-trtllm-xqa-decode,v0.17.1,2026-03-11,1,1,vllm/v1/attention/backends/flashinfer.py
L3,vllm,M-L3-flashinfer-trtllm-xqa-decode,v0.18.0,2026-03-20,1,1,vllm/v1/attention/backends/flashinfer.py
L3,vllm,M-L3-flashinfer-trtllm-xqa-decode,v0.18.1,2026-03-31,1,1,vllm/v1/attention/backends/flashinfer.py
L3,vllm,M-L3-flashinfer-trtllm-xqa-decode,v0.19.0,2026-04-03,1,1,vllm/v1/attention/backends/flashinfer.py
L3,vllm,M-L3-flashinfer-trtllm-xqa-decode,v0.19.1,2026-04-18,1,1,vllm/v1/attention/backends/flashinfer.py
L3,vllm,M-L3-flashinfer-trtllm-xqa-decode,v0.20.0,2026-04-27,1,1,vllm/v1/attention/backends/flashinfer.py
L3,vllm,M-L3-flashinfer-trtllm-xqa-decode,v0.20.1,2026-05-04,1,1,vllm/v1/attention/backends/flashinfer.py
L3,vllm,M-L3-flashinfer-trtllm-xqa-decode,v0.20.2,2026-05-10,1,1,vllm/v1/attention/backends/flashinfer.py
L3,vllm,M-L3-flashinfer-trtllm-xqa-decode,v0.21.0,2026-05-15,1,1,vllm/v1/attention/backends/flashinfer.py
L3,vllm,M-L3-flashinfer-trtllm-xqa-decode,v0.22.0,2026-05-29,1,1,vllm/v1/attention/backends/flashinfer.py
L3,vllm,M-L3-flashinfer-trtllm-xqa-decode,v0.22.1,2026-06-05,1,1,vllm/v1/attention/backends/flashinfer.py
L3,vllm,M-L3-flashinfer-trtllm-xqa-decode,v0.23.0,2026-06-15,1,1,vllm/v1/attention/backends/flashinfer.py
L3,vllm,M-L3-flashinfer-trtllm-xqa-decode,v0.24.0,2026-06-29,1,2,vllm/utils/flashinfer.py;vllm/v1/attention/backends/flashinfer.py
L3,vllm,M-L3-flashinfer-trtllm-xqa-decode,v0.25.0,2026-07-11,1,2,vllm/utils/flashinfer.py;vllm/v1/attention/backends/flashinfer.py
L3,vllm,M-L3-flashinfer-trtllm-xqa-decode,v0.25.1,2026-07-14,1,2,vllm/utils/flashinfer.py;vllm/v1/attention/backends/flashinfer.py
L3,vllm,M-L3-flashinfer-trtllm-xqa-decode,v0.26.0,2026-07-27,1,2,vllm/utils/flashinfer.py;vllm/v1/attention/backends/flashinfer.py
L3,vllm,M-L3-flashinfer-trtllm-xqa-decode,v0.27.0,2026-08-10,1,2,vllm/utils/flashinfer.py;vllm/v1/attention/backends/flashinfer.py
L3,vllm,M-L3-flashinfer-trtllm-xqa-decode,v0.27.1,2026-08-11,1,2,vllm/utils/flashinfer.py;vllm/v1/attention/backends/flashinfer.py
L3,vllm,M-L3-flashinfer-trtllm-xqa-decode,v0.28.0,2026-08-26,1,2,vllm/utils/flashinfer.py;vllm/v1/attention/backends/flashinfer.py
L3,vllm,M-L3-flashinfer-trtllm-xqa-decode,v0.29.0,2026-09-09,1,2,vllm/utils/flashinfer.py;vllm/v1/attention/backends/flashinfer.py
L3,vllm,M-L3-flashinfer-trtllm-xqa-decode,v0.30.0,2026-09-22,1,2,vllm/utils/flashinfer.py;vllm/v1/attention/backends/flashinfer.py
L3,vllm,M-L3-flashinfer-trtllm-xqa-decode,CUTOFF,2026-09-28,1,2,vllm/utils/flashinfer.py;vllm/v1/attention/backends/flashinfer.py
L3,vllm,M-L3-triton-unified-paged-attention,v0.1.0,2023-06-20,0,0,
L3,vllm,M-L3-triton-unified-paged-attention,v0.1.1,2023-06-22,0,0,
L3,vllm,M-L3-triton-unified-paged-attention,v0.1.2,2023-07-05,0,0,
L3,vllm,M-L3-triton-unified-paged-attention,v0.1.3,2023-08-02,0,0,
L3,vllm,M-L3-triton-unified-paged-attention,v0.1.4,2023-08-25,0,0,
L3,vllm,M-L3-triton-unified-paged-attention,v0.1.5,2023-09-07,0,0,
L3,vllm,M-L3-triton-unified-paged-attention,v0.1.6,2023-09-08,0,0,
L3,vllm,M-L3-triton-unified-paged-attention,v0.1.7,2023-09-11,0,0,
L3,vllm,M-L3-triton-unified-paged-attention,v0.2.0,2023-09-28,0,0,
L3,vllm,M-L3-triton-unified-paged-attention,v0.2.1,2023-10-16,0,0,
L3,vllm,M-L3-triton-unified-paged-attention,v0.2.1.post1,2023-10-17,0,0,
L3,vllm,M-L3-triton-unified-paged-attention,v0.2.2,2023-11-19,0,0,
L3,vllm,M-L3-triton-unified-paged-attention,v0.2.3,2023-12-03,0,0,
L3,vllm,M-L3-triton-unified-paged-attention,v0.2.4,2023-12-11,0,0,
L3,vllm,M-L3-triton-unified-paged-attention,v0.2.5,2023-12-14,0,0,
L3,vllm,M-L3-triton-unified-paged-attention,v0.2.6,2023-12-17,0,0,
L3,vllm,M-L3-triton-unified-paged-attention,v0.2.7,2024-01-04,0,0,
L3,vllm,M-L3-triton-unified-paged-attention,v0.3.0,2024-01-31,0,0,
L3,vllm,M-L3-triton-unified-paged-attention,v0.3.1,2024-02-16,0,0,
L3,vllm,M-L3-triton-unified-paged-attention,v0.3.2,2024-02-21,0,0,
L3,vllm,M-L3-triton-unified-paged-attention,v0.3.3,2024-03-01,0,0,
L3,vllm,M-L3-triton-unified-paged-attention,v0.4.0,2024-03-30,0,0,
L3,vllm,M-L3-triton-unified-paged-attention,v0.4.0.post1,2024-04-02,0,0,
L3,vllm,M-L3-triton-unified-paged-attention,v0.4.1,2024-04-24,0,0,
L3,vllm,M-L3-triton-unified-paged-attention,v0.4.2,2024-05-05,0,0,
L3,vllm,M-L3-triton-unified-paged-attention,v0.4.3,2024-06-01,0,0,
L3,vllm,M-L3-triton-unified-paged-attention,v0.5.0,2024-06-11,0,0,
L3,vllm,M-L3-triton-unified-paged-attention,v0.5.0.post1,2024-06-14,0,0,
L3,vllm,M-L3-triton-unified-paged-attention,v0.5.1,2024-07-05,0,0,
L3,vllm,M-L3-triton-unified-paged-attention,v0.5.2,2024-07-15,0,0,
L3,vllm,M-L3-triton-unified-paged-attention,v0.5.3,2024-07-23,0,0,
L3,vllm,M-L3-triton-unified-paged-attention,v0.5.3.post1,2024-07-23,0,0,
L3,vllm,M-L3-triton-unified-paged-attention,v0.5.4,2024-08-05,0,0,
L3,vllm,M-L3-triton-unified-paged-attention,v0.5.5,2024-08-23,0,0,
L3,vllm,M-L3-triton-unified-paged-attention,v0.6.0,2024-09-04,0,0,
L3,vllm,M-L3-triton-unified-paged-attention,v0.6.1,2024-09-11,0,0,
L3,vllm,M-L3-triton-unified-paged-attention,v0.6.1.post1,2024-09-13,0,0,
L3,vllm,M-L3-triton-unified-paged-attention,v0.6.1.post2,2024-09-13,0,0,
L3,vllm,M-L3-triton-unified-paged-attention,v0.6.2,2024-09-25,0,0,
L3,vllm,M-L3-triton-unified-paged-attention,v0.6.3,2024-10-14,0,0,
L3,vllm,M-L3-triton-unified-paged-attention,v0.6.3.post1,2024-10-17,0,0,
L3,vllm,M-L3-triton-unified-paged-attention,v0.6.4,2024-11-15,0,0,
L3,vllm,M-L3-triton-unified-paged-attention,v0.6.4.post1,2024-11-15,0,0,
L3,vllm,M-L3-triton-unified-paged-attention,v0.6.5,2024-12-17,0,0,
L3,vllm,M-L3-triton-unified-paged-attention,v0.6.6,2024-12-27,0,0,
L3,vllm,M-L3-triton-unified-paged-attention,v0.6.6.post1,2024-12-27,0,0,
L3,vllm,M-L3-triton-unified-paged-attention,v0.7.0,2025-01-27,0,0,
L3,vllm,M-L3-triton-unified-paged-attention,v0.7.1,2025-02-01,1,1,vllm/attention/ops/triton_decode_attention.py
L3,vllm,M-L3-triton-unified-paged-attention,v0.7.2,2025-02-06,1,1,vllm/attention/ops/triton_decode_attention.py
L3,vllm,M-L3-triton-unified-paged-attention,v0.7.3,2025-02-20,1,1,vllm/attention/ops/triton_decode_attention.py
L3,vllm,M-L3-triton-unified-paged-attention,v0.8.0,2025-03-18,1,2,vllm/attention/ops/chunked_prefill_paged_decode.py;vllm/attention/ops/triton_decode_attention.py
L3,vllm,M-L3-triton-unified-paged-attention,v0.8.1,2025-03-19,1,2,vllm/attention/ops/chunked_prefill_paged_decode.py;vllm/attention/ops/triton_decode_attention.py
L3,vllm,M-L3-triton-unified-paged-attention,v0.8.2,2025-03-23,1,2,vllm/attention/ops/chunked_prefill_paged_decode.py;vllm/attention/ops/triton_decode_attention.py
L3,vllm,M-L3-triton-unified-paged-attention,v0.8.3,2025-04-06,1,2,vllm/attention/ops/chunked_prefill_paged_decode.py;vllm/attention/ops/triton_decode_attention.py
L3,vllm,M-L3-triton-unified-paged-attention,v0.8.4,2025-04-14,1,2,vllm/attention/ops/chunked_prefill_paged_decode.py;vllm/attention/ops/triton_decode_attention.py
L3,vllm,M-L3-triton-unified-paged-attention,v0.8.5,2025-04-28,1,2,vllm/attention/ops/chunked_prefill_paged_decode.py;vllm/attention/ops/triton_decode_attention.py
L3,vllm,M-L3-triton-unified-paged-attention,v0.8.5.post1,2025-05-02,1,2,vllm/attention/ops/chunked_prefill_paged_decode.py;vllm/attention/ops/triton_decode_attention.py
L3,vllm,M-L3-triton-unified-paged-attention,v0.9.0,2025-05-15,1,3,vllm/attention/ops/chunked_prefill_paged_decode.py;vllm/attention/ops/triton_decode_attention.py;vllm/attention/ops/triton_unified_attention.py
L3,vllm,M-L3-triton-unified-paged-attention,v0.9.0.1,2025-05-30,1,3,vllm/attention/ops/chunked_prefill_paged_decode.py;vllm/attention/ops/triton_decode_attention.py;vllm/attention/ops/triton_unified_attention.py
L3,vllm,M-L3-triton-unified-paged-attention,v0.9.1,2025-06-10,1,3,vllm/attention/ops/chunked_prefill_paged_decode.py;vllm/attention/ops/triton_decode_attention.py;vllm/attention/ops/triton_unified_attention.py
L3,vllm,M-L3-triton-unified-paged-attention,v0.9.2,2025-07-07,1,3,vllm/attention/ops/chunked_prefill_paged_decode.py;vllm/attention/ops/triton_decode_attention.py;vllm/attention/ops/triton_unified_attention.py
L3,vllm,M-L3-triton-unified-paged-attention,v0.10.0,2025-07-24,1,3,vllm/attention/ops/chunked_prefill_paged_decode.py;vllm/attention/ops/triton_decode_attention.py;vllm/attention/ops/triton_unified_attention.py
L3,vllm,M-L3-triton-unified-paged-attention,v0.10.1,2025-08-18,1,3,vllm/attention/ops/chunked_prefill_paged_decode.py;vllm/attention/ops/triton_decode_attention.py;vllm/attention/ops/triton_unified_attention.py
L3,vllm,M-L3-triton-unified-paged-attention,v0.10.1.1,2025-08-20,1,3,vllm/attention/ops/chunked_prefill_paged_decode.py;vllm/attention/ops/triton_decode_attention.py;vllm/attention/ops/triton_unified_attention.py
L3,vllm,M-L3-triton-unified-paged-attention,v0.10.2,2025-09-13,1,3,vllm/attention/ops/chunked_prefill_paged_decode.py;vllm/attention/ops/triton_decode_attention.py;vllm/attention/ops/triton_unified_attention.py
L3,vllm,M-L3-triton-unified-paged-attention,v0.11.0,2025-10-02,1,3,vllm/attention/ops/chunked_prefill_paged_decode.py;vllm/attention/ops/triton_decode_attention.py;vllm/attention/ops/triton_unified_attention.py
L3,vllm,M-L3-triton-unified-paged-attention,v0.11.1,2025-11-18,1,3,vllm/attention/ops/chunked_prefill_paged_decode.py;vllm/attention/ops/triton_decode_attention.py;vllm/attention/ops/triton_unified_attention.py
L3,vllm,M-L3-triton-unified-paged-attention,v0.11.2,2025-11-20,1,3,vllm/attention/ops/chunked_prefill_paged_decode.py;vllm/attention/ops/triton_decode_attention.py;vllm/attention/ops/triton_unified_attention.py
L3,vllm,M-L3-triton-unified-paged-attention,v0.12.0,2025-12-03,1,3,vllm/attention/ops/chunked_prefill_paged_decode.py;vllm/attention/ops/triton_decode_attention.py;vllm/attention/ops/triton_unified_attention.py
L3,vllm,M-L3-triton-unified-paged-attention,v0.13.0,2025-12-19,1,3,vllm/attention/ops/chunked_prefill_paged_decode.py;vllm/attention/ops/triton_decode_attention.py;vllm/attention/ops/triton_unified_attention.py
L3,vllm,M-L3-triton-unified-paged-attention,v0.14.0,2026-01-20,1,3,vllm/v1/attention/ops/chunked_prefill_paged_decode.py;vllm/v1/attention/ops/triton_decode_attention.py;vllm/v1/attention/ops/triton_unified_attention.py
L3,vllm,M-L3-triton-unified-paged-attention,v0.14.1,2026-01-24,1,3,vllm/v1/attention/ops/chunked_prefill_paged_decode.py;vllm/v1/attention/ops/triton_decode_attention.py;vllm/v1/attention/ops/triton_unified_attention.py
L3,vllm,M-L3-triton-unified-paged-attention,v0.15.0,2026-01-29,1,3,vllm/v1/attention/ops/chunked_prefill_paged_decode.py;vllm/v1/attention/ops/triton_decode_attention.py;vllm/v1/attention/ops/triton_unified_attention.py
L3,vllm,M-L3-triton-unified-paged-attention,v0.15.1,2026-02-04,1,3,vllm/v1/attention/ops/chunked_prefill_paged_decode.py;vllm/v1/attention/ops/triton_decode_attention.py;vllm/v1/attention/ops/triton_unified_attention.py
L3,vllm,M-L3-triton-unified-paged-attention,v0.16.0,2026-02-25,1,3,vllm/v1/attention/ops/chunked_prefill_paged_decode.py;vllm/v1/attention/ops/triton_decode_attention.py;vllm/v1/attention/ops/triton_unified_attention.py
L3,vllm,M-L3-triton-unified-paged-attention,v0.17.0,2026-03-07,1,3,vllm/v1/attention/ops/chunked_prefill_paged_decode.py;vllm/v1/attention/ops/triton_decode_attention.py;vllm/v1/attention/ops/triton_unified_attention.py
L3,vllm,M-L3-triton-unified-paged-attention,v0.17.1,2026-03-11,1,3,vllm/v1/attention/ops/chunked_prefill_paged_decode.py;vllm/v1/attention/ops/triton_decode_attention.py;vllm/v1/attention/ops/triton_unified_attention.py
L3,vllm,M-L3-triton-unified-paged-attention,v0.18.0,2026-03-20,1,3,vllm/v1/attention/ops/chunked_prefill_paged_decode.py;vllm/v1/attention/ops/triton_decode_attention.py;vllm/v1/attention/ops/triton_unified_attention.py
L3,vllm,M-L3-triton-unified-paged-attention,v0.18.1,2026-03-31,1,3,vllm/v1/attention/ops/chunked_prefill_paged_decode.py;vllm/v1/attention/ops/triton_decode_attention.py;vllm/v1/attention/ops/triton_unified_attention.py
L3,vllm,M-L3-triton-unified-paged-attention,v0.19.0,2026-04-03,1,3,vllm/v1/attention/ops/chunked_prefill_paged_decode.py;vllm/v1/attention/ops/triton_decode_attention.py;vllm/v1/attention/ops/triton_unified_attention.py
L3,vllm,M-L3-triton-unified-paged-attention,v0.19.1,2026-04-18,1,3,vllm/v1/attention/ops/chunked_prefill_paged_decode.py;vllm/v1/attention/ops/triton_decode_attention.py;vllm/v1/attention/ops/triton_unified_attention.py
L3,vllm,M-L3-triton-unified-paged-attention,v0.20.0,2026-04-27,1,3,vllm/v1/attention/ops/chunked_prefill_paged_decode.py;vllm/v1/attention/ops/triton_decode_attention.py;vllm/v1/attention/ops/triton_unified_attention.py
L3,vllm,M-L3-triton-unified-paged-attention,v0.20.1,2026-05-04,1,3,vllm/v1/attention/ops/chunked_prefill_paged_decode.py;vllm/v1/attention/ops/triton_decode_attention.py;vllm/v1/attention/ops/triton_unified_attention.py
L3,vllm,M-L3-triton-unified-paged-attention,v0.20.2,2026-05-10,1,3,vllm/v1/attention/ops/chunked_prefill_paged_decode.py;vllm/v1/attention/ops/triton_decode_attention.py;vllm/v1/attention/ops/triton_unified_attention.py
L3,vllm,M-L3-triton-unified-paged-attention,v0.21.0,2026-05-15,1,3,vllm/v1/attention/ops/chunked_prefill_paged_decode.py;vllm/v1/attention/ops/triton_decode_attention.py;vllm/v1/attention/ops/triton_unified_attention.py
L3,vllm,M-L3-triton-unified-paged-attention,v0.22.0,2026-05-29,1,3,vllm/v1/attention/ops/chunked_prefill_paged_decode.py;vllm/v1/attention/ops/triton_decode_attention.py;vllm/v1/attention/ops/triton_unified_attention.py
L3,vllm,M-L3-triton-unified-paged-attention,v0.22.1,2026-06-05,1,3,vllm/v1/attention/ops/chunked_prefill_paged_decode.py;vllm/v1/attention/ops/triton_decode_attention.py;vllm/v1/attention/ops/triton_unified_attention.py
L3,vllm,M-L3-triton-unified-paged-attention,v0.23.0,2026-06-15,1,3,vllm/v1/attention/ops/chunked_prefill_paged_decode.py;vllm/v1/attention/ops/triton_decode_attention.py;vllm/v1/attention/ops/triton_unified_attention.py
L3,vllm,M-L3-triton-unified-paged-attention,v0.24.0,2026-06-29,1,3,vllm/v1/attention/ops/chunked_prefill_paged_decode.py;vllm/v1/attention/ops/triton_decode_attention.py;vllm/v1/attention/ops/triton_unified_attention.py
L3,vllm,M-L3-triton-unified-paged-attention,v0.25.0,2026-07-11,1,3,vllm/v1/attention/ops/chunked_prefill_paged_decode.py;vllm/v1/attention/ops/triton_decode_attention.py;vllm/v1/attention/ops/triton_unified_attention.py
L3,vllm,M-L3-triton-unified-paged-attention,v0.25.1,2026-07-14,1,3,vllm/v1/attention/ops/chunked_prefill_paged_decode.py;vllm/v1/attention/ops/triton_decode_attention.py;vllm/v1/attention/ops/triton_unified_attention.py
L3,vllm,M-L3-triton-unified-paged-attention,v0.26.0,2026-07-27,1,3,vllm/v1/attention/ops/chunked_prefill_paged_decode.py;vllm/v1/attention/ops/triton_decode_attention.py;vllm/v1/attention/ops/triton_unified_attention.py
L3,vllm,M-L3-triton-unified-paged-attention,v0.27.0,2026-08-10,1,3,vllm/v1/attention/ops/chunked_prefill_paged_decode.py;vllm/v1/attention/ops/triton_decode_attention.py;vllm/v1/attention/ops/triton_unified_attention.py
L3,vllm,M-L3-triton-unified-paged-attention,v0.27.1,2026-08-11,1,3,vllm/v1/attention/ops/chunked_prefill_paged_decode.py;vllm/v1/attention/ops/triton_decode_attention.py;vllm/v1/attention/ops/triton_unified_attention.py
L3,vllm,M-L3-triton-unified-paged-attention,v0.28.0,2026-08-26,1,3,vllm/v1/attention/ops/chunked_prefill_paged_decode.py;vllm/v1/attention/ops/triton_decode_attention.py;vllm/v1/attention/ops/triton_unified_attention.py
L3,vllm,M-L3-triton-unified-paged-attention,v0.29.0,2026-09-09,1,3,vllm/v1/attention/ops/chunked_prefill_paged_decode.py;vllm/v1/attention/ops/triton_decode_attention.py;vllm/v1/attention/ops/triton_unified_attention.py
L3,vllm,M-L3-triton-unified-paged-attention,v0.30.0,2026-09-22,1,3,vllm/v1/attention/ops/chunked_prefill_paged_decode.py;vllm/v1/attention/ops/triton_decode_attention.py;vllm/v1/attention/ops/triton_unified_attention.py
L3,vllm,M-L3-triton-unified-paged-attention,CUTOFF,2026-09-28,1,3,vllm/v1/attention/ops/chunked_prefill_paged_decode.py;vllm/v1/attention/ops/triton_decode_attention.py;vllm/v1/attention/ops/triton_unified_attention.py
L3,vllm,M-L3-rocm-mfma-paged-attention,v0.1.0,2023-06-20,0,0,
L3,vllm,M-L3-rocm-mfma-paged-attention,v0.1.1,2023-06-22,0,0,
L3,vllm,M-L3-rocm-mfma-paged-attention,v0.1.2,2023-07-05,0,0,
L3,vllm,M-L3-rocm-mfma-paged-attention,v0.1.3,2023-08-02,0,0,
L3,vllm,M-L3-rocm-mfma-paged-attention,v0.1.4,2023-08-25,0,0,
L3,vllm,M-L3-rocm-mfma-paged-attention,v0.1.5,2023-09-07,0,0,
L3,vllm,M-L3-rocm-mfma-paged-attention,v0.1.6,2023-09-08,0,0,
L3,vllm,M-L3-rocm-mfma-paged-attention,v0.1.7,2023-09-11,0,0,
L3,vllm,M-L3-rocm-mfma-paged-attention,v0.2.0,2023-09-28,0,0,
L3,vllm,M-L3-rocm-mfma-paged-attention,v0.2.1,2023-10-16,0,0,
L3,vllm,M-L3-rocm-mfma-paged-attention,v0.2.1.post1,2023-10-17,0,0,
L3,vllm,M-L3-rocm-mfma-paged-attention,v0.2.2,2023-11-19,0,0,
L3,vllm,M-L3-rocm-mfma-paged-attention,v0.2.3,2023-12-03,0,0,
L3,vllm,M-L3-rocm-mfma-paged-attention,v0.2.4,2023-12-11,0,0,
L3,vllm,M-L3-rocm-mfma-paged-attention,v0.2.5,2023-12-14,0,0,
L3,vllm,M-L3-rocm-mfma-paged-attention,v0.2.6,2023-12-17,0,0,
L3,vllm,M-L3-rocm-mfma-paged-attention,v0.2.7,2024-01-04,0,0,
L3,vllm,M-L3-rocm-mfma-paged-attention,v0.3.0,2024-01-31,0,0,
L3,vllm,M-L3-rocm-mfma-paged-attention,v0.3.1,2024-02-16,0,0,
L3,vllm,M-L3-rocm-mfma-paged-attention,v0.3.2,2024-02-21,0,0,
L3,vllm,M-L3-rocm-mfma-paged-attention,v0.3.3,2024-03-01,0,0,
L3,vllm,M-L3-rocm-mfma-paged-attention,v0.4.0,2024-03-30,0,0,
L3,vllm,M-L3-rocm-mfma-paged-attention,v0.4.0.post1,2024-04-02,0,0,
L3,vllm,M-L3-rocm-mfma-paged-attention,v0.4.1,2024-04-24,0,0,
L3,vllm,M-L3-rocm-mfma-paged-attention,v0.4.2,2024-05-05,0,0,
L3,vllm,M-L3-rocm-mfma-paged-attention,v0.4.3,2024-06-01,0,0,
L3,vllm,M-L3-rocm-mfma-paged-attention,v0.5.0,2024-06-11,0,0,
L3,vllm,M-L3-rocm-mfma-paged-attention,v0.5.0.post1,2024-06-14,0,0,
L3,vllm,M-L3-rocm-mfma-paged-attention,v0.5.1,2024-07-05,0,0,
L3,vllm,M-L3-rocm-mfma-paged-attention,v0.5.2,2024-07-15,0,0,
L3,vllm,M-L3-rocm-mfma-paged-attention,v0.5.3,2024-07-23,0,0,
L3,vllm,M-L3-rocm-mfma-paged-attention,v0.5.3.post1,2024-07-23,0,0,
L3,vllm,M-L3-rocm-mfma-paged-attention,v0.5.4,2024-08-05,0,0,
L3,vllm,M-L3-rocm-mfma-paged-attention,v0.5.5,2024-08-23,0,0,
L3,vllm,M-L3-rocm-mfma-paged-attention,v0.6.0,2024-09-04,0,0,
L3,vllm,M-L3-rocm-mfma-paged-attention,v0.6.1,2024-09-11,0,0,
L3,vllm,M-L3-rocm-mfma-paged-attention,v0.6.1.post1,2024-09-13,0,0,
L3,vllm,M-L3-rocm-mfma-paged-attention,v0.6.1.post2,2024-09-13,0,0,
L3,vllm,M-L3-rocm-mfma-paged-attention,v0.6.2,2024-09-25,1,1,csrc/rocm/attention.cu
L3,vllm,M-L3-rocm-mfma-paged-attention,v0.6.3,2024-10-14,1,1,csrc/rocm/attention.cu
L3,vllm,M-L3-rocm-mfma-paged-attention,v0.6.3.post1,2024-10-17,1,1,csrc/rocm/attention.cu
L3,vllm,M-L3-rocm-mfma-paged-attention,v0.6.4,2024-11-15,1,1,csrc/rocm/attention.cu
L3,vllm,M-L3-rocm-mfma-paged-attention,v0.6.4.post1,2024-11-15,1,1,csrc/rocm/attention.cu
L3,vllm,M-L3-rocm-mfma-paged-attention,v0.6.5,2024-12-17,1,1,csrc/rocm/attention.cu
L3,vllm,M-L3-rocm-mfma-paged-attention,v0.6.6,2024-12-27,1,1,csrc/rocm/attention.cu
L3,vllm,M-L3-rocm-mfma-paged-attention,v0.6.6.post1,2024-12-27,1,1,csrc/rocm/attention.cu
L3,vllm,M-L3-rocm-mfma-paged-attention,v0.7.0,2025-01-27,1,1,csrc/rocm/attention.cu
L3,vllm,M-L3-rocm-mfma-paged-attention,v0.7.1,2025-02-01,1,1,csrc/rocm/attention.cu
L3,vllm,M-L3-rocm-mfma-paged-attention,v0.7.2,2025-02-06,1,1,csrc/rocm/attention.cu
L3,vllm,M-L3-rocm-mfma-paged-attention,v0.7.3,2025-02-20,1,1,csrc/rocm/attention.cu
L3,vllm,M-L3-rocm-mfma-paged-attention,v0.8.0,2025-03-18,1,1,csrc/rocm/attention.cu
L3,vllm,M-L3-rocm-mfma-paged-attention,v0.8.1,2025-03-19,1,1,csrc/rocm/attention.cu
L3,vllm,M-L3-rocm-mfma-paged-attention,v0.8.2,2025-03-23,1,1,csrc/rocm/attention.cu
L3,vllm,M-L3-rocm-mfma-paged-attention,v0.8.3,2025-04-06,1,1,csrc/rocm/attention.cu
L3,vllm,M-L3-rocm-mfma-paged-attention,v0.8.4,2025-04-14,1,1,csrc/rocm/attention.cu
L3,vllm,M-L3-rocm-mfma-paged-attention,v0.8.5,2025-04-28,1,1,csrc/rocm/attention.cu
L3,vllm,M-L3-rocm-mfma-paged-attention,v0.8.5.post1,2025-05-02,1,1,csrc/rocm/attention.cu
L3,vllm,M-L3-rocm-mfma-paged-attention,v0.9.0,2025-05-15,1,1,csrc/rocm/attention.cu
L3,vllm,M-L3-rocm-mfma-paged-attention,v0.9.0.1,2025-05-30,1,1,csrc/rocm/attention.cu
L3,vllm,M-L3-rocm-mfma-paged-attention,v0.9.1,2025-06-10,1,1,csrc/rocm/attention.cu
L3,vllm,M-L3-rocm-mfma-paged-attention,v0.9.2,2025-07-07,1,1,csrc/rocm/attention.cu
L3,vllm,M-L3-rocm-mfma-paged-attention,v0.10.0,2025-07-24,1,1,csrc/rocm/attention.cu
L3,vllm,M-L3-rocm-mfma-paged-attention,v0.10.1,2025-08-18,1,1,csrc/rocm/attention.cu
L3,vllm,M-L3-rocm-mfma-paged-attention,v0.10.1.1,2025-08-20,1,1,csrc/rocm/attention.cu
L3,vllm,M-L3-rocm-mfma-paged-attention,v0.10.2,2025-09-13,1,1,csrc/rocm/attention.cu
L3,vllm,M-L3-rocm-mfma-paged-attention,v0.11.0,2025-10-02,1,1,csrc/rocm/attention.cu
L3,vllm,M-L3-rocm-mfma-paged-attention,v0.11.1,2025-11-18,1,3,csrc/rocm/attention.cu;vllm/v1/attention/backends/rocm_aiter_fa.py;vllm/v1/attention/backends/rocm_aiter_unified_attn.py
L3,vllm,M-L3-rocm-mfma-paged-attention,v0.11.2,2025-11-20,1,3,csrc/rocm/attention.cu;vllm/v1/attention/backends/rocm_aiter_fa.py;vllm/v1/attention/backends/rocm_aiter_unified_attn.py
L3,vllm,M-L3-rocm-mfma-paged-attention,v0.12.0,2025-12-03,1,3,csrc/rocm/attention.cu;vllm/v1/attention/backends/rocm_aiter_fa.py;vllm/v1/attention/backends/rocm_aiter_unified_attn.py
L3,vllm,M-L3-rocm-mfma-paged-attention,v0.13.0,2025-12-19,1,3,csrc/rocm/attention.cu;vllm/v1/attention/backends/rocm_aiter_fa.py;vllm/v1/attention/backends/rocm_aiter_unified_attn.py
L3,vllm,M-L3-rocm-mfma-paged-attention,v0.14.0,2026-01-20,1,3,csrc/rocm/attention.cu;vllm/v1/attention/backends/rocm_aiter_fa.py;vllm/v1/attention/backends/rocm_aiter_unified_attn.py
L3,vllm,M-L3-rocm-mfma-paged-attention,v0.14.1,2026-01-24,1,3,csrc/rocm/attention.cu;vllm/v1/attention/backends/rocm_aiter_fa.py;vllm/v1/attention/backends/rocm_aiter_unified_attn.py
L3,vllm,M-L3-rocm-mfma-paged-attention,v0.15.0,2026-01-29,1,2,csrc/rocm/attention.cu;vllm/v1/attention/backends/rocm_aiter_unified_attn.py
L3,vllm,M-L3-rocm-mfma-paged-attention,v0.15.1,2026-02-04,1,2,csrc/rocm/attention.cu;vllm/v1/attention/backends/rocm_aiter_unified_attn.py
L3,vllm,M-L3-rocm-mfma-paged-attention,v0.16.0,2026-02-25,1,2,csrc/rocm/attention.cu;vllm/v1/attention/backends/rocm_aiter_unified_attn.py
L3,vllm,M-L3-rocm-mfma-paged-attention,v0.17.0,2026-03-07,1,2,csrc/rocm/attention.cu;vllm/v1/attention/backends/rocm_aiter_unified_attn.py
L3,vllm,M-L3-rocm-mfma-paged-attention,v0.17.1,2026-03-11,1,2,csrc/rocm/attention.cu;vllm/v1/attention/backends/rocm_aiter_unified_attn.py
L3,vllm,M-L3-rocm-mfma-paged-attention,v0.18.0,2026-03-20,1,2,csrc/rocm/attention.cu;vllm/v1/attention/backends/rocm_aiter_unified_attn.py
L3,vllm,M-L3-rocm-mfma-paged-attention,v0.18.1,2026-03-31,1,2,csrc/rocm/attention.cu;vllm/v1/attention/backends/rocm_aiter_unified_attn.py
L3,vllm,M-L3-rocm-mfma-paged-attention,v0.19.0,2026-04-03,1,2,csrc/rocm/attention.cu;vllm/v1/attention/backends/rocm_aiter_unified_attn.py
L3,vllm,M-L3-rocm-mfma-paged-attention,v0.19.1,2026-04-18,1,2,csrc/rocm/attention.cu;vllm/v1/attention/backends/rocm_aiter_unified_attn.py
L3,vllm,M-L3-rocm-mfma-paged-attention,v0.20.0,2026-04-27,1,2,csrc/rocm/attention.cu;vllm/v1/attention/backends/rocm_aiter_unified_attn.py
L3,vllm,M-L3-rocm-mfma-paged-attention,v0.20.1,2026-05-04,1,2,csrc/rocm/attention.cu;vllm/v1/attention/backends/rocm_aiter_unified_attn.py
L3,vllm,M-L3-rocm-mfma-paged-attention,v0.20.2,2026-05-10,1,2,csrc/rocm/attention.cu;vllm/v1/attention/backends/rocm_aiter_unified_attn.py
L3,vllm,M-L3-rocm-mfma-paged-attention,v0.21.0,2026-05-15,1,2,csrc/rocm/attention.cu;vllm/v1/attention/backends/rocm_aiter_unified_attn.py
L3,vllm,M-L3-rocm-mfma-paged-attention,v0.22.0,2026-05-29,1,2,csrc/rocm/attention.cu;vllm/v1/attention/backends/rocm_aiter_unified_attn.py
L3,vllm,M-L3-rocm-mfma-paged-attention,v0.22.1,2026-06-05,1,2,csrc/rocm/attention.cu;vllm/v1/attention/backends/rocm_aiter_unified_attn.py
L3,vllm,M-L3-rocm-mfma-paged-attention,v0.23.0,2026-06-15,1,2,csrc/rocm/attention.cu;vllm/v1/attention/backends/rocm_aiter_unified_attn.py
L3,vllm,M-L3-rocm-mfma-paged-attention,v0.24.0,2026-06-29,1,2,csrc/rocm/attention.cu;vllm/v1/attention/backends/rocm_aiter_unified_attn.py
L3,vllm,M-L3-rocm-mfma-paged-attention,v0.25.0,2026-07-11,1,2,csrc/rocm/attention.cu;vllm/v1/attention/backends/rocm_aiter_unified_attn.py
L3,vllm,M-L3-rocm-mfma-paged-attention,v0.25.1,2026-07-14,1,2,csrc/rocm/attention.cu;vllm/v1/attention/backends/rocm_aiter_unified_attn.py
L3,vllm,M-L3-rocm-mfma-paged-attention,v0.26.0,2026-07-27,1,2,csrc/rocm/attention.cu;vllm/v1/attention/backends/rocm_aiter_unified_attn.py
L3,vllm,M-L3-rocm-mfma-paged-attention,v0.27.0,2026-08-10,1,2,csrc/rocm/attention.cu;vllm/v1/attention/backends/rocm_aiter_unified_attn.py
L3,vllm,M-L3-rocm-mfma-paged-attention,v0.27.1,2026-08-11,1,2,csrc/rocm/attention.cu;vllm/v1/attention/backends/rocm_aiter_unified_attn.py
L3,vllm,M-L3-rocm-mfma-paged-attention,v0.28.0,2026-08-26,1,2,csrc/rocm/attention.cu;vllm/v1/attention/backends/rocm_aiter_unified_attn.py
L3,vllm,M-L3-rocm-mfma-paged-attention,v0.29.0,2026-09-09,1,2,csrc/rocm/attention.cu;vllm/v1/attention/backends/rocm_aiter_unified_attn.py
L3,vllm,M-L3-rocm-mfma-paged-attention,v0.30.0,2026-09-22,1,2,csrc/rocm/attention.cu;vllm/v1/attention/backends/rocm_aiter_unified_attn.py
L3,vllm,M-L3-rocm-mfma-paged-attention,CUTOFF,2026-09-28,1,2,csrc/rocm/attention.cu;vllm/v1/attention/backends/rocm_aiter_unified_attn.py
L3,vllm,M-L3-mla-weight-absorption-schedulers,v0.1.0,2023-06-20,0,0,
L3,vllm,M-L3-mla-weight-absorption-schedulers,v0.1.1,2023-06-22,0,0,
L3,vllm,M-L3-mla-weight-absorption-schedulers,v0.1.2,2023-07-05,0,0,
L3,vllm,M-L3-mla-weight-absorption-schedulers,v0.1.3,2023-08-02,0,0,
L3,vllm,M-L3-mla-weight-absorption-schedulers,v0.1.4,2023-08-25,0,0,
L3,vllm,M-L3-mla-weight-absorption-schedulers,v0.1.5,2023-09-07,0,0,
L3,vllm,M-L3-mla-weight-absorption-schedulers,v0.1.6,2023-09-08,0,0,
L3,vllm,M-L3-mla-weight-absorption-schedulers,v0.1.7,2023-09-11,0,0,
L3,vllm,M-L3-mla-weight-absorption-schedulers,v0.2.0,2023-09-28,0,0,
L3,vllm,M-L3-mla-weight-absorption-schedulers,v0.2.1,2023-10-16,0,0,
L3,vllm,M-L3-mla-weight-absorption-schedulers,v0.2.1.post1,2023-10-17,0,0,
L3,vllm,M-L3-mla-weight-absorption-schedulers,v0.2.2,2023-11-19,0,0,
L3,vllm,M-L3-mla-weight-absorption-schedulers,v0.2.3,2023-12-03,0,0,
L3,vllm,M-L3-mla-weight-absorption-schedulers,v0.2.4,2023-12-11,0,0,
L3,vllm,M-L3-mla-weight-absorption-schedulers,v0.2.5,2023-12-14,0,0,
L3,vllm,M-L3-mla-weight-absorption-schedulers,v0.2.6,2023-12-17,0,0,
L3,vllm,M-L3-mla-weight-absorption-schedulers,v0.2.7,2024-01-04,0,0,
L3,vllm,M-L3-mla-weight-absorption-schedulers,v0.3.0,2024-01-31,0,0,
L3,vllm,M-L3-mla-weight-absorption-schedulers,v0.3.1,2024-02-16,0,0,
L3,vllm,M-L3-mla-weight-absorption-schedulers,v0.3.2,2024-02-21,0,0,
L3,vllm,M-L3-mla-weight-absorption-schedulers,v0.3.3,2024-03-01,0,0,
L3,vllm,M-L3-mla-weight-absorption-schedulers,v0.4.0,2024-03-30,0,0,
L3,vllm,M-L3-mla-weight-absorption-schedulers,v0.4.0.post1,2024-04-02,0,0,
L3,vllm,M-L3-mla-weight-absorption-schedulers,v0.4.1,2024-04-24,0,0,
L3,vllm,M-L3-mla-weight-absorption-schedulers,v0.4.2,2024-05-05,0,0,
L3,vllm,M-L3-mla-weight-absorption-schedulers,v0.4.3,2024-06-01,0,0,
L3,vllm,M-L3-mla-weight-absorption-schedulers,v0.5.0,2024-06-11,0,0,
L3,vllm,M-L3-mla-weight-absorption-schedulers,v0.5.0.post1,2024-06-14,0,0,
L3,vllm,M-L3-mla-weight-absorption-schedulers,v0.5.1,2024-07-05,0,0,
L3,vllm,M-L3-mla-weight-absorption-schedulers,v0.5.2,2024-07-15,0,0,
L3,vllm,M-L3-mla-weight-absorption-schedulers,v0.5.3,2024-07-23,0,0,
L3,vllm,M-L3-mla-weight-absorption-schedulers,v0.5.3.post1,2024-07-23,0,0,
L3,vllm,M-L3-mla-weight-absorption-schedulers,v0.5.4,2024-08-05,0,0,
L3,vllm,M-L3-mla-weight-absorption-schedulers,v0.5.5,2024-08-23,0,0,
L3,vllm,M-L3-mla-weight-absorption-schedulers,v0.6.0,2024-09-04,0,0,
L3,vllm,M-L3-mla-weight-absorption-schedulers,v0.6.1,2024-09-11,0,0,
L3,vllm,M-L3-mla-weight-absorption-schedulers,v0.6.1.post1,2024-09-13,0,0,
L3,vllm,M-L3-mla-weight-absorption-schedulers,v0.6.1.post2,2024-09-13,0,0,
L3,vllm,M-L3-mla-weight-absorption-schedulers,v0.6.2,2024-09-25,0,0,
L3,vllm,M-L3-mla-weight-absorption-schedulers,v0.6.3,2024-10-14,0,0,
L3,vllm,M-L3-mla-weight-absorption-schedulers,v0.6.3.post1,2024-10-17,0,0,
L3,vllm,M-L3-mla-weight-absorption-schedulers,v0.6.4,2024-11-15,0,0,
L3,vllm,M-L3-mla-weight-absorption-schedulers,v0.6.4.post1,2024-11-15,0,0,
L3,vllm,M-L3-mla-weight-absorption-schedulers,v0.6.5,2024-12-17,0,0,
L3,vllm,M-L3-mla-weight-absorption-schedulers,v0.6.6,2024-12-27,0,0,
L3,vllm,M-L3-mla-weight-absorption-schedulers,v0.6.6.post1,2024-12-27,0,0,
L3,vllm,M-L3-mla-weight-absorption-schedulers,v0.7.0,2025-01-27,0,0,
L3,vllm,M-L3-mla-weight-absorption-schedulers,v0.7.1,2025-02-01,1,1,vllm/attention/backends/triton_mla.py
L3,vllm,M-L3-mla-weight-absorption-schedulers,v0.7.2,2025-02-06,1,1,vllm/attention/backends/triton_mla.py
L3,vllm,M-L3-mla-weight-absorption-schedulers,v0.7.3,2025-02-20,1,1,vllm/attention/backends/triton_mla.py
L3,vllm,M-L3-mla-weight-absorption-schedulers,v0.8.0,2025-03-18,1,2,vllm/attention/backends/triton_mla.py;vllm/v1/attention/backends/mla/flashmla.py
L3,vllm,M-L3-mla-weight-absorption-schedulers,v0.8.1,2025-03-19,1,2,vllm/attention/backends/triton_mla.py;vllm/v1/attention/backends/mla/flashmla.py
L3,vllm,M-L3-mla-weight-absorption-schedulers,v0.8.2,2025-03-23,1,2,vllm/attention/backends/triton_mla.py;vllm/v1/attention/backends/mla/flashmla.py
L3,vllm,M-L3-mla-weight-absorption-schedulers,v0.8.3,2025-04-06,1,2,vllm/attention/backends/triton_mla.py;vllm/v1/attention/backends/mla/flashmla.py
L3,vllm,M-L3-mla-weight-absorption-schedulers,v0.8.4,2025-04-14,1,2,vllm/attention/backends/triton_mla.py;vllm/v1/attention/backends/mla/flashmla.py
L3,vllm,M-L3-mla-weight-absorption-schedulers,v0.8.5,2025-04-28,1,2,vllm/attention/backends/triton_mla.py;vllm/v1/attention/backends/mla/flashmla.py
L3,vllm,M-L3-mla-weight-absorption-schedulers,v0.8.5.post1,2025-05-02,1,2,vllm/attention/backends/triton_mla.py;vllm/v1/attention/backends/mla/flashmla.py
L3,vllm,M-L3-mla-weight-absorption-schedulers,v0.9.0,2025-05-15,1,2,vllm/attention/backends/triton_mla.py;vllm/v1/attention/backends/mla/flashmla.py
L3,vllm,M-L3-mla-weight-absorption-schedulers,v0.9.0.1,2025-05-30,1,2,vllm/attention/backends/triton_mla.py;vllm/v1/attention/backends/mla/flashmla.py
L3,vllm,M-L3-mla-weight-absorption-schedulers,v0.9.1,2025-06-10,1,2,vllm/attention/backends/triton_mla.py;vllm/v1/attention/backends/mla/flashmla.py
L3,vllm,M-L3-mla-weight-absorption-schedulers,v0.9.2,2025-07-07,1,2,vllm/attention/backends/triton_mla.py;vllm/v1/attention/backends/mla/flashmla.py
L3,vllm,M-L3-mla-weight-absorption-schedulers,v0.10.0,2025-07-24,1,2,vllm/attention/backends/triton_mla.py;vllm/v1/attention/backends/mla/flashmla.py
L3,vllm,M-L3-mla-weight-absorption-schedulers,v0.10.1,2025-08-18,1,2,vllm/attention/backends/triton_mla.py;vllm/v1/attention/backends/mla/flashmla.py
L3,vllm,M-L3-mla-weight-absorption-schedulers,v0.10.1.1,2025-08-20,1,2,vllm/attention/backends/triton_mla.py;vllm/v1/attention/backends/mla/flashmla.py
L3,vllm,M-L3-mla-weight-absorption-schedulers,v0.10.2,2025-09-13,1,2,vllm/attention/backends/triton_mla.py;vllm/v1/attention/backends/mla/flashmla.py
L3,vllm,M-L3-mla-weight-absorption-schedulers,v0.11.0,2025-10-02,1,1,vllm/v1/attention/backends/mla/flashmla.py
L3,vllm,M-L3-mla-weight-absorption-schedulers,v0.11.1,2025-11-18,1,1,vllm/v1/attention/backends/mla/flashmla.py
L3,vllm,M-L3-mla-weight-absorption-schedulers,v0.11.2,2025-11-20,1,1,vllm/v1/attention/backends/mla/flashmla.py
L3,vllm,M-L3-mla-weight-absorption-schedulers,v0.12.0,2025-12-03,1,1,vllm/v1/attention/backends/mla/flashmla.py
L3,vllm,M-L3-mla-weight-absorption-schedulers,v0.13.0,2025-12-19,1,1,vllm/v1/attention/backends/mla/flashmla.py
L3,vllm,M-L3-mla-weight-absorption-schedulers,v0.14.0,2026-01-20,1,2,vllm/v1/attention/backends/mla/flashmla.py;vllm/v1/attention/ops/flashmla.py
L3,vllm,M-L3-mla-weight-absorption-schedulers,v0.14.1,2026-01-24,1,2,vllm/v1/attention/backends/mla/flashmla.py;vllm/v1/attention/ops/flashmla.py
L3,vllm,M-L3-mla-weight-absorption-schedulers,v0.15.0,2026-01-29,1,2,vllm/v1/attention/backends/mla/flashmla.py;vllm/v1/attention/ops/flashmla.py
L3,vllm,M-L3-mla-weight-absorption-schedulers,v0.15.1,2026-02-04,1,2,vllm/v1/attention/backends/mla/flashmla.py;vllm/v1/attention/ops/flashmla.py
L3,vllm,M-L3-mla-weight-absorption-schedulers,v0.16.0,2026-02-25,1,2,vllm/v1/attention/backends/mla/flashmla.py;vllm/v1/attention/ops/flashmla.py
L3,vllm,M-L3-mla-weight-absorption-schedulers,v0.17.0,2026-03-07,1,2,vllm/v1/attention/backends/mla/flashmla.py;vllm/v1/attention/ops/flashmla.py
L3,vllm,M-L3-mla-weight-absorption-schedulers,v0.17.1,2026-03-11,1,2,vllm/v1/attention/backends/mla/flashmla.py;vllm/v1/attention/ops/flashmla.py
L3,vllm,M-L3-mla-weight-absorption-schedulers,v0.18.0,2026-03-20,1,2,vllm/v1/attention/backends/mla/flashmla.py;vllm/v1/attention/ops/flashmla.py
L3,vllm,M-L3-mla-weight-absorption-schedulers,v0.18.1,2026-03-31,1,2,vllm/v1/attention/backends/mla/flashmla.py;vllm/v1/attention/ops/flashmla.py
L3,vllm,M-L3-mla-weight-absorption-schedulers,v0.19.0,2026-04-03,1,2,vllm/v1/attention/backends/mla/flashmla.py;vllm/v1/attention/ops/flashmla.py
L3,vllm,M-L3-mla-weight-absorption-schedulers,v0.19.1,2026-04-18,1,2,vllm/v1/attention/backends/mla/flashmla.py;vllm/v1/attention/ops/flashmla.py
L3,vllm,M-L3-mla-weight-absorption-schedulers,v0.20.0,2026-04-27,1,2,vllm/v1/attention/backends/mla/flashmla.py;vllm/v1/attention/ops/flashmla.py
L3,vllm,M-L3-mla-weight-absorption-schedulers,v0.20.1,2026-05-04,1,2,vllm/v1/attention/backends/mla/flashmla.py;vllm/v1/attention/ops/flashmla.py
L3,vllm,M-L3-mla-weight-absorption-schedulers,v0.20.2,2026-05-10,1,2,vllm/v1/attention/backends/mla/flashmla.py;vllm/v1/attention/ops/flashmla.py
L3,vllm,M-L3-mla-weight-absorption-schedulers,v0.21.0,2026-05-15,1,2,vllm/v1/attention/backends/mla/flashmla.py;vllm/v1/attention/ops/flashmla.py
L3,vllm,M-L3-mla-weight-absorption-schedulers,v0.22.0,2026-05-29,1,4,csrc/libtorch_stable/attention/mla/cutlass_sm100_mla/device/sm100_mla.hpp;csrc/libtorch_stable/attention/mla/cutlass_sm100_mla/kernel/sm100_fmha_mla_tma_warpspecialized.hpp;vllm/v1/attention/backends/mla/flashmla.py;vllm/v1/attention/ops/flashmla.py
L3,vllm,M-L3-mla-weight-absorption-schedulers,v0.22.1,2026-06-05,1,4,csrc/libtorch_stable/attention/mla/cutlass_sm100_mla/device/sm100_mla.hpp;csrc/libtorch_stable/attention/mla/cutlass_sm100_mla/kernel/sm100_fmha_mla_tma_warpspecialized.hpp;vllm/v1/attention/backends/mla/flashmla.py;vllm/v1/attention/ops/flashmla.py
L3,vllm,M-L3-mla-weight-absorption-schedulers,v0.23.0,2026-06-15,1,4,csrc/libtorch_stable/attention/mla/cutlass_sm100_mla/device/sm100_mla.hpp;csrc/libtorch_stable/attention/mla/cutlass_sm100_mla/kernel/sm100_fmha_mla_tma_warpspecialized.hpp;vllm/v1/attention/backends/mla/flashmla.py;vllm/v1/attention/ops/flashmla.py
L3,vllm,M-L3-mla-weight-absorption-schedulers,v0.24.0,2026-06-29,1,4,csrc/libtorch_stable/attention/mla/cutlass_sm100_mla/device/sm100_mla.hpp;csrc/libtorch_stable/attention/mla/cutlass_sm100_mla/kernel/sm100_fmha_mla_tma_warpspecialized.hpp;vllm/v1/attention/backends/mla/flashmla.py;vllm/v1/attention/ops/flashmla.py
L3,vllm,M-L3-mla-weight-absorption-schedulers,v0.25.0,2026-07-11,1,4,csrc/libtorch_stable/attention/mla/cutlass_sm100_mla/device/sm100_mla.hpp;csrc/libtorch_stable/attention/mla/cutlass_sm100_mla/kernel/sm100_fmha_mla_tma_warpspecialized.hpp;vllm/v1/attention/backends/mla/flashmla.py;vllm/v1/attention/ops/flashmla.py
L3,vllm,M-L3-mla-weight-absorption-schedulers,v0.25.1,2026-07-14,1,4,csrc/libtorch_stable/attention/mla/cutlass_sm100_mla/device/sm100_mla.hpp;csrc/libtorch_stable/attention/mla/cutlass_sm100_mla/kernel/sm100_fmha_mla_tma_warpspecialized.hpp;vllm/v1/attention/backends/mla/flashmla.py;vllm/v1/attention/ops/flashmla.py
L3,vllm,M-L3-mla-weight-absorption-schedulers,v0.26.0,2026-07-27,1,4,csrc/libtorch_stable/attention/mla/cutlass_sm100_mla/device/sm100_mla.hpp;csrc/libtorch_stable/attention/mla/cutlass_sm100_mla/kernel/sm100_fmha_mla_tma_warpspecialized.hpp;vllm/v1/attention/backends/mla/flashmla.py;vllm/v1/attention/ops/flashmla.py
L3,vllm,M-L3-mla-weight-absorption-schedulers,v0.27.0,2026-08-10,1,4,csrc/libtorch_stable/attention/mla/cutlass_sm100_mla/device/sm100_mla.hpp;csrc/libtorch_stable/attention/mla/cutlass_sm100_mla/kernel/sm100_fmha_mla_tma_warpspecialized.hpp;vllm/v1/attention/backends/mla/flashmla.py;vllm/v1/attention/ops/flashmla.py
L3,vllm,M-L3-mla-weight-absorption-schedulers,v0.27.1,2026-08-11,1,4,csrc/libtorch_stable/attention/mla/cutlass_sm100_mla/device/sm100_mla.hpp;csrc/libtorch_stable/attention/mla/cutlass_sm100_mla/kernel/sm100_fmha_mla_tma_warpspecialized.hpp;vllm/v1/attention/backends/mla/flashmla.py;vllm/v1/attention/ops/flashmla.py
L3,vllm,M-L3-mla-weight-absorption-schedulers,v0.28.0,2026-08-26,1,4,csrc/libtorch_stable/attention/mla/cutlass_sm100_mla/device/sm100_mla.hpp;csrc/libtorch_stable/attention/mla/cutlass_sm100_mla/kernel/sm100_fmha_mla_tma_warpspecialized.hpp;vllm/v1/attention/backends/mla/flashmla.py;vllm/v1/attention/ops/flashmla.py
L3,vllm,M-L3-mla-weight-absorption-schedulers,v0.29.0,2026-09-09,1,4,csrc/libtorch_stable/attention/mla/cutlass_sm100_mla/device/sm100_mla.hpp;csrc/libtorch_stable/attention/mla/cutlass_sm100_mla/kernel/sm100_fmha_mla_tma_warpspecialized.hpp;vllm/v1/attention/backends/mla/flashmla.py;vllm/v1/attention/ops/flashmla.py
L3,vllm,M-L3-mla-weight-absorption-schedulers,v0.30.0,2026-09-22,1,4,csrc/libtorch_stable/attention/mla/cutlass_sm100_mla/device/sm100_mla.hpp;csrc/libtorch_stable/attention/mla/cutlass_sm100_mla/kernel/sm100_fmha_mla_tma_warpspecialized.hpp;vllm/v1/attention/backends/mla/flashmla.py;vllm/v1/attention/ops/flashmla.py
L3,vllm,M-L3-mla-weight-absorption-schedulers,CUTOFF,2026-09-28,1,4,csrc/libtorch_stable/attention/mla/cutlass_sm100_mla/device/sm100_mla.hpp;csrc/libtorch_stable/attention/mla/cutlass_sm100_mla/kernel/sm100_fmha_mla_tma_warpspecialized.hpp;vllm/v1/attention/backends/mla/flashmla.py;vllm/v1/attention/ops/flashmla.py
L3,vllm,M-L3-fp8-kv-cache-scales,v0.1.0,2023-06-20,0,0,
L3,vllm,M-L3-fp8-kv-cache-scales,v0.1.1,2023-06-22,0,0,
L3,vllm,M-L3-fp8-kv-cache-scales,v0.1.2,2023-07-05,0,0,
L3,vllm,M-L3-fp8-kv-cache-scales,v0.1.3,2023-08-02,0,0,
L3,vllm,M-L3-fp8-kv-cache-scales,v0.1.4,2023-08-25,0,0,
L3,vllm,M-L3-fp8-kv-cache-scales,v0.1.5,2023-09-07,0,0,
L3,vllm,M-L3-fp8-kv-cache-scales,v0.1.6,2023-09-08,0,0,
L3,vllm,M-L3-fp8-kv-cache-scales,v0.1.7,2023-09-11,0,0,
L3,vllm,M-L3-fp8-kv-cache-scales,v0.2.0,2023-09-28,0,0,
L3,vllm,M-L3-fp8-kv-cache-scales,v0.2.1,2023-10-16,0,0,
L3,vllm,M-L3-fp8-kv-cache-scales,v0.2.1.post1,2023-10-17,0,0,
L3,vllm,M-L3-fp8-kv-cache-scales,v0.2.2,2023-11-19,0,0,
L3,vllm,M-L3-fp8-kv-cache-scales,v0.2.3,2023-12-03,0,0,
L3,vllm,M-L3-fp8-kv-cache-scales,v0.2.4,2023-12-11,0,0,
L3,vllm,M-L3-fp8-kv-cache-scales,v0.2.5,2023-12-14,0,0,
L3,vllm,M-L3-fp8-kv-cache-scales,v0.2.6,2023-12-17,0,0,
L3,vllm,M-L3-fp8-kv-cache-scales,v0.2.7,2024-01-04,0,0,
L3,vllm,M-L3-fp8-kv-cache-scales,v0.3.0,2024-01-31,0,0,
L3,vllm,M-L3-fp8-kv-cache-scales,v0.3.1,2024-02-16,0,0,
L3,vllm,M-L3-fp8-kv-cache-scales,v0.3.2,2024-02-21,0,0,
L3,vllm,M-L3-fp8-kv-cache-scales,v0.3.3,2024-03-01,0,0,
L3,vllm,M-L3-fp8-kv-cache-scales,v0.4.0,2024-03-30,0,0,
L3,vllm,M-L3-fp8-kv-cache-scales,v0.4.0.post1,2024-04-02,0,0,
L3,vllm,M-L3-fp8-kv-cache-scales,v0.4.1,2024-04-24,0,0,
L3,vllm,M-L3-fp8-kv-cache-scales,v0.4.2,2024-05-05,0,0,
L3,vllm,M-L3-fp8-kv-cache-scales,v0.4.3,2024-06-01,0,0,
L3,vllm,M-L3-fp8-kv-cache-scales,v0.5.0,2024-06-11,0,0,
L3,vllm,M-L3-fp8-kv-cache-scales,v0.5.0.post1,2024-06-14,0,0,
L3,vllm,M-L3-fp8-kv-cache-scales,v0.5.1,2024-07-05,0,0,
L3,vllm,M-L3-fp8-kv-cache-scales,v0.5.2,2024-07-15,0,0,
L3,vllm,M-L3-fp8-kv-cache-scales,v0.5.3,2024-07-23,0,0,
L3,vllm,M-L3-fp8-kv-cache-scales,v0.5.3.post1,2024-07-23,0,0,
L3,vllm,M-L3-fp8-kv-cache-scales,v0.5.4,2024-08-05,0,0,
L3,vllm,M-L3-fp8-kv-cache-scales,v0.5.5,2024-08-23,0,0,
L3,vllm,M-L3-fp8-kv-cache-scales,v0.6.0,2024-09-04,0,0,
L3,vllm,M-L3-fp8-kv-cache-scales,v0.6.1,2024-09-11,0,0,
L3,vllm,M-L3-fp8-kv-cache-scales,v0.6.1.post1,2024-09-13,0,0,
L3,vllm,M-L3-fp8-kv-cache-scales,v0.6.1.post2,2024-09-13,0,0,
L3,vllm,M-L3-fp8-kv-cache-scales,v0.6.2,2024-09-25,0,0,
L3,vllm,M-L3-fp8-kv-cache-scales,v0.6.3,2024-10-14,0,0,
L3,vllm,M-L3-fp8-kv-cache-scales,v0.6.3.post1,2024-10-17,0,0,
L3,vllm,M-L3-fp8-kv-cache-scales,v0.6.4,2024-11-15,0,0,
L3,vllm,M-L3-fp8-kv-cache-scales,v0.6.4.post1,2024-11-15,0,0,
L3,vllm,M-L3-fp8-kv-cache-scales,v0.6.5,2024-12-17,0,0,
L3,vllm,M-L3-fp8-kv-cache-scales,v0.6.6,2024-12-27,0,0,
L3,vllm,M-L3-fp8-kv-cache-scales,v0.6.6.post1,2024-12-27,0,0,
L3,vllm,M-L3-fp8-kv-cache-scales,v0.7.0,2025-01-27,0,0,
L3,vllm,M-L3-fp8-kv-cache-scales,v0.7.1,2025-02-01,0,0,
L3,vllm,M-L3-fp8-kv-cache-scales,v0.7.2,2025-02-06,0,0,
L3,vllm,M-L3-fp8-kv-cache-scales,v0.7.3,2025-02-20,0,0,
L3,vllm,M-L3-fp8-kv-cache-scales,v0.8.0,2025-03-18,1,1,vllm/v1/attention/backends/mla/triton_mla.py
L3,vllm,M-L3-fp8-kv-cache-scales,v0.8.1,2025-03-19,1,1,vllm/v1/attention/backends/mla/triton_mla.py
L3,vllm,M-L3-fp8-kv-cache-scales,v0.8.2,2025-03-23,1,2,vllm/v1/attention/backends/flash_attn.py;vllm/v1/attention/backends/mla/triton_mla.py
L3,vllm,M-L3-fp8-kv-cache-scales,v0.8.3,2025-04-06,1,2,vllm/v1/attention/backends/flash_attn.py;vllm/v1/attention/backends/mla/triton_mla.py
L3,vllm,M-L3-fp8-kv-cache-scales,v0.8.4,2025-04-14,1,2,vllm/v1/attention/backends/flash_attn.py;vllm/v1/attention/backends/mla/triton_mla.py
L3,vllm,M-L3-fp8-kv-cache-scales,v0.8.5,2025-04-28,1,2,vllm/v1/attention/backends/flash_attn.py;vllm/v1/attention/backends/mla/triton_mla.py
L3,vllm,M-L3-fp8-kv-cache-scales,v0.8.5.post1,2025-05-02,1,2,vllm/v1/attention/backends/flash_attn.py;vllm/v1/attention/backends/mla/triton_mla.py
L3,vllm,M-L3-fp8-kv-cache-scales,v0.9.0,2025-05-15,1,2,vllm/v1/attention/backends/flash_attn.py;vllm/v1/attention/backends/mla/triton_mla.py
L3,vllm,M-L3-fp8-kv-cache-scales,v0.9.0.1,2025-05-30,1,2,vllm/v1/attention/backends/flash_attn.py;vllm/v1/attention/backends/mla/triton_mla.py
L3,vllm,M-L3-fp8-kv-cache-scales,v0.9.1,2025-06-10,1,3,vllm/v1/attention/backends/flash_attn.py;vllm/v1/attention/backends/mla/cutlass_mla.py;vllm/v1/attention/backends/mla/triton_mla.py
L3,vllm,M-L3-fp8-kv-cache-scales,v0.9.2,2025-07-07,1,3,vllm/v1/attention/backends/flash_attn.py;vllm/v1/attention/backends/mla/cutlass_mla.py;vllm/v1/attention/backends/mla/triton_mla.py
L3,vllm,M-L3-fp8-kv-cache-scales,v0.10.0,2025-07-24,1,4,vllm/v1/attention/backends/flash_attn.py;vllm/v1/attention/backends/flashinfer.py;vllm/v1/attention/backends/mla/cutlass_mla.py;vllm/v1/attention/backends/mla/triton_mla.py
L3,vllm,M-L3-fp8-kv-cache-scales,v0.10.1,2025-08-18,1,4,vllm/v1/attention/backends/flash_attn.py;vllm/v1/attention/backends/flashinfer.py;vllm/v1/attention/backends/mla/cutlass_mla.py;vllm/v1/attention/backends/mla/triton_mla.py
L3,vllm,M-L3-fp8-kv-cache-scales,v0.10.1.1,2025-08-20,1,4,vllm/v1/attention/backends/flash_attn.py;vllm/v1/attention/backends/flashinfer.py;vllm/v1/attention/backends/mla/cutlass_mla.py;vllm/v1/attention/backends/mla/triton_mla.py
L3,vllm,M-L3-fp8-kv-cache-scales,v0.10.2,2025-09-13,1,5,vllm/v1/attention/backends/flash_attn.py;vllm/v1/attention/backends/flashinfer.py;vllm/v1/attention/backends/mla/common.py;vllm/v1/attention/backends/mla/flashattn_mla.py;vllm/v1/attention/backends/mla/triton_mla.py
L3,vllm,M-L3-fp8-kv-cache-scales,v0.11.0,2025-10-02,1,6,vllm/v1/attention/backends/flash_attn.py;vllm/v1/attention/backends/flashinfer.py;vllm/v1/attention/backends/mla/common.py;vllm/v1/attention/backends/mla/flashattn_mla.py;vllm/v1/attention/backends/mla/flashmla_sparse.py;vllm/v1/attention/backends/mla/triton_mla.py
L3,vllm,M-L3-fp8-kv-cache-scales,v0.11.1,2025-11-18,1,6,vllm/v1/attention/backends/flash_attn.py;vllm/v1/attention/backends/flashinfer.py;vllm/v1/attention/backends/mla/common.py;vllm/v1/attention/backends/mla/flashattn_mla.py;vllm/v1/attention/backends/mla/flashmla_sparse.py;vllm/v1/attention/backends/mla/triton_mla.py
L3,vllm,M-L3-fp8-kv-cache-scales,v0.11.2,2025-11-20,1,6,vllm/v1/attention/backends/flash_attn.py;vllm/v1/attention/backends/flashinfer.py;vllm/v1/attention/backends/mla/common.py;vllm/v1/attention/backends/mla/flashattn_mla.py;vllm/v1/attention/backends/mla/flashmla_sparse.py;vllm/v1/attention/backends/mla/triton_mla.py
L3,vllm,M-L3-fp8-kv-cache-scales,v0.12.0,2025-12-03,1,6,vllm/v1/attention/backends/flash_attn.py;vllm/v1/attention/backends/flashinfer.py;vllm/v1/attention/backends/mla/common.py;vllm/v1/attention/backends/mla/flashattn_mla.py;vllm/v1/attention/backends/mla/flashmla_sparse.py;vllm/v1/attention/backends/mla/triton_mla.py
L3,vllm,M-L3-fp8-kv-cache-scales,v0.13.0,2025-12-19,1,6,vllm/v1/attention/backends/flash_attn.py;vllm/v1/attention/backends/flashinfer.py;vllm/v1/attention/backends/mla/common.py;vllm/v1/attention/backends/mla/flashattn_mla.py;vllm/v1/attention/backends/mla/flashmla_sparse.py;vllm/v1/attention/backends/mla/triton_mla.py
L3,vllm,M-L3-fp8-kv-cache-scales,v0.14.0,2026-01-20,1,6,vllm/v1/attention/backends/flash_attn.py;vllm/v1/attention/backends/flashinfer.py;vllm/v1/attention/backends/mla/common.py;vllm/v1/attention/backends/mla/flashattn_mla.py;vllm/v1/attention/backends/mla/flashmla_sparse.py;vllm/v1/attention/backends/mla/triton_mla.py
L3,vllm,M-L3-fp8-kv-cache-scales,v0.14.1,2026-01-24,1,6,vllm/v1/attention/backends/flash_attn.py;vllm/v1/attention/backends/flashinfer.py;vllm/v1/attention/backends/mla/common.py;vllm/v1/attention/backends/mla/flashattn_mla.py;vllm/v1/attention/backends/mla/flashmla_sparse.py;vllm/v1/attention/backends/mla/triton_mla.py
L3,vllm,M-L3-fp8-kv-cache-scales,v0.15.0,2026-01-29,1,6,vllm/v1/attention/backends/flash_attn.py;vllm/v1/attention/backends/flashinfer.py;vllm/v1/attention/backends/mla/flashattn_mla.py;vllm/v1/attention/backends/mla/flashmla.py;vllm/v1/attention/backends/mla/flashmla_sparse.py;vllm/v1/attention/backends/mla/triton_mla.py
L3,vllm,M-L3-fp8-kv-cache-scales,v0.15.1,2026-02-04,1,6,vllm/v1/attention/backends/flash_attn.py;vllm/v1/attention/backends/flashinfer.py;vllm/v1/attention/backends/mla/flashattn_mla.py;vllm/v1/attention/backends/mla/flashmla.py;vllm/v1/attention/backends/mla/flashmla_sparse.py;vllm/v1/attention/backends/mla/triton_mla.py
L3,vllm,M-L3-fp8-kv-cache-scales,v0.16.0,2026-02-25,1,6,vllm/v1/attention/backends/flash_attn.py;vllm/v1/attention/backends/flashinfer.py;vllm/v1/attention/backends/mla/flashattn_mla.py;vllm/v1/attention/backends/mla/flashmla.py;vllm/v1/attention/backends/mla/flashmla_sparse.py;vllm/v1/attention/backends/mla/triton_mla.py
L3,vllm,M-L3-fp8-kv-cache-scales,v0.17.0,2026-03-07,1,6,vllm/v1/attention/backends/flash_attn.py;vllm/v1/attention/backends/flashinfer.py;vllm/v1/attention/backends/mla/flashattn_mla.py;vllm/v1/attention/backends/mla/flashmla.py;vllm/v1/attention/backends/mla/flashmla_sparse.py;vllm/v1/attention/backends/mla/triton_mla.py
L3,vllm,M-L3-fp8-kv-cache-scales,v0.17.1,2026-03-11,1,6,vllm/v1/attention/backends/flash_attn.py;vllm/v1/attention/backends/flashinfer.py;vllm/v1/attention/backends/mla/flashattn_mla.py;vllm/v1/attention/backends/mla/flashmla.py;vllm/v1/attention/backends/mla/flashmla_sparse.py;vllm/v1/attention/backends/mla/triton_mla.py
L3,vllm,M-L3-fp8-kv-cache-scales,v0.18.0,2026-03-20,1,6,vllm/v1/attention/backends/flash_attn.py;vllm/v1/attention/backends/flashinfer.py;vllm/v1/attention/backends/mla/flashattn_mla.py;vllm/v1/attention/backends/mla/flashmla.py;vllm/v1/attention/backends/mla/flashmla_sparse.py;vllm/v1/attention/backends/mla/xpu_mla_sparse.py
L3,vllm,M-L3-fp8-kv-cache-scales,v0.18.1,2026-03-31,1,6,vllm/v1/attention/backends/flash_attn.py;vllm/v1/attention/backends/flashinfer.py;vllm/v1/attention/backends/mla/flashattn_mla.py;vllm/v1/attention/backends/mla/flashmla.py;vllm/v1/attention/backends/mla/flashmla_sparse.py;vllm/v1/attention/backends/mla/xpu_mla_sparse.py
L3,vllm,M-L3-fp8-kv-cache-scales,v0.19.0,2026-04-03,1,9,vllm/v1/attention/backends/flash_attn.py;vllm/v1/attention/backends/flashinfer.py;vllm/v1/attention/backends/mla/flashattn_mla.py;vllm/v1/attention/backends/mla/flashinfer_mla.py;vllm/v1/attention/backends/mla/flashinfer_mla_sparse.py;vllm/v1/attention/backends/mla/flashmla.py
L3,vllm,M-L3-fp8-kv-cache-scales,v0.19.1,2026-04-18,1,9,vllm/v1/attention/backends/flash_attn.py;vllm/v1/attention/backends/flashinfer.py;vllm/v1/attention/backends/mla/flashattn_mla.py;vllm/v1/attention/backends/mla/flashinfer_mla.py;vllm/v1/attention/backends/mla/flashinfer_mla_sparse.py;vllm/v1/attention/backends/mla/flashmla.py
L3,vllm,M-L3-fp8-kv-cache-scales,v0.20.0,2026-04-27,1,4,vllm/v1/attention/backends/flash_attn.py;vllm/v1/attention/backends/flashinfer.py;vllm/v1/attention/backends/mla/flashmla_sparse.py;vllm/v1/attention/backends/mla/rocm_aiter_mla.py
L3,vllm,M-L3-fp8-kv-cache-scales,v0.20.1,2026-05-04,1,4,vllm/v1/attention/backends/flash_attn.py;vllm/v1/attention/backends/flashinfer.py;vllm/v1/attention/backends/mla/flashmla_sparse.py;vllm/v1/attention/backends/mla/rocm_aiter_mla.py
L3,vllm,M-L3-fp8-kv-cache-scales,v0.20.2,2026-05-10,1,4,vllm/v1/attention/backends/flash_attn.py;vllm/v1/attention/backends/flashinfer.py;vllm/v1/attention/backends/mla/flashmla_sparse.py;vllm/v1/attention/backends/mla/rocm_aiter_mla.py
L3,vllm,M-L3-fp8-kv-cache-scales,v0.21.0,2026-05-15,1,5,vllm/v1/attention/backends/flash_attn.py;vllm/v1/attention/backends/flashinfer.py;vllm/v1/attention/backends/mla/flashmla_sparse.py;vllm/v1/attention/backends/mla/rocm_aiter_mla.py;vllm/v1/attention/backends/mla/rocm_aiter_mla_sparse.py
L3,vllm,M-L3-fp8-kv-cache-scales,v0.22.0,2026-05-29,1,5,vllm/v1/attention/backends/flash_attn.py;vllm/v1/attention/backends/flashinfer.py;vllm/v1/attention/backends/mla/flashmla_sparse.py;vllm/v1/attention/backends/mla/rocm_aiter_mla.py;vllm/v1/attention/backends/mla/rocm_aiter_mla_sparse.py
L3,vllm,M-L3-fp8-kv-cache-scales,v0.22.1,2026-06-05,1,5,vllm/v1/attention/backends/flash_attn.py;vllm/v1/attention/backends/flashinfer.py;vllm/v1/attention/backends/mla/flashmla_sparse.py;vllm/v1/attention/backends/mla/rocm_aiter_mla.py;vllm/v1/attention/backends/mla/rocm_aiter_mla_sparse.py
L3,vllm,M-L3-fp8-kv-cache-scales,v0.23.0,2026-06-15,1,5,vllm/v1/attention/backends/flash_attn.py;vllm/v1/attention/backends/flashinfer.py;vllm/v1/attention/backends/mla/flashmla_sparse.py;vllm/v1/attention/backends/mla/rocm_aiter_mla.py;vllm/v1/attention/backends/mla/rocm_aiter_mla_sparse.py
L3,vllm,M-L3-fp8-kv-cache-scales,v0.24.0,2026-06-29,1,7,vllm/v1/attention/backends/flash_attn.py;vllm/v1/attention/backends/flashinfer.py;vllm/v1/attention/backends/mla/flashinfer_mla_sparse.py;vllm/v1/attention/backends/mla/flashinfer_mla_sparse_sm120.py;vllm/v1/attention/backends/mla/flashmla_sparse.py;vllm/v1/attention/backends/mla/rocm_aiter_mla.py
L3,vllm,M-L3-fp8-kv-cache-scales,v0.25.0,2026-07-11,1,7,vllm/v1/attention/backends/flash_attn.py;vllm/v1/attention/backends/flashinfer.py;vllm/v1/attention/backends/mla/flashinfer_mla_sparse.py;vllm/v1/attention/backends/mla/flashinfer_mla_sparse_sm120.py;vllm/v1/attention/backends/mla/flashmla_sparse.py;vllm/v1/attention/backends/mla/rocm_aiter_mla.py
L3,vllm,M-L3-fp8-kv-cache-scales,v0.25.1,2026-07-14,1,7,vllm/v1/attention/backends/flash_attn.py;vllm/v1/attention/backends/flashinfer.py;vllm/v1/attention/backends/mla/flashinfer_mla_sparse.py;vllm/v1/attention/backends/mla/flashinfer_mla_sparse_sm120.py;vllm/v1/attention/backends/mla/flashmla_sparse.py;vllm/v1/attention/backends/mla/rocm_aiter_mla.py
L3,vllm,M-L3-fp8-kv-cache-scales,v0.26.0,2026-07-27,1,8,vllm/v1/attention/backends/flash_attn.py;vllm/v1/attention/backends/flashinfer.py;vllm/v1/attention/backends/mla/flashinfer_mla_sparse.py;vllm/v1/attention/backends/mla/flashinfer_mla_sparse_sm120.py;vllm/v1/attention/backends/mla/flashmla_sparse.py;vllm/v1/attention/backends/mla/rocm_aiter_mla.py
L3,vllm,M-L3-fp8-kv-cache-scales,v0.27.0,2026-08-10,1,7,vllm/v1/attention/backends/flashinfer.py;vllm/v1/attention/backends/mla/flashinfer_mla_sparse.py;vllm/v1/attention/backends/mla/flashinfer_mla_sparse_sm120.py;vllm/v1/attention/backends/mla/flashmla_sparse.py;vllm/v1/attention/backends/mla/rocm_aiter_mla.py;vllm/v1/attention/backends/mla/rocm_aiter_mla_sparse.py
L3,vllm,M-L3-fp8-kv-cache-scales,v0.27.1,2026-08-11,1,7,vllm/v1/attention/backends/flashinfer.py;vllm/v1/attention/backends/mla/flashinfer_mla_sparse.py;vllm/v1/attention/backends/mla/flashinfer_mla_sparse_sm120.py;vllm/v1/attention/backends/mla/flashmla_sparse.py;vllm/v1/attention/backends/mla/rocm_aiter_mla.py;vllm/v1/attention/backends/mla/rocm_aiter_mla_sparse.py
L3,vllm,M-L3-fp8-kv-cache-scales,v0.28.0,2026-08-26,1,7,vllm/v1/attention/backends/flashinfer.py;vllm/v1/attention/backends/mla/flashinfer_mla_sparse.py;vllm/v1/attention/backends/mla/flashinfer_mla_sparse_sm120.py;vllm/v1/attention/backends/mla/flashmla_sparse.py;vllm/v1/attention/backends/mla/rocm_aiter_mla.py;vllm/v1/attention/backends/mla/rocm_aiter_mla_sparse.py
L3,vllm,M-L3-fp8-kv-cache-scales,v0.29.0,2026-09-09,1,7,vllm/v1/attention/backends/flashinfer.py;vllm/v1/attention/backends/mla/flashinfer_mla_sparse.py;vllm/v1/attention/backends/mla/flashinfer_mla_sparse_sm120.py;vllm/v1/attention/backends/mla/flashmla_sparse.py;vllm/v1/attention/backends/mla/rocm_aiter_mla.py;vllm/v1/attention/backends/mla/rocm_aiter_mla_sparse.py
L3,vllm,M-L3-fp8-kv-cache-scales,v0.30.0,2026-09-22,1,8,vllm/v1/attention/backends/flashinfer.py;vllm/v1/attention/backends/mla/flashinfer_mla_sparse.py;vllm/v1/attention/backends/mla/flashinfer_mla_sparse_sm120.py;vllm/v1/attention/backends/mla/flashmla_sparse.py;vllm/v1/attention/backends/mla/index_group.py;vllm/v1/attention/backends/mla/rocm_aiter_mla.py
L3,vllm,M-L3-fp8-kv-cache-scales,CUTOFF,2026-09-28,1,9,vllm/v1/attention/backends/flash_attn.py;vllm/v1/attention/backends/flashinfer.py;vllm/v1/attention/backends/mla/flashinfer_mla_sparse.py;vllm/v1/attention/backends/mla/flashinfer_mla_sparse_sm120.py;vllm/v1/attention/backends/mla/flashmla_sparse.py;vllm/v1/attention/backends/mla/index_group.py
L3,vllm,M-L3-cudagraph-static-metadata,v0.1.0,2023-06-20,0,0,
L3,vllm,M-L3-cudagraph-static-metadata,v0.1.1,2023-06-22,0,0,
L3,vllm,M-L3-cudagraph-static-metadata,v0.1.2,2023-07-05,0,0,
L3,vllm,M-L3-cudagraph-static-metadata,v0.1.3,2023-08-02,0,0,
L3,vllm,M-L3-cudagraph-static-metadata,v0.1.4,2023-08-25,0,0,
L3,vllm,M-L3-cudagraph-static-metadata,v0.1.5,2023-09-07,0,0,
L3,vllm,M-L3-cudagraph-static-metadata,v0.1.6,2023-09-08,0,0,
L3,vllm,M-L3-cudagraph-static-metadata,v0.1.7,2023-09-11,0,0,
L3,vllm,M-L3-cudagraph-static-metadata,v0.2.0,2023-09-28,0,0,
L3,vllm,M-L3-cudagraph-static-metadata,v0.2.1,2023-10-16,0,0,
L3,vllm,M-L3-cudagraph-static-metadata,v0.2.1.post1,2023-10-17,0,0,
L3,vllm,M-L3-cudagraph-static-metadata,v0.2.2,2023-11-19,0,0,
L3,vllm,M-L3-cudagraph-static-metadata,v0.2.3,2023-12-03,0,0,
L3,vllm,M-L3-cudagraph-static-metadata,v0.2.4,2023-12-11,0,0,
L3,vllm,M-L3-cudagraph-static-metadata,v0.2.5,2023-12-14,0,0,
L3,vllm,M-L3-cudagraph-static-metadata,v0.2.6,2023-12-17,0,0,
L3,vllm,M-L3-cudagraph-static-metadata,v0.2.7,2024-01-04,0,0,
L3,vllm,M-L3-cudagraph-static-metadata,v0.3.0,2024-01-31,0,0,
L3,vllm,M-L3-cudagraph-static-metadata,v0.3.1,2024-02-16,0,0,
L3,vllm,M-L3-cudagraph-static-metadata,v0.3.2,2024-02-21,0,0,
L3,vllm,M-L3-cudagraph-static-metadata,v0.3.3,2024-03-01,0,0,
L3,vllm,M-L3-cudagraph-static-metadata,v0.4.0,2024-03-30,0,0,
L3,vllm,M-L3-cudagraph-static-metadata,v0.4.0.post1,2024-04-02,0,0,
L3,vllm,M-L3-cudagraph-static-metadata,v0.4.1,2024-04-24,0,0,
L3,vllm,M-L3-cudagraph-static-metadata,v0.4.2,2024-05-05,0,0,
L3,vllm,M-L3-cudagraph-static-metadata,v0.4.3,2024-06-01,0,0,
L3,vllm,M-L3-cudagraph-static-metadata,v0.5.0,2024-06-11,0,0,
L3,vllm,M-L3-cudagraph-static-metadata,v0.5.0.post1,2024-06-14,0,0,
L3,vllm,M-L3-cudagraph-static-metadata,v0.5.1,2024-07-05,0,0,
L3,vllm,M-L3-cudagraph-static-metadata,v0.5.2,2024-07-15,0,0,
L3,vllm,M-L3-cudagraph-static-metadata,v0.5.3,2024-07-23,0,0,
L3,vllm,M-L3-cudagraph-static-metadata,v0.5.3.post1,2024-07-23,0,0,
L3,vllm,M-L3-cudagraph-static-metadata,v0.5.4,2024-08-05,0,0,
L3,vllm,M-L3-cudagraph-static-metadata,v0.5.5,2024-08-23,0,0,
L3,vllm,M-L3-cudagraph-static-metadata,v0.6.0,2024-09-04,0,0,
L3,vllm,M-L3-cudagraph-static-metadata,v0.6.1,2024-09-11,0,0,
L3,vllm,M-L3-cudagraph-static-metadata,v0.6.1.post1,2024-09-13,0,0,
L3,vllm,M-L3-cudagraph-static-metadata,v0.6.1.post2,2024-09-13,0,0,
L3,vllm,M-L3-cudagraph-static-metadata,v0.6.2,2024-09-25,0,0,
L3,vllm,M-L3-cudagraph-static-metadata,v0.6.3,2024-10-14,0,0,
L3,vllm,M-L3-cudagraph-static-metadata,v0.6.3.post1,2024-10-17,0,0,
L3,vllm,M-L3-cudagraph-static-metadata,v0.6.4,2024-11-15,0,0,
L3,vllm,M-L3-cudagraph-static-metadata,v0.6.4.post1,2024-11-15,0,0,
L3,vllm,M-L3-cudagraph-static-metadata,v0.6.5,2024-12-17,0,0,
L3,vllm,M-L3-cudagraph-static-metadata,v0.6.6,2024-12-27,0,0,
L3,vllm,M-L3-cudagraph-static-metadata,v0.6.6.post1,2024-12-27,0,0,
L3,vllm,M-L3-cudagraph-static-metadata,v0.7.0,2025-01-27,0,0,
L3,vllm,M-L3-cudagraph-static-metadata,v0.7.1,2025-02-01,0,0,
L3,vllm,M-L3-cudagraph-static-metadata,v0.7.2,2025-02-06,0,0,
L3,vllm,M-L3-cudagraph-static-metadata,v0.7.3,2025-02-20,0,0,
L3,vllm,M-L3-cudagraph-static-metadata,v0.8.0,2025-03-18,1,1,vllm/v1/attention/backends/mla/common.py
L3,vllm,M-L3-cudagraph-static-metadata,v0.8.1,2025-03-19,1,1,vllm/v1/attention/backends/mla/common.py
L3,vllm,M-L3-cudagraph-static-metadata,v0.8.2,2025-03-23,1,1,vllm/v1/attention/backends/mla/common.py
L3,vllm,M-L3-cudagraph-static-metadata,v0.8.3,2025-04-06,1,1,vllm/v1/attention/backends/mla/common.py
L3,vllm,M-L3-cudagraph-static-metadata,v0.8.4,2025-04-14,1,1,vllm/v1/attention/backends/mla/common.py
L3,vllm,M-L3-cudagraph-static-metadata,v0.8.5,2025-04-28,1,2,vllm/v1/attention/backends/flashinfer.py;vllm/v1/attention/backends/mla/common.py
L3,vllm,M-L3-cudagraph-static-metadata,v0.8.5.post1,2025-05-02,1,2,vllm/v1/attention/backends/flashinfer.py;vllm/v1/attention/backends/mla/common.py
L3,vllm,M-L3-cudagraph-static-metadata,v0.9.0,2025-05-15,1,2,vllm/v1/attention/backends/flashinfer.py;vllm/v1/attention/backends/mla/common.py
L3,vllm,M-L3-cudagraph-static-metadata,v0.9.0.1,2025-05-30,1,2,vllm/v1/attention/backends/flashinfer.py;vllm/v1/attention/backends/mla/common.py
L3,vllm,M-L3-cudagraph-static-metadata,v0.9.1,2025-06-10,1,2,vllm/v1/attention/backends/flashinfer.py;vllm/v1/attention/backends/mla/common.py
L3,vllm,M-L3-cudagraph-static-metadata,v0.9.2,2025-07-07,1,5,vllm/v1/attention/backends/flash_attn.py;vllm/v1/attention/backends/flashinfer.py;vllm/v1/attention/backends/mla/common.py;vllm/v1/attention/backends/mla/flashmla.py;vllm/v1/attention/backends/mla/rocm_aiter_mla.py
L3,vllm,M-L3-cudagraph-static-metadata,v0.10.0,2025-07-24,1,4,vllm/v1/attention/backends/flash_attn.py;vllm/v1/attention/backends/mla/common.py;vllm/v1/attention/backends/mla/flashmla.py;vllm/v1/attention/backends/mla/rocm_aiter_mla.py
L3,vllm,M-L3-cudagraph-static-metadata,v0.10.1,2025-08-18,1,6,vllm/v1/attention/backends/flash_attn.py;vllm/v1/attention/backends/flashinfer.py;vllm/v1/attention/backends/mla/common.py;vllm/v1/attention/backends/mla/cutlass_mla.py;vllm/v1/attention/backends/mla/flashmla.py;vllm/v1/attention/backends/mla/rocm_aiter_mla.py
L3,vllm,M-L3-cudagraph-static-metadata,v0.10.1.1,2025-08-20,1,6,vllm/v1/attention/backends/flash_attn.py;vllm/v1/attention/backends/flashinfer.py;vllm/v1/attention/backends/mla/common.py;vllm/v1/attention/backends/mla/cutlass_mla.py;vllm/v1/attention/backends/mla/flashmla.py;vllm/v1/attention/backends/mla/rocm_aiter_mla.py
L3,vllm,M-L3-cudagraph-static-metadata,v0.10.2,2025-09-13,1,7,vllm/v1/attention/backends/flash_attn.py;vllm/v1/attention/backends/flashinfer.py;vllm/v1/attention/backends/mla/common.py;vllm/v1/attention/backends/mla/cutlass_mla.py;vllm/v1/attention/backends/mla/flashattn_mla.py;vllm/v1/attention/backends/mla/flashmla.py
L3,vllm,M-L3-cudagraph-static-metadata,v0.11.0,2025-10-02,1,9,vllm/v1/attention/backends/flash_attn.py;vllm/v1/attention/backends/flashinfer.py;vllm/v1/attention/backends/mla/common.py;vllm/v1/attention/backends/mla/cutlass_mla.py;vllm/v1/attention/backends/mla/flashattn_mla.py;vllm/v1/attention/backends/mla/flashmla.py
L3,vllm,M-L3-cudagraph-static-metadata,v0.11.1,2025-11-18,1,10,vllm/v1/attention/backends/flash_attn.py;vllm/v1/attention/backends/flashinfer.py;vllm/v1/attention/backends/mla/common.py;vllm/v1/attention/backends/mla/cutlass_mla.py;vllm/v1/attention/backends/mla/flashattn_mla.py;vllm/v1/attention/backends/mla/flashinfer_mla.py
L3,vllm,M-L3-cudagraph-static-metadata,v0.11.2,2025-11-20,1,10,vllm/v1/attention/backends/flash_attn.py;vllm/v1/attention/backends/flashinfer.py;vllm/v1/attention/backends/mla/common.py;vllm/v1/attention/backends/mla/cutlass_mla.py;vllm/v1/attention/backends/mla/flashattn_mla.py;vllm/v1/attention/backends/mla/flashinfer_mla.py
L3,vllm,M-L3-cudagraph-static-metadata,v0.12.0,2025-12-03,1,11,vllm/v1/attention/backends/flash_attn.py;vllm/v1/attention/backends/flashinfer.py;vllm/v1/attention/backends/mla/common.py;vllm/v1/attention/backends/mla/cutlass_mla.py;vllm/v1/attention/backends/mla/flashattn_mla.py;vllm/v1/attention/backends/mla/flashinfer_mla.py
L3,vllm,M-L3-cudagraph-static-metadata,v0.13.0,2025-12-19,1,11,vllm/v1/attention/backends/flash_attn.py;vllm/v1/attention/backends/flashinfer.py;vllm/v1/attention/backends/mla/common.py;vllm/v1/attention/backends/mla/cutlass_mla.py;vllm/v1/attention/backends/mla/flashattn_mla.py;vllm/v1/attention/backends/mla/flashinfer_mla.py
L3,vllm,M-L3-cudagraph-static-metadata,v0.14.0,2026-01-20,1,12,vllm/v1/attention/backend.py;vllm/v1/attention/backends/flash_attn.py;vllm/v1/attention/backends/flashinfer.py;vllm/v1/attention/backends/mla/common.py;vllm/v1/attention/backends/mla/cutlass_mla.py;vllm/v1/attention/backends/mla/flashattn_mla.py
L3,vllm,M-L3-cudagraph-static-metadata,v0.14.1,2026-01-24,1,12,vllm/v1/attention/backend.py;vllm/v1/attention/backends/flash_attn.py;vllm/v1/attention/backends/flashinfer.py;vllm/v1/attention/backends/mla/common.py;vllm/v1/attention/backends/mla/cutlass_mla.py;vllm/v1/attention/backends/mla/flashattn_mla.py
L3,vllm,M-L3-cudagraph-static-metadata,v0.15.0,2026-01-29,1,11,vllm/v1/attention/backend.py;vllm/v1/attention/backends/flash_attn.py;vllm/v1/attention/backends/flashinfer.py;vllm/v1/attention/backends/mla/cutlass_mla.py;vllm/v1/attention/backends/mla/flashattn_mla.py;vllm/v1/attention/backends/mla/flashinfer_mla.py
L3,vllm,M-L3-cudagraph-static-metadata,v0.15.1,2026-02-04,1,11,vllm/v1/attention/backend.py;vllm/v1/attention/backends/flash_attn.py;vllm/v1/attention/backends/flashinfer.py;vllm/v1/attention/backends/mla/cutlass_mla.py;vllm/v1/attention/backends/mla/flashattn_mla.py;vllm/v1/attention/backends/mla/flashinfer_mla.py
L3,vllm,M-L3-cudagraph-static-metadata,v0.16.0,2026-02-25,1,11,vllm/v1/attention/backend.py;vllm/v1/attention/backends/flash_attn.py;vllm/v1/attention/backends/flashinfer.py;vllm/v1/attention/backends/mla/cutlass_mla.py;vllm/v1/attention/backends/mla/flashattn_mla.py;vllm/v1/attention/backends/mla/flashinfer_mla.py
L3,vllm,M-L3-cudagraph-static-metadata,v0.17.0,2026-03-07,1,12,vllm/v1/attention/backend.py;vllm/v1/attention/backends/flash_attn.py;vllm/v1/attention/backends/flashinfer.py;vllm/v1/attention/backends/mla/cutlass_mla.py;vllm/v1/attention/backends/mla/flashattn_mla.py;vllm/v1/attention/backends/mla/flashinfer_mla.py
L3,vllm,M-L3-cudagraph-static-metadata,v0.17.1,2026-03-11,1,12,vllm/v1/attention/backend.py;vllm/v1/attention/backends/flash_attn.py;vllm/v1/attention/backends/flashinfer.py;vllm/v1/attention/backends/mla/cutlass_mla.py;vllm/v1/attention/backends/mla/flashattn_mla.py;vllm/v1/attention/backends/mla/flashinfer_mla.py
L3,vllm,M-L3-cudagraph-static-metadata,v0.18.0,2026-03-20,1,13,vllm/v1/attention/backend.py;vllm/v1/attention/backends/flash_attn.py;vllm/v1/attention/backends/flashinfer.py;vllm/v1/attention/backends/mla/cutlass_mla.py;vllm/v1/attention/backends/mla/flashattn_mla.py;vllm/v1/attention/backends/mla/flashinfer_mla.py
L3,vllm,M-L3-cudagraph-static-metadata,v0.18.1,2026-03-31,1,13,vllm/v1/attention/backend.py;vllm/v1/attention/backends/flash_attn.py;vllm/v1/attention/backends/flashinfer.py;vllm/v1/attention/backends/mla/cutlass_mla.py;vllm/v1/attention/backends/mla/flashattn_mla.py;vllm/v1/attention/backends/mla/flashinfer_mla.py
L3,vllm,M-L3-cudagraph-static-metadata,v0.19.0,2026-04-03,1,13,vllm/v1/attention/backend.py;vllm/v1/attention/backends/flash_attn.py;vllm/v1/attention/backends/flashinfer.py;vllm/v1/attention/backends/mla/cutlass_mla.py;vllm/v1/attention/backends/mla/flashattn_mla.py;vllm/v1/attention/backends/mla/flashinfer_mla.py
L3,vllm,M-L3-cudagraph-static-metadata,v0.19.1,2026-04-18,1,13,vllm/v1/attention/backend.py;vllm/v1/attention/backends/flash_attn.py;vllm/v1/attention/backends/flashinfer.py;vllm/v1/attention/backends/mla/cutlass_mla.py;vllm/v1/attention/backends/mla/flashattn_mla.py;vllm/v1/attention/backends/mla/flashinfer_mla.py
L3,vllm,M-L3-cudagraph-static-metadata,v0.20.0,2026-04-27,1,14,vllm/v1/attention/backend.py;vllm/v1/attention/backends/flash_attn.py;vllm/v1/attention/backends/flashinfer.py;vllm/v1/attention/backends/mla/cutlass_mla.py;vllm/v1/attention/backends/mla/flashattn_mla.py;vllm/v1/attention/backends/mla/flashinfer_mla.py
L3,vllm,M-L3-cudagraph-static-metadata,v0.20.1,2026-05-04,1,14,vllm/v1/attention/backend.py;vllm/v1/attention/backends/flash_attn.py;vllm/v1/attention/backends/flashinfer.py;vllm/v1/attention/backends/mla/cutlass_mla.py;vllm/v1/attention/backends/mla/flashattn_mla.py;vllm/v1/attention/backends/mla/flashinfer_mla.py
L3,vllm,M-L3-cudagraph-static-metadata,v0.20.2,2026-05-10,1,14,vllm/v1/attention/backend.py;vllm/v1/attention/backends/flash_attn.py;vllm/v1/attention/backends/flashinfer.py;vllm/v1/attention/backends/mla/cutlass_mla.py;vllm/v1/attention/backends/mla/flashattn_mla.py;vllm/v1/attention/backends/mla/flashinfer_mla.py
L3,vllm,M-L3-cudagraph-static-metadata,v0.21.0,2026-05-15,1,15,vllm/v1/attention/backend.py;vllm/v1/attention/backends/flash_attn.py;vllm/v1/attention/backends/flashinfer.py;vllm/v1/attention/backends/mla/cutlass_mla.py;vllm/v1/attention/backends/mla/flashattn_mla.py;vllm/v1/attention/backends/mla/flashinfer_mla.py
L3,vllm,M-L3-cudagraph-static-metadata,v0.22.0,2026-05-29,1,16,vllm/v1/attention/backend.py;vllm/v1/attention/backends/flash_attn.py;vllm/v1/attention/backends/flashinfer.py;vllm/v1/attention/backends/mla/cutlass_mla.py;vllm/v1/attention/backends/mla/flashattn_mla.py;vllm/v1/attention/backends/mla/flashinfer_mla.py
L3,vllm,M-L3-cudagraph-static-metadata,v0.22.1,2026-06-05,1,16,vllm/v1/attention/backend.py;vllm/v1/attention/backends/flash_attn.py;vllm/v1/attention/backends/flashinfer.py;vllm/v1/attention/backends/mla/cutlass_mla.py;vllm/v1/attention/backends/mla/flashattn_mla.py;vllm/v1/attention/backends/mla/flashinfer_mla.py
L3,vllm,M-L3-cudagraph-static-metadata,v0.23.0,2026-06-15,1,16,vllm/v1/attention/backend.py;vllm/v1/attention/backends/flash_attn.py;vllm/v1/attention/backends/flashinfer.py;vllm/v1/attention/backends/mla/cutlass_mla.py;vllm/v1/attention/backends/mla/flashattn_mla.py;vllm/v1/attention/backends/mla/flashinfer_mla.py
L3,vllm,M-L3-cudagraph-static-metadata,v0.24.0,2026-06-29,1,16,vllm/v1/attention/backend.py;vllm/v1/attention/backends/flash_attn.py;vllm/v1/attention/backends/flashinfer.py;vllm/v1/attention/backends/mla/cutlass_mla.py;vllm/v1/attention/backends/mla/flashattn_mla.py;vllm/v1/attention/backends/mla/flashinfer_mla.py
L3,vllm,M-L3-cudagraph-static-metadata,v0.25.0,2026-07-11,1,17,vllm/v1/attention/backend.py;vllm/v1/attention/backends/flash_attn.py;vllm/v1/attention/backends/flashinfer.py;vllm/v1/attention/backends/mla/cutlass_mla.py;vllm/v1/attention/backends/mla/flashattn_mla.py;vllm/v1/attention/backends/mla/flashattn_mla_sparse.py
L3,vllm,M-L3-cudagraph-static-metadata,v0.25.1,2026-07-14,1,17,vllm/v1/attention/backend.py;vllm/v1/attention/backends/flash_attn.py;vllm/v1/attention/backends/flashinfer.py;vllm/v1/attention/backends/mla/cutlass_mla.py;vllm/v1/attention/backends/mla/flashattn_mla.py;vllm/v1/attention/backends/mla/flashattn_mla_sparse.py
L3,vllm,M-L3-cudagraph-static-metadata,v0.26.0,2026-07-27,1,17,vllm/v1/attention/backend.py;vllm/v1/attention/backends/flash_attn.py;vllm/v1/attention/backends/flashinfer.py;vllm/v1/attention/backends/mla/cutlass_mla.py;vllm/v1/attention/backends/mla/flashattn_mla.py;vllm/v1/attention/backends/mla/flashattn_mla_sparse.py
L3,vllm,M-L3-cudagraph-static-metadata,v0.27.0,2026-08-10,1,17,vllm/v1/attention/backend.py;vllm/v1/attention/backends/flash_attn.py;vllm/v1/attention/backends/flashinfer.py;vllm/v1/attention/backends/mla/cutlass_mla.py;vllm/v1/attention/backends/mla/flashattn_mla.py;vllm/v1/attention/backends/mla/flashattn_mla_sparse.py
L3,vllm,M-L3-cudagraph-static-metadata,v0.27.1,2026-08-11,1,17,vllm/v1/attention/backend.py;vllm/v1/attention/backends/flash_attn.py;vllm/v1/attention/backends/flashinfer.py;vllm/v1/attention/backends/mla/cutlass_mla.py;vllm/v1/attention/backends/mla/flashattn_mla.py;vllm/v1/attention/backends/mla/flashattn_mla_sparse.py
L3,vllm,M-L3-cudagraph-static-metadata,v0.28.0,2026-08-26,1,17,vllm/v1/attention/backend.py;vllm/v1/attention/backends/flash_attn.py;vllm/v1/attention/backends/flashinfer.py;vllm/v1/attention/backends/mla/cutlass_mla.py;vllm/v1/attention/backends/mla/flashattn_mla.py;vllm/v1/attention/backends/mla/flashattn_mla_sparse.py
L3,vllm,M-L3-cudagraph-static-metadata,v0.29.0,2026-09-09,1,17,vllm/v1/attention/backend.py;vllm/v1/attention/backends/flash_attn.py;vllm/v1/attention/backends/flashinfer.py;vllm/v1/attention/backends/mla/cutlass_mla.py;vllm/v1/attention/backends/mla/flashattn_mla.py;vllm/v1/attention/backends/mla/flashattn_mla_sparse.py
L3,vllm,M-L3-cudagraph-static-metadata,v0.30.0,2026-09-22,1,18,vllm/v1/attention/backend.py;vllm/v1/attention/backends/flash_attn.py;vllm/v1/attention/backends/flashinfer.py;vllm/v1/attention/backends/mla/cutlass_mla.py;vllm/v1/attention/backends/mla/flashattn_mla.py;vllm/v1/attention/backends/mla/flashattn_mla_sparse.py
L3,vllm,M-L3-cudagraph-static-metadata,CUTOFF,2026-09-28,1,18,vllm/v1/attention/backend.py;vllm/v1/attention/backends/flash_attn.py;vllm/v1/attention/backends/flashinfer.py;vllm/v1/attention/backends/mla/cutlass_mla.py;vllm/v1/attention/backends/mla/flashattn_mla.py;vllm/v1/attention/backends/mla/flashattn_mla_sparse.py
