repo,number,group,design,state,month,size_bin,lines_changed
vllm,25972,performance,stratified_sample_1000_state_x_month,closed,2025-09,2,1049.0
vllm,25860,performance,stratified_sample_1000_state_x_month,closed,2025-09,1,355.0
vllm,27376,performance,stratified_sample_1000_state_x_month,closed,2025-10,1,196.0
vllm,26504,performance,stratified_sample_1000_state_x_month,closed,2025-10,1,379.0
vllm,27407,performance,stratified_sample_1000_state_x_month,closed,2025-10,0,29.0
vllm,26391,performance,stratified_sample_1000_state_x_month,closed,2025-10,2,1409.0
vllm,27192,performance,stratified_sample_1000_state_x_month,closed,2025-10,2,496.0
vllm,27900,performance,stratified_sample_1000_state_x_month,closed,2025-10,2,14724.0
vllm,26056,performance,stratified_sample_1000_state_x_month,closed,2025-10,1,155.0
vllm,26021,performance,stratified_sample_1000_state_x_month,closed,2025-10,1,276.0
vllm,27216,performance,stratified_sample_1000_state_x_month,closed,2025-10,0,9.0
vllm,27299,performance,stratified_sample_1000_state_x_month,closed,2025-10,2,1346.0
vllm,27097,performance,stratified_sample_1000_state_x_month,closed,2025-10,2,994.0
vllm,26495,performance,stratified_sample_1000_state_x_month,closed,2025-10,2,841.0
vllm,27037,performance,stratified_sample_1000_state_x_month,closed,2025-10,2,8880.0
vllm,27736,performance,stratified_sample_1000_state_x_month,closed,2025-10,0,67.0
vllm,26337,performance,stratified_sample_1000_state_x_month,closed,2025-10,2,832.0
vllm,27813,performance,stratified_sample_1000_state_x_month,closed,2025-10,1,258.0
vllm,28106,performance,stratified_sample_1000_state_x_month,closed,2025-11,0,18.0
vllm,28922,performance,stratified_sample_1000_state_x_month,closed,2025-11,1,174.0
vllm,29051,performance,stratified_sample_1000_state_x_month,closed,2025-11,2,8875.0
vllm,29438,performance,stratified_sample_1000_state_x_month,closed,2025-11,1,263.0
vllm,28497,performance,stratified_sample_1000_state_x_month,closed,2025-11,1,323.0
vllm,29502,performance,stratified_sample_1000_state_x_month,closed,2025-11,1,331.0
vllm,27943,performance,stratified_sample_1000_state_x_month,closed,2025-11,0,17.0
vllm,29237,performance,stratified_sample_1000_state_x_month,closed,2025-11,2,890.0
vllm,28571,performance,stratified_sample_1000_state_x_month,closed,2025-11,0,11.0
vllm,28850,performance,stratified_sample_1000_state_x_month,closed,2025-11,1,204.0
vllm,28790,performance,stratified_sample_1000_state_x_month,closed,2025-11,0,94.0
vllm,29211,performance,stratified_sample_1000_state_x_month,closed,2025-11,1,193.0
vllm,31487,performance,stratified_sample_1000_state_x_month,closed,2025-12,0,15.0
vllm,31442,performance,stratified_sample_1000_state_x_month,closed,2025-12,1,147.0
vllm,30984,performance,stratified_sample_1000_state_x_month,closed,2025-12,2,16062.0
vllm,29957,performance,stratified_sample_1000_state_x_month,closed,2025-12,1,289.0
vllm,29886,performance,stratified_sample_1000_state_x_month,closed,2025-12,0,53.0
vllm,31548,performance,stratified_sample_1000_state_x_month,closed,2025-12,2,1186.0
vllm,30274,performance,stratified_sample_1000_state_x_month,closed,2025-12,2,2624.0
vllm,30471,performance,stratified_sample_1000_state_x_month,closed,2025-12,2,448.0
vllm,29807,performance,stratified_sample_1000_state_x_month,closed,2025-12,2,26682.0
vllm,30377,performance,stratified_sample_1000_state_x_month,closed,2025-12,0,0.0
vllm,31354,performance,stratified_sample_1000_state_x_month,closed,2025-12,2,588.0
vllm,30891,performance,stratified_sample_1000_state_x_month,closed,2025-12,1,128.0
vllm,31512,performance,stratified_sample_1000_state_x_month,closed,2025-12,2,1300.0
vllm,30045,performance,stratified_sample_1000_state_x_month,closed,2025-12,0,28.0
vllm,30718,performance,stratified_sample_1000_state_x_month,closed,2025-12,0,78.0
vllm,30783,performance,stratified_sample_1000_state_x_month,closed,2025-12,0,38.0
vllm,30022,performance,stratified_sample_1000_state_x_month,closed,2025-12,1,353.0
vllm,30030,performance,stratified_sample_1000_state_x_month,closed,2025-12,2,3332.0
vllm,31875,performance,stratified_sample_1000_state_x_month,closed,2026-01,0,15.0
vllm,33216,performance,stratified_sample_1000_state_x_month,closed,2026-01,2,1197.0
vllm,32906,performance,stratified_sample_1000_state_x_month,closed,2026-01,2,26647.0
vllm,33354,performance,stratified_sample_1000_state_x_month,closed,2026-01,0,6.0
vllm,32450,performance,stratified_sample_1000_state_x_month,closed,2026-01,2,6604.0
vllm,33232,performance,stratified_sample_1000_state_x_month,closed,2026-01,2,1434.0
vllm,31598,performance,stratified_sample_1000_state_x_month,closed,2026-01,0,17.0
vllm,33228,performance,stratified_sample_1000_state_x_month,closed,2026-01,2,1372.0
vllm,31743,performance,stratified_sample_1000_state_x_month,closed,2026-01,1,356.0
vllm,31723,performance,stratified_sample_1000_state_x_month,closed,2026-01,0,19.0
vllm,31851,performance,stratified_sample_1000_state_x_month,closed,2026-01,2,12838.0
vllm,31690,performance,stratified_sample_1000_state_x_month,closed,2026-01,2,453.0
vllm,31938,performance,stratified_sample_1000_state_x_month,closed,2026-01,2,3372.0
vllm,31846,performance,stratified_sample_1000_state_x_month,closed,2026-01,0,9.0
vllm,31653,performance,stratified_sample_1000_state_x_month,closed,2026-01,0,7.0
vllm,32217,performance,stratified_sample_1000_state_x_month,closed,2026-01,2,774.0
vllm,32526,performance,stratified_sample_1000_state_x_month,closed,2026-01,1,218.0
vllm,32941,performance,stratified_sample_1000_state_x_month,closed,2026-01,0,23.0
vllm,32174,performance,stratified_sample_1000_state_x_month,closed,2026-01,1,176.0
vllm,34632,performance,stratified_sample_1000_state_x_month,closed,2026-02,2,806.0
vllm,35301,performance,stratified_sample_1000_state_x_month,closed,2026-02,0,101.0
vllm,35363,performance,stratified_sample_1000_state_x_month,closed,2026-02,0,25.0
vllm,33740,performance,stratified_sample_1000_state_x_month,closed,2026-02,1,306.0
vllm,35279,performance,stratified_sample_1000_state_x_month,closed,2026-02,1,181.0
vllm,34920,performance,stratified_sample_1000_state_x_month,closed,2026-02,0,52.0
vllm,34346,performance,stratified_sample_1000_state_x_month,closed,2026-02,1,301.0
vllm,34462,performance,stratified_sample_1000_state_x_month,closed,2026-02,1,247.0
vllm,33691,performance,stratified_sample_1000_state_x_month,closed,2026-02,2,9610.0
vllm,33815,performance,stratified_sample_1000_state_x_month,closed,2026-02,1,272.0
vllm,35245,performance,stratified_sample_1000_state_x_month,closed,2026-02,0,0.0
vllm,35166,performance,stratified_sample_1000_state_x_month,closed,2026-02,1,125.0
vllm,34838,performance,stratified_sample_1000_state_x_month,closed,2026-02,1,280.0
vllm,34037,performance,stratified_sample_1000_state_x_month,closed,2026-02,2,887.0
vllm,35370,performance,stratified_sample_1000_state_x_month,closed,2026-02,0,21.0
vllm,35435,performance,stratified_sample_1000_state_x_month,closed,2026-02,0,61.0
vllm,33862,performance,stratified_sample_1000_state_x_month,closed,2026-02,0,55.0
vllm,34801,performance,stratified_sample_1000_state_x_month,closed,2026-02,2,859.0
vllm,33890,performance,stratified_sample_1000_state_x_month,closed,2026-02,0,65.0
vllm,37239,performance,stratified_sample_1000_state_x_month,closed,2026-03,0,93.0
vllm,37496,performance,stratified_sample_1000_state_x_month,closed,2026-03,1,300.0
vllm,37936,performance,stratified_sample_1000_state_x_month,closed,2026-03,0,1.0
vllm,36447,performance,stratified_sample_1000_state_x_month,closed,2026-03,0,97.0
vllm,35879,performance,stratified_sample_1000_state_x_month,closed,2026-03,2,1208.0
vllm,36893,performance,stratified_sample_1000_state_x_month,closed,2026-03,2,1564.0
vllm,35739,performance,stratified_sample_1000_state_x_month,closed,2026-03,2,526.0
vllm,37450,performance,stratified_sample_1000_state_x_month,closed,2026-03,1,249.0
vllm,35677,performance,stratified_sample_1000_state_x_month,closed,2026-03,2,1064067.0
vllm,36689,performance,stratified_sample_1000_state_x_month,closed,2026-03,2,612.0
vllm,37316,performance,stratified_sample_1000_state_x_month,closed,2026-03,0,6.0
vllm,36277,performance,stratified_sample_1000_state_x_month,closed,2026-03,2,537.0
vllm,36083,performance,stratified_sample_1000_state_x_month,closed,2026-03,1,118.0
vllm,37789,performance,stratified_sample_1000_state_x_month,closed,2026-03,0,116.0
vllm,38216,performance,stratified_sample_1000_state_x_month,closed,2026-03,1,133.0
vllm,37192,performance,stratified_sample_1000_state_x_month,closed,2026-03,2,1724.0
vllm,37281,performance,stratified_sample_1000_state_x_month,closed,2026-03,1,253.0
vllm,35958,performance,stratified_sample_1000_state_x_month,closed,2026-03,1,177.0
vllm,36007,performance,stratified_sample_1000_state_x_month,closed,2026-03,1,124.0
vllm,38028,performance,stratified_sample_1000_state_x_month,closed,2026-03,2,451.0
vllm,38595,performance,stratified_sample_1000_state_x_month,closed,2026-03,2,1902.0
vllm,37800,performance,stratified_sample_1000_state_x_month,closed,2026-03,1,128.0
vllm,37227,performance,stratified_sample_1000_state_x_month,closed,2026-03,0,24.0
vllm,36899,performance,stratified_sample_1000_state_x_month,closed,2026-03,1,291.0
vllm,38211,performance,stratified_sample_1000_state_x_month,closed,2026-03,1,421.0
vllm,37078,performance,stratified_sample_1000_state_x_month,closed,2026-03,1,350.0
vllm,37825,performance,stratified_sample_1000_state_x_month,closed,2026-03,2,731.0
vllm,38020,performance,stratified_sample_1000_state_x_month,closed,2026-03,0,57.0
vllm,38026,performance,stratified_sample_1000_state_x_month,closed,2026-03,2,737.0
vllm,38368,performance,stratified_sample_1000_state_x_month,closed,2026-03,0,50.0
vllm,39995,performance,stratified_sample_1000_state_x_month,closed,2026-04,2,1365.0
vllm,39633,performance,stratified_sample_1000_state_x_month,closed,2026-04,0,26.0
vllm,38787,performance,stratified_sample_1000_state_x_month,closed,2026-04,2,891.0
vllm,39095,performance,stratified_sample_1000_state_x_month,closed,2026-04,1,401.0
vllm,40098,performance,stratified_sample_1000_state_x_month,closed,2026-04,0,3.0
vllm,41020,performance,stratified_sample_1000_state_x_month,closed,2026-04,0,98.0
vllm,40614,performance,stratified_sample_1000_state_x_month,closed,2026-04,0,22.0
vllm,39533,performance,stratified_sample_1000_state_x_month,closed,2026-04,2,461.0
vllm,41138,performance,stratified_sample_1000_state_x_month,closed,2026-04,2,5792.0
vllm,40021,performance,stratified_sample_1000_state_x_month,closed,2026-04,0,11.0
vllm,40557,performance,stratified_sample_1000_state_x_month,closed,2026-04,0,1.0
vllm,41304,performance,stratified_sample_1000_state_x_month,closed,2026-04,0,55.0
vllm,41222,performance,stratified_sample_1000_state_x_month,closed,2026-04,0,42.0
vllm,41305,performance,stratified_sample_1000_state_x_month,closed,2026-04,1,270.0
vllm,40670,performance,stratified_sample_1000_state_x_month,closed,2026-04,0,0.0
vllm,39331,performance,stratified_sample_1000_state_x_month,closed,2026-04,0,13.0
vllm,40174,performance,stratified_sample_1000_state_x_month,closed,2026-04,0,115.0
vllm,40031,performance,stratified_sample_1000_state_x_month,closed,2026-04,2,1769.0
vllm,41150,performance,stratified_sample_1000_state_x_month,closed,2026-04,2,496.0
vllm,40370,performance,stratified_sample_1000_state_x_month,closed,2026-04,0,67.0
vllm,40170,performance,stratified_sample_1000_state_x_month,closed,2026-04,1,161.0
vllm,40009,performance,stratified_sample_1000_state_x_month,closed,2026-04,0,71.0
vllm,40655,performance,stratified_sample_1000_state_x_month,closed,2026-04,0,83.0
vllm,40798,performance,stratified_sample_1000_state_x_month,closed,2026-04,2,1441145.0
vllm,40188,performance,stratified_sample_1000_state_x_month,closed,2026-04,1,266.0
vllm,41260,performance,stratified_sample_1000_state_x_month,closed,2026-04,2,741.0
vllm,40773,performance,stratified_sample_1000_state_x_month,closed,2026-04,2,574.0
vllm,40843,performance,stratified_sample_1000_state_x_month,closed,2026-04,2,17640.0
vllm,41195,performance,stratified_sample_1000_state_x_month,closed,2026-04,1,270.0
vllm,38983,performance,stratified_sample_1000_state_x_month,closed,2026-04,1,206.0
vllm,41118,performance,stratified_sample_1000_state_x_month,closed,2026-04,2,753.0
vllm,41194,performance,stratified_sample_1000_state_x_month,closed,2026-04,0,55.0
vllm,38888,performance,stratified_sample_1000_state_x_month,closed,2026-04,2,1926.0
vllm,41679,performance,stratified_sample_1000_state_x_month,closed,2026-05,1,148.0
vllm,43250,performance,stratified_sample_1000_state_x_month,closed,2026-05,0,110.0
vllm,41500,performance,stratified_sample_1000_state_x_month,closed,2026-05,0,14.0
vllm,42733,performance,stratified_sample_1000_state_x_month,closed,2026-05,2,901.0
vllm,42408,performance,stratified_sample_1000_state_x_month,closed,2026-05,1,260.0
vllm,43788,performance,stratified_sample_1000_state_x_month,closed,2026-05,2,2174.0
vllm,43036,performance,stratified_sample_1000_state_x_month,closed,2026-05,2,846.0
vllm,41539,performance,stratified_sample_1000_state_x_month,closed,2026-05,2,596.0
vllm,43101,performance,stratified_sample_1000_state_x_month,closed,2026-05,2,655.0
vllm,42732,performance,stratified_sample_1000_state_x_month,closed,2026-05,1,142.0
vllm,42294,performance,stratified_sample_1000_state_x_month,closed,2026-05,1,394.0
vllm,43306,performance,stratified_sample_1000_state_x_month,closed,2026-05,2,1525.0
vllm,42230,performance,stratified_sample_1000_state_x_month,closed,2026-05,2,724.0
vllm,42086,performance,stratified_sample_1000_state_x_month,closed,2026-05,2,907.0
vllm,42818,performance,stratified_sample_1000_state_x_month,closed,2026-05,2,268807.0
vllm,42815,performance,stratified_sample_1000_state_x_month,closed,2026-05,2,268733.0
vllm,42352,performance,stratified_sample_1000_state_x_month,closed,2026-05,0,24.0
vllm,43642,performance,stratified_sample_1000_state_x_month,closed,2026-05,2,925.0
vllm,42500,performance,stratified_sample_1000_state_x_month,closed,2026-05,0,114.0
vllm,42218,performance,stratified_sample_1000_state_x_month,closed,2026-05,2,61271.0
vllm,42241,performance,stratified_sample_1000_state_x_month,closed,2026-05,1,142.0
vllm,42957,performance,stratified_sample_1000_state_x_month,closed,2026-05,0,0.0
vllm,43278,performance,stratified_sample_1000_state_x_month,closed,2026-05,1,190.0
vllm,42556,performance,stratified_sample_1000_state_x_month,closed,2026-05,0,2.0
vllm,44071,performance,stratified_sample_1000_state_x_month,closed,2026-05,0,17.0
vllm,42251,performance,stratified_sample_1000_state_x_month,closed,2026-05,0,73.0
vllm,43675,performance,stratified_sample_1000_state_x_month,closed,2026-05,0,2.0
vllm,41737,performance,stratified_sample_1000_state_x_month,closed,2026-05,0,36.0
vllm,43137,performance,stratified_sample_1000_state_x_month,closed,2026-05,1,325.0
vllm,46597,performance,stratified_sample_1000_state_x_month,closed,2026-06,0,74.0
vllm,45788,performance,stratified_sample_1000_state_x_month,closed,2026-06,2,20001.0
vllm,46234,performance,stratified_sample_1000_state_x_month,closed,2026-06,0,116.0
vllm,46848,performance,stratified_sample_1000_state_x_month,closed,2026-06,0,114.0
vllm,47084,performance,stratified_sample_1000_state_x_month,closed,2026-06,0,112.0
vllm,46911,performance,stratified_sample_1000_state_x_month,closed,2026-06,1,148.0
vllm,45284,performance,stratified_sample_1000_state_x_month,closed,2026-06,2,448.0
vllm,46391,performance,stratified_sample_1000_state_x_month,closed,2026-06,2,1236.0
vllm,44389,performance,stratified_sample_1000_state_x_month,closed,2026-06,2,5712.0
vllm,46035,performance,stratified_sample_1000_state_x_month,closed,2026-06,2,1665.0
vllm,45226,performance,stratified_sample_1000_state_x_month,closed,2026-06,2,498.0
vllm,45426,performance,stratified_sample_1000_state_x_month,closed,2026-06,2,958.0
vllm,45639,performance,stratified_sample_1000_state_x_month,closed,2026-06,1,145.0
vllm,46864,performance,stratified_sample_1000_state_x_month,closed,2026-06,0,77.0
vllm,46191,performance,stratified_sample_1000_state_x_month,closed,2026-06,0,12.0
vllm,44738,performance,stratified_sample_1000_state_x_month,closed,2026-06,0,55.0
vllm,45726,performance,stratified_sample_1000_state_x_month,closed,2026-06,2,453.0
vllm,46094,performance,stratified_sample_1000_state_x_month,closed,2026-06,1,300.0
vllm,44452,performance,stratified_sample_1000_state_x_month,closed,2026-06,1,260.0
vllm,46903,performance,stratified_sample_1000_state_x_month,closed,2026-06,2,4352.0
vllm,49978,performance,stratified_sample_1000_state_x_month,closed,2026-07,0,51.0
vllm,47622,performance,stratified_sample_1000_state_x_month,closed,2026-07,0,84.0
vllm,47774,performance,stratified_sample_1000_state_x_month,closed,2026-07,0,26.0
vllm,50395,performance,stratified_sample_1000_state_x_month,closed,2026-07,1,178.0
vllm,47807,performance,stratified_sample_1000_state_x_month,closed,2026-07,2,1523.0
vllm,50315,performance,stratified_sample_1000_state_x_month,closed,2026-07,0,0.0
vllm,50554,performance,stratified_sample_1000_state_x_month,closed,2026-07,1,225.0
vllm,49099,performance,stratified_sample_1000_state_x_month,closed,2026-07,1,384.0
vllm,47712,performance,stratified_sample_1000_state_x_month,closed,2026-07,2,675.0
vllm,47441,performance,stratified_sample_1000_state_x_month,closed,2026-07,2,712.0
vllm,50379,performance,stratified_sample_1000_state_x_month,closed,2026-07,2,2998.0
vllm,48737,performance,stratified_sample_1000_state_x_month,closed,2026-07,0,51.0
vllm,49168,performance,stratified_sample_1000_state_x_month,closed,2026-07,1,177.0
vllm,47599,performance,stratified_sample_1000_state_x_month,closed,2026-07,2,1637924.0
vllm,48893,performance,stratified_sample_1000_state_x_month,closed,2026-07,2,1112.0
vllm,48813,performance,stratified_sample_1000_state_x_month,closed,2026-07,0,4.0
vllm,49503,performance,stratified_sample_1000_state_x_month,closed,2026-07,1,218.0
vllm,48537,performance,stratified_sample_1000_state_x_month,closed,2026-07,0,85.0
vllm,47556,performance,stratified_sample_1000_state_x_month,closed,2026-07,1,321.0
vllm,47565,performance,stratified_sample_1000_state_x_month,closed,2026-07,1,205.0
vllm,47882,performance,stratified_sample_1000_state_x_month,closed,2026-07,1,137.0
vllm,50469,performance,stratified_sample_1000_state_x_month,closed,2026-07,0,9.0
vllm,50061,performance,stratified_sample_1000_state_x_month,closed,2026-07,2,45969.0
vllm,48935,performance,stratified_sample_1000_state_x_month,closed,2026-07,1,207.0
vllm,48804,performance,stratified_sample_1000_state_x_month,closed,2026-07,2,1909.0
vllm,47686,performance,stratified_sample_1000_state_x_month,closed,2026-07,2,596.0
vllm,52683,performance,stratified_sample_1000_state_x_month,closed,2026-08,2,509.0
vllm,51991,performance,stratified_sample_1000_state_x_month,closed,2026-08,2,525.0
vllm,53599,performance,stratified_sample_1000_state_x_month,closed,2026-08,1,283.0
vllm,52740,performance,stratified_sample_1000_state_x_month,closed,2026-08,1,382.0
vllm,50771,performance,stratified_sample_1000_state_x_month,closed,2026-08,0,18.0
vllm,50664,performance,stratified_sample_1000_state_x_month,closed,2026-08,1,161.0
vllm,53126,performance,stratified_sample_1000_state_x_month,closed,2026-08,2,685.0
vllm,53185,performance,stratified_sample_1000_state_x_month,closed,2026-08,2,82387.0
vllm,51333,performance,stratified_sample_1000_state_x_month,closed,2026-08,0,86.0
vllm,51990,performance,stratified_sample_1000_state_x_month,closed,2026-08,2,512.0
vllm,52584,performance,stratified_sample_1000_state_x_month,closed,2026-08,2,941.0
vllm,54266,performance,stratified_sample_1000_state_x_month,closed,2026-08,0,5.0
vllm,53791,performance,stratified_sample_1000_state_x_month,closed,2026-08,0,116.0
vllm,51544,performance,stratified_sample_1000_state_x_month,closed,2026-08,2,1133.0
vllm,54410,performance,stratified_sample_1000_state_x_month,closed,2026-08,2,694.0
vllm,52856,performance,stratified_sample_1000_state_x_month,closed,2026-08,2,1114.0
vllm,53001,performance,stratified_sample_1000_state_x_month,closed,2026-08,1,239.0
vllm,54524,performance,stratified_sample_1000_state_x_month,closed,2026-08,2,2994.0
vllm,52971,performance,stratified_sample_1000_state_x_month,closed,2026-08,1,342.0
vllm,50724,performance,stratified_sample_1000_state_x_month,closed,2026-08,1,117.0
vllm,50663,performance,stratified_sample_1000_state_x_month,closed,2026-08,1,400.0
vllm,52964,performance,stratified_sample_1000_state_x_month,closed,2026-08,1,172.0
vllm,51088,performance,stratified_sample_1000_state_x_month,closed,2026-08,0,52.0
vllm,51238,performance,stratified_sample_1000_state_x_month,closed,2026-08,1,219.0
vllm,52218,performance,stratified_sample_1000_state_x_month,closed,2026-08,0,94.0
vllm,54121,performance,stratified_sample_1000_state_x_month,closed,2026-08,1,397.0
vllm,54594,performance,stratified_sample_1000_state_x_month,closed,2026-08,2,3284.0
vllm,53526,performance,stratified_sample_1000_state_x_month,closed,2026-08,1,260.0
vllm,51543,performance,stratified_sample_1000_state_x_month,closed,2026-08,2,1080.0
vllm,52878,performance,stratified_sample_1000_state_x_month,closed,2026-08,0,94.0
vllm,55194,performance,stratified_sample_1000_state_x_month,closed,2026-09,2,1096.0
vllm,56344,performance,stratified_sample_1000_state_x_month,closed,2026-09,2,2292.0
vllm,56435,performance,stratified_sample_1000_state_x_month,closed,2026-09,1,337.0
vllm,57711,performance,stratified_sample_1000_state_x_month,closed,2026-09,1,183.0
vllm,58661,performance,stratified_sample_1000_state_x_month,closed,2026-09,0,22.0
vllm,55582,performance,stratified_sample_1000_state_x_month,closed,2026-09,0,77.0
vllm,55149,performance,stratified_sample_1000_state_x_month,closed,2026-09,2,923.0
vllm,56827,performance,stratified_sample_1000_state_x_month,closed,2026-09,0,28.0
vllm,58827,performance,stratified_sample_1000_state_x_month,closed,2026-09,2,1221.0
vllm,57962,performance,stratified_sample_1000_state_x_month,closed,2026-09,1,423.0
vllm,56751,performance,stratified_sample_1000_state_x_month,closed,2026-09,2,1589.0
vllm,55024,performance,stratified_sample_1000_state_x_month,closed,2026-09,0,54.0
vllm,55652,performance,stratified_sample_1000_state_x_month,closed,2026-09,0,58.0
vllm,57344,performance,stratified_sample_1000_state_x_month,closed,2026-09,1,338.0
vllm,55892,performance,stratified_sample_1000_state_x_month,closed,2026-09,1,227.0
vllm,55289,performance,stratified_sample_1000_state_x_month,closed,2026-09,1,197.0
vllm,56544,performance,stratified_sample_1000_state_x_month,closed,2026-09,1,150.0
vllm,56220,performance,stratified_sample_1000_state_x_month,closed,2026-09,1,121.0
vllm,56572,performance,stratified_sample_1000_state_x_month,closed,2026-09,1,248.0
vllm,56436,performance,stratified_sample_1000_state_x_month,closed,2026-09,1,370.0
vllm,55045,performance,stratified_sample_1000_state_x_month,closed,2026-09,2,524.0
vllm,56320,performance,stratified_sample_1000_state_x_month,closed,2026-09,1,392.0
vllm,57886,performance,stratified_sample_1000_state_x_month,closed,2026-09,0,85.0
vllm,59091,performance,stratified_sample_1000_state_x_month,closed,2026-09,2,1938075.0
vllm,55978,performance,stratified_sample_1000_state_x_month,closed,2026-09,0,64.0
vllm,57097,performance,stratified_sample_1000_state_x_month,closed,2026-09,2,641.0
vllm,57437,performance,stratified_sample_1000_state_x_month,closed,2026-09,2,460.0
vllm,56163,performance,stratified_sample_1000_state_x_month,closed,2026-09,0,37.0
vllm,57704,performance,stratified_sample_1000_state_x_month,closed,2026-09,1,179.0
vllm,58230,performance,stratified_sample_1000_state_x_month,closed,2026-09,1,283.0
vllm,25945,performance,stratified_sample_1000_state_x_month,merged,2025-09,2,471.0
vllm,25858,performance,stratified_sample_1000_state_x_month,merged,2025-09,2,2082.0
vllm,25955,performance,stratified_sample_1000_state_x_month,merged,2025-09,1,270.0
vllm,27512,performance,stratified_sample_1000_state_x_month,merged,2025-10,1,257.0
vllm,27402,performance,stratified_sample_1000_state_x_month,merged,2025-10,0,85.0
vllm,26313,performance,stratified_sample_1000_state_x_month,merged,2025-10,0,13.0
vllm,26680,performance,stratified_sample_1000_state_x_month,merged,2025-10,0,24.0
vllm,27532,performance,stratified_sample_1000_state_x_month,merged,2025-10,2,1628.0
vllm,26145,performance,stratified_sample_1000_state_x_month,merged,2025-10,2,554.0
vllm,27897,performance,stratified_sample_1000_state_x_month,merged,2025-10,1,211.0
vllm,26714,performance,stratified_sample_1000_state_x_month,merged,2025-10,1,121.0
vllm,26647,performance,stratified_sample_1000_state_x_month,merged,2025-10,0,29.0
vllm,26763,performance,stratified_sample_1000_state_x_month,merged,2025-10,0,62.0
vllm,26051,performance,stratified_sample_1000_state_x_month,merged,2025-10,1,289.0
vllm,27694,performance,stratified_sample_1000_state_x_month,merged,2025-10,0,16.0
vllm,26084,performance,stratified_sample_1000_state_x_month,merged,2025-10,0,77.0
vllm,27284,performance,stratified_sample_1000_state_x_month,merged,2025-10,1,285.0
vllm,26961,performance,stratified_sample_1000_state_x_month,merged,2025-10,0,70.0
vllm,27131,performance,stratified_sample_1000_state_x_month,merged,2025-10,1,157.0
vllm,26682,performance,stratified_sample_1000_state_x_month,merged,2025-10,0,10.0
vllm,26426,performance,stratified_sample_1000_state_x_month,merged,2025-10,0,2.0
vllm,26146,performance,stratified_sample_1000_state_x_month,merged,2025-10,0,86.0
vllm,27323,performance,stratified_sample_1000_state_x_month,merged,2025-10,1,201.0
vllm,26132,performance,stratified_sample_1000_state_x_month,merged,2025-10,1,130.0
vllm,27435,performance,stratified_sample_1000_state_x_month,merged,2025-10,2,1034.0
vllm,26666,performance,stratified_sample_1000_state_x_month,merged,2025-10,0,6.0
vllm,29553,performance,stratified_sample_1000_state_x_month,merged,2025-11,2,882.0
vllm,28479,performance,stratified_sample_1000_state_x_month,merged,2025-11,0,112.0
vllm,28769,performance,stratified_sample_1000_state_x_month,merged,2025-11,0,52.0
vllm,28406,performance,stratified_sample_1000_state_x_month,merged,2025-11,1,117.0
vllm,29193,performance,stratified_sample_1000_state_x_month,merged,2025-11,1,421.0
vllm,28373,performance,stratified_sample_1000_state_x_month,merged,2025-11,1,220.0
vllm,28095,performance,stratified_sample_1000_state_x_month,merged,2025-11,0,39.0
vllm,29708,performance,stratified_sample_1000_state_x_month,merged,2025-11,2,450.0
vllm,28306,performance,stratified_sample_1000_state_x_month,merged,2025-11,1,180.0
vllm,28032,performance,stratified_sample_1000_state_x_month,merged,2025-11,0,22.0
vllm,29512,performance,stratified_sample_1000_state_x_month,merged,2025-11,1,214.0
vllm,28892,performance,stratified_sample_1000_state_x_month,merged,2025-11,2,568.0
vllm,29322,performance,stratified_sample_1000_state_x_month,merged,2025-11,1,401.0
vllm,28492,performance,stratified_sample_1000_state_x_month,merged,2025-11,0,35.0
vllm,29600,performance,stratified_sample_1000_state_x_month,merged,2025-11,0,12.0
vllm,29642,performance,stratified_sample_1000_state_x_month,merged,2025-11,1,258.0
vllm,29691,performance,stratified_sample_1000_state_x_month,merged,2025-11,2,2146.0
vllm,29222,performance,stratified_sample_1000_state_x_month,merged,2025-11,2,498.0
vllm,28672,performance,stratified_sample_1000_state_x_month,merged,2025-11,2,556.0
vllm,29627,performance,stratified_sample_1000_state_x_month,merged,2025-11,1,118.0
vllm,28171,performance,stratified_sample_1000_state_x_month,merged,2025-11,2,659.0
vllm,28164,performance,stratified_sample_1000_state_x_month,merged,2025-11,0,24.0
vllm,28597,performance,stratified_sample_1000_state_x_month,merged,2025-11,1,305.0
vllm,29354,performance,stratified_sample_1000_state_x_month,merged,2025-11,1,197.0
vllm,28687,performance,stratified_sample_1000_state_x_month,merged,2025-11,0,42.0
vllm,29240,performance,stratified_sample_1000_state_x_month,merged,2025-11,1,147.0
vllm,30351,performance,stratified_sample_1000_state_x_month,merged,2025-12,0,6.0
vllm,31246,performance,stratified_sample_1000_state_x_month,merged,2025-12,2,851.0
vllm,30531,performance,stratified_sample_1000_state_x_month,merged,2025-12,2,1600.0
vllm,30629,performance,stratified_sample_1000_state_x_month,merged,2025-12,1,441.0
vllm,31533,performance,stratified_sample_1000_state_x_month,merged,2025-12,1,246.0
vllm,30976,performance,stratified_sample_1000_state_x_month,merged,2025-12,1,338.0
vllm,29935,performance,stratified_sample_1000_state_x_month,merged,2025-12,0,4.0
vllm,31171,performance,stratified_sample_1000_state_x_month,merged,2025-12,0,67.0
vllm,29937,performance,stratified_sample_1000_state_x_month,merged,2025-12,0,97.0
vllm,29826,performance,stratified_sample_1000_state_x_month,merged,2025-12,0,8.0
vllm,31167,performance,stratified_sample_1000_state_x_month,merged,2025-12,0,2.0
vllm,29821,performance,stratified_sample_1000_state_x_month,merged,2025-12,1,238.0
vllm,30647,performance,stratified_sample_1000_state_x_month,merged,2025-12,0,43.0
vllm,30885,performance,stratified_sample_1000_state_x_month,merged,2025-12,1,209.0
vllm,31195,performance,stratified_sample_1000_state_x_month,merged,2025-12,1,168.0
vllm,30329,performance,stratified_sample_1000_state_x_month,merged,2025-12,2,1149.0
vllm,31448,performance,stratified_sample_1000_state_x_month,merged,2025-12,1,147.0
vllm,32618,performance,stratified_sample_1000_state_x_month,merged,2026-01,1,126.0
vllm,32792,performance,stratified_sample_1000_state_x_month,merged,2026-01,1,170.0
vllm,32996,performance,stratified_sample_1000_state_x_month,merged,2026-01,2,839.0
vllm,32846,performance,stratified_sample_1000_state_x_month,merged,2026-01,1,117.0
vllm,32403,performance,stratified_sample_1000_state_x_month,merged,2026-01,0,81.0
vllm,32336,performance,stratified_sample_1000_state_x_month,merged,2026-01,0,11.0
vllm,32042,performance,stratified_sample_1000_state_x_month,merged,2026-01,2,588.0
vllm,32542,performance,stratified_sample_1000_state_x_month,merged,2026-01,0,10.0
vllm,31832,performance,stratified_sample_1000_state_x_month,merged,2026-01,1,373.0
vllm,31939,performance,stratified_sample_1000_state_x_month,merged,2026-01,0,14.0
vllm,32437,performance,stratified_sample_1000_state_x_month,merged,2026-01,2,750.0
vllm,33122,performance,stratified_sample_1000_state_x_month,merged,2026-01,0,19.0
vllm,32954,performance,stratified_sample_1000_state_x_month,merged,2026-01,1,307.0
vllm,33467,performance,stratified_sample_1000_state_x_month,merged,2026-01,1,306.0
vllm,33451,performance,stratified_sample_1000_state_x_month,merged,2026-01,2,1587.0
vllm,32056,performance,stratified_sample_1000_state_x_month,merged,2026-01,0,5.0
vllm,32770,performance,stratified_sample_1000_state_x_month,merged,2026-01,0,30.0
vllm,32655,performance,stratified_sample_1000_state_x_month,merged,2026-01,2,593.0
vllm,32104,performance,stratified_sample_1000_state_x_month,merged,2026-01,2,1455.0
vllm,32804,performance,stratified_sample_1000_state_x_month,merged,2026-01,1,139.0
vllm,32058,performance,stratified_sample_1000_state_x_month,merged,2026-01,2,469.0
vllm,32414,performance,stratified_sample_1000_state_x_month,merged,2026-01,2,4251.0
vllm,34432,performance,stratified_sample_1000_state_x_month,merged,2026-02,2,6750.0
vllm,34917,performance,stratified_sample_1000_state_x_month,merged,2026-02,1,430.0
vllm,34726,performance,stratified_sample_1000_state_x_month,merged,2026-02,0,19.0
vllm,33641,performance,stratified_sample_1000_state_x_month,merged,2026-02,0,62.0
vllm,33762,performance,stratified_sample_1000_state_x_month,merged,2026-02,2,733.0
vllm,34541,performance,stratified_sample_1000_state_x_month,merged,2026-02,0,52.0
vllm,35088,performance,stratified_sample_1000_state_x_month,merged,2026-02,0,4.0
vllm,34733,performance,stratified_sample_1000_state_x_month,merged,2026-02,0,28.0
vllm,34130,performance,stratified_sample_1000_state_x_month,merged,2026-02,1,193.0
vllm,34301,performance,stratified_sample_1000_state_x_month,merged,2026-02,1,266.0
vllm,34846,performance,stratified_sample_1000_state_x_month,merged,2026-02,1,354.0
vllm,34260,performance,stratified_sample_1000_state_x_month,merged,2026-02,0,59.0
vllm,34984,performance,stratified_sample_1000_state_x_month,merged,2026-02,1,414.0
vllm,33967,performance,stratified_sample_1000_state_x_month,merged,2026-02,1,160.0
vllm,35397,performance,stratified_sample_1000_state_x_month,merged,2026-02,2,524.0
vllm,34206,performance,stratified_sample_1000_state_x_month,merged,2026-02,2,743.0
vllm,35384,performance,stratified_sample_1000_state_x_month,merged,2026-02,0,47.0
vllm,34627,performance,stratified_sample_1000_state_x_month,merged,2026-02,1,139.0
vllm,35330,performance,stratified_sample_1000_state_x_month,merged,2026-02,1,134.0
vllm,34411,performance,stratified_sample_1000_state_x_month,merged,2026-02,0,59.0
vllm,33529,performance,stratified_sample_1000_state_x_month,merged,2026-02,0,95.0
vllm,35290,performance,stratified_sample_1000_state_x_month,merged,2026-02,2,647.0
vllm,33538,performance,stratified_sample_1000_state_x_month,merged,2026-02,2,2034.0
vllm,34109,performance,stratified_sample_1000_state_x_month,merged,2026-02,2,771.0
vllm,33593,performance,stratified_sample_1000_state_x_month,merged,2026-02,0,39.0
vllm,34636,performance,stratified_sample_1000_state_x_month,merged,2026-02,0,9.0
vllm,34457,performance,stratified_sample_1000_state_x_month,merged,2026-02,0,23.0
vllm,34718,performance,stratified_sample_1000_state_x_month,merged,2026-02,0,15.0
vllm,37813,performance,stratified_sample_1000_state_x_month,merged,2026-03,2,505.0
vllm,35794,performance,stratified_sample_1000_state_x_month,merged,2026-03,0,2.0
vllm,37225,performance,stratified_sample_1000_state_x_month,merged,2026-03,0,108.0
vllm,36596,performance,stratified_sample_1000_state_x_month,merged,2026-03,1,406.0
vllm,35850,performance,stratified_sample_1000_state_x_month,merged,2026-03,0,22.0
vllm,38479,performance,stratified_sample_1000_state_x_month,merged,2026-03,2,2966.0
vllm,38361,performance,stratified_sample_1000_state_x_month,merged,2026-03,1,160.0
vllm,38065,performance,stratified_sample_1000_state_x_month,merged,2026-03,2,1880.0
vllm,37539,performance,stratified_sample_1000_state_x_month,merged,2026-03,0,2.0
vllm,37779,performance,stratified_sample_1000_state_x_month,merged,2026-03,0,3.0
vllm,37463,performance,stratified_sample_1000_state_x_month,merged,2026-03,2,1715.0
vllm,36062,performance,stratified_sample_1000_state_x_month,merged,2026-03,2,8060.0
vllm,37352,performance,stratified_sample_1000_state_x_month,merged,2026-03,2,831.0
vllm,36681,performance,stratified_sample_1000_state_x_month,merged,2026-03,0,4.0
vllm,37252,performance,stratified_sample_1000_state_x_month,merged,2026-03,0,81.0
vllm,38061,performance,stratified_sample_1000_state_x_month,merged,2026-03,2,651.0
vllm,38445,performance,stratified_sample_1000_state_x_month,merged,2026-03,2,739.0
vllm,37645,performance,stratified_sample_1000_state_x_month,merged,2026-03,0,2.0
vllm,36517,performance,stratified_sample_1000_state_x_month,merged,2026-03,1,273.0
vllm,36253,performance,stratified_sample_1000_state_x_month,merged,2026-03,0,38.0
vllm,37307,performance,stratified_sample_1000_state_x_month,merged,2026-03,0,69.0
vllm,35891,performance,stratified_sample_1000_state_x_month,merged,2026-03,0,106.0
vllm,37646,performance,stratified_sample_1000_state_x_month,merged,2026-03,2,474.0
vllm,37320,performance,stratified_sample_1000_state_x_month,merged,2026-03,0,79.0
vllm,37756,performance,stratified_sample_1000_state_x_month,merged,2026-03,0,23.0
vllm,36307,performance,stratified_sample_1000_state_x_month,merged,2026-03,1,338.0
vllm,37673,performance,stratified_sample_1000_state_x_month,merged,2026-03,0,74.0
vllm,36205,performance,stratified_sample_1000_state_x_month,merged,2026-03,2,945.0
vllm,37533,performance,stratified_sample_1000_state_x_month,merged,2026-03,0,22.0
vllm,38460,performance,stratified_sample_1000_state_x_month,merged,2026-03,1,133.0
vllm,36159,performance,stratified_sample_1000_state_x_month,merged,2026-03,2,580.0
vllm,41217,performance,stratified_sample_1000_state_x_month,merged,2026-04,1,366.0
vllm,40408,performance,stratified_sample_1000_state_x_month,merged,2026-04,1,308.0
vllm,41394,performance,stratified_sample_1000_state_x_month,merged,2026-04,2,3846.0
vllm,40710,performance,stratified_sample_1000_state_x_month,merged,2026-04,2,587.0
vllm,39445,performance,stratified_sample_1000_state_x_month,merged,2026-04,2,1352.0
vllm,40013,performance,stratified_sample_1000_state_x_month,merged,2026-04,1,416.0
vllm,41326,performance,stratified_sample_1000_state_x_month,merged,2026-04,2,455.0
vllm,40850,performance,stratified_sample_1000_state_x_month,merged,2026-04,2,59778.0
vllm,38877,performance,stratified_sample_1000_state_x_month,merged,2026-04,2,570.0
vllm,38879,performance,stratified_sample_1000_state_x_month,merged,2026-04,1,416.0
vllm,41160,performance,stratified_sample_1000_state_x_month,merged,2026-04,2,712.0
vllm,39616,performance,stratified_sample_1000_state_x_month,merged,2026-04,1,188.0
vllm,39242,performance,stratified_sample_1000_state_x_month,merged,2026-04,1,362.0
vllm,40733,performance,stratified_sample_1000_state_x_month,merged,2026-04,0,4.0
vllm,39547,performance,stratified_sample_1000_state_x_month,merged,2026-04,1,229.0
vllm,40711,performance,stratified_sample_1000_state_x_month,merged,2026-04,2,500.0
vllm,41015,performance,stratified_sample_1000_state_x_month,merged,2026-04,1,406.0
vllm,38928,performance,stratified_sample_1000_state_x_month,merged,2026-04,1,148.0
vllm,39568,performance,stratified_sample_1000_state_x_month,merged,2026-04,2,984.0
vllm,39113,performance,stratified_sample_1000_state_x_month,merged,2026-04,0,25.0
vllm,39912,performance,stratified_sample_1000_state_x_month,merged,2026-04,1,259.0
vllm,40172,performance,stratified_sample_1000_state_x_month,merged,2026-04,2,2953.0
vllm,40171,performance,stratified_sample_1000_state_x_month,merged,2026-04,0,5.0
vllm,38981,performance,stratified_sample_1000_state_x_month,merged,2026-04,0,10.0
vllm,39987,performance,stratified_sample_1000_state_x_month,merged,2026-04,1,131.0
vllm,40056,performance,stratified_sample_1000_state_x_month,merged,2026-04,1,128.0
vllm,42153,performance,stratified_sample_1000_state_x_month,merged,2026-05,0,109.0
vllm,42562,performance,stratified_sample_1000_state_x_month,merged,2026-05,2,1820.0
vllm,42151,performance,stratified_sample_1000_state_x_month,merged,2026-05,1,117.0
vllm,42707,performance,stratified_sample_1000_state_x_month,merged,2026-05,1,421.0
vllm,42832,performance,stratified_sample_1000_state_x_month,merged,2026-05,2,452.0
vllm,41627,performance,stratified_sample_1000_state_x_month,merged,2026-05,1,154.0
vllm,43633,performance,stratified_sample_1000_state_x_month,merged,2026-05,0,29.0
vllm,43677,performance,stratified_sample_1000_state_x_month,merged,2026-05,0,2.0
vllm,43667,performance,stratified_sample_1000_state_x_month,merged,2026-05,1,392.0
vllm,42651,performance,stratified_sample_1000_state_x_month,merged,2026-05,0,73.0
vllm,42988,performance,stratified_sample_1000_state_x_month,merged,2026-05,0,9.0
vllm,42666,performance,stratified_sample_1000_state_x_month,merged,2026-05,0,10.0
vllm,41458,performance,stratified_sample_1000_state_x_month,merged,2026-05,0,6.0
vllm,43994,performance,stratified_sample_1000_state_x_month,merged,2026-05,2,4782.0
vllm,42436,performance,stratified_sample_1000_state_x_month,merged,2026-05,1,200.0
vllm,42098,performance,stratified_sample_1000_state_x_month,merged,2026-05,0,4.0
vllm,44010,performance,stratified_sample_1000_state_x_month,merged,2026-05,2,5911.0
vllm,43853,performance,stratified_sample_1000_state_x_month,merged,2026-05,0,38.0
vllm,43437,performance,stratified_sample_1000_state_x_month,merged,2026-05,0,8.0
vllm,43169,performance,stratified_sample_1000_state_x_month,merged,2026-05,1,266.0
vllm,43008,performance,stratified_sample_1000_state_x_month,merged,2026-05,2,1613.0
vllm,41751,performance,stratified_sample_1000_state_x_month,merged,2026-05,0,50.0
vllm,41433,performance,stratified_sample_1000_state_x_month,merged,2026-05,0,85.0
vllm,42669,performance,stratified_sample_1000_state_x_month,merged,2026-05,0,100.0
vllm,43331,performance,stratified_sample_1000_state_x_month,merged,2026-05,0,4.0
vllm,42982,performance,stratified_sample_1000_state_x_month,merged,2026-05,0,88.0
vllm,43670,performance,stratified_sample_1000_state_x_month,merged,2026-05,1,166.0
vllm,43232,performance,stratified_sample_1000_state_x_month,merged,2026-05,2,681.0
vllm,42833,performance,stratified_sample_1000_state_x_month,merged,2026-05,0,21.0
vllm,43103,performance,stratified_sample_1000_state_x_month,merged,2026-05,0,11.0
vllm,43410,performance,stratified_sample_1000_state_x_month,merged,2026-05,2,752.0
vllm,43273,performance,stratified_sample_1000_state_x_month,merged,2026-05,2,3425.0
vllm,43081,performance,stratified_sample_1000_state_x_month,merged,2026-05,0,79.0
vllm,42774,performance,stratified_sample_1000_state_x_month,merged,2026-05,1,162.0
vllm,44572,performance,stratified_sample_1000_state_x_month,merged,2026-06,1,246.0
vllm,46353,performance,stratified_sample_1000_state_x_month,merged,2026-06,2,704.0
vllm,46651,performance,stratified_sample_1000_state_x_month,merged,2026-06,0,8.0
vllm,44594,performance,stratified_sample_1000_state_x_month,merged,2026-06,1,299.0
vllm,44251,performance,stratified_sample_1000_state_x_month,merged,2026-06,1,348.0
vllm,46543,performance,stratified_sample_1000_state_x_month,merged,2026-06,0,6.0
vllm,46720,performance,stratified_sample_1000_state_x_month,merged,2026-06,1,196.0
vllm,45826,performance,stratified_sample_1000_state_x_month,merged,2026-06,2,480.0
vllm,45061,performance,stratified_sample_1000_state_x_month,merged,2026-06,1,156.0
vllm,46393,performance,stratified_sample_1000_state_x_month,merged,2026-06,0,88.0
vllm,46428,performance,stratified_sample_1000_state_x_month,merged,2026-06,1,155.0
vllm,45991,performance,stratified_sample_1000_state_x_month,merged,2026-06,1,150.0
vllm,46643,performance,stratified_sample_1000_state_x_month,merged,2026-06,1,228.0
vllm,46026,performance,stratified_sample_1000_state_x_month,merged,2026-06,1,150.0
vllm,46634,performance,stratified_sample_1000_state_x_month,merged,2026-06,1,386.0
vllm,46188,performance,stratified_sample_1000_state_x_month,merged,2026-06,0,88.0
vllm,44830,performance,stratified_sample_1000_state_x_month,merged,2026-06,0,43.0
vllm,44667,performance,stratified_sample_1000_state_x_month,merged,2026-06,2,974.0
vllm,45743,performance,stratified_sample_1000_state_x_month,merged,2026-06,1,121.0
vllm,44173,performance,stratified_sample_1000_state_x_month,merged,2026-06,1,147.0
vllm,44700,performance,stratified_sample_1000_state_x_month,merged,2026-06,2,457.0
vllm,47070,performance,stratified_sample_1000_state_x_month,merged,2026-06,0,55.0
vllm,46385,performance,stratified_sample_1000_state_x_month,merged,2026-06,1,190.0
vllm,47156,performance,stratified_sample_1000_state_x_month,merged,2026-06,0,63.0
vllm,47081,performance,stratified_sample_1000_state_x_month,merged,2026-06,0,19.0
vllm,44176,performance,stratified_sample_1000_state_x_month,merged,2026-06,1,430.0
vllm,47121,performance,stratified_sample_1000_state_x_month,merged,2026-06,0,6.0
vllm,46998,performance,stratified_sample_1000_state_x_month,merged,2026-06,0,52.0
vllm,46051,performance,stratified_sample_1000_state_x_month,merged,2026-06,1,343.0
vllm,45863,performance,stratified_sample_1000_state_x_month,merged,2026-06,1,202.0
vllm,44639,performance,stratified_sample_1000_state_x_month,merged,2026-06,1,331.0
vllm,46189,performance,stratified_sample_1000_state_x_month,merged,2026-06,1,292.0
vllm,46849,performance,stratified_sample_1000_state_x_month,merged,2026-06,2,541.0
vllm,44849,performance,stratified_sample_1000_state_x_month,merged,2026-06,0,12.0
vllm,46514,performance,stratified_sample_1000_state_x_month,merged,2026-06,1,329.0
vllm,44612,performance,stratified_sample_1000_state_x_month,merged,2026-06,1,139.0
vllm,45971,performance,stratified_sample_1000_state_x_month,merged,2026-06,0,81.0
vllm,45033,performance,stratified_sample_1000_state_x_month,merged,2026-06,1,269.0
vllm,46761,performance,stratified_sample_1000_state_x_month,merged,2026-06,1,126.0
vllm,47423,performance,stratified_sample_1000_state_x_month,merged,2026-07,2,3008.0
vllm,47851,performance,stratified_sample_1000_state_x_month,merged,2026-07,0,77.0
vllm,48209,performance,stratified_sample_1000_state_x_month,merged,2026-07,1,159.0
vllm,49436,performance,stratified_sample_1000_state_x_month,merged,2026-07,1,415.0
vllm,48223,performance,stratified_sample_1000_state_x_month,merged,2026-07,0,110.0
vllm,50534,performance,stratified_sample_1000_state_x_month,merged,2026-07,1,259.0
vllm,48597,performance,stratified_sample_1000_state_x_month,merged,2026-07,2,2277.0
vllm,50333,performance,stratified_sample_1000_state_x_month,merged,2026-07,0,2.0
vllm,49396,performance,stratified_sample_1000_state_x_month,merged,2026-07,0,24.0
vllm,49580,performance,stratified_sample_1000_state_x_month,merged,2026-07,1,254.0
vllm,48335,performance,stratified_sample_1000_state_x_month,merged,2026-07,1,351.0
vllm,47474,performance,stratified_sample_1000_state_x_month,merged,2026-07,0,59.0
vllm,48688,performance,stratified_sample_1000_state_x_month,merged,2026-07,0,40.0
vllm,47229,performance,stratified_sample_1000_state_x_month,merged,2026-07,0,1.0
vllm,48017,performance,stratified_sample_1000_state_x_month,merged,2026-07,0,8.0
vllm,47285,performance,stratified_sample_1000_state_x_month,merged,2026-07,0,7.0
vllm,48660,performance,stratified_sample_1000_state_x_month,merged,2026-07,1,264.0
vllm,50157,performance,stratified_sample_1000_state_x_month,merged,2026-07,0,93.0
vllm,48110,performance,stratified_sample_1000_state_x_month,merged,2026-07,0,70.0
vllm,49932,performance,stratified_sample_1000_state_x_month,merged,2026-07,1,171.0
vllm,49315,performance,stratified_sample_1000_state_x_month,merged,2026-07,2,1133.0
vllm,47287,performance,stratified_sample_1000_state_x_month,merged,2026-07,2,1680.0
vllm,50244,performance,stratified_sample_1000_state_x_month,merged,2026-07,0,4.0
vllm,48137,performance,stratified_sample_1000_state_x_month,merged,2026-07,1,331.0
vllm,49607,performance,stratified_sample_1000_state_x_month,merged,2026-07,0,115.0
vllm,47947,performance,stratified_sample_1000_state_x_month,merged,2026-07,0,51.0
vllm,49571,performance,stratified_sample_1000_state_x_month,merged,2026-07,0,28.0
vllm,48268,performance,stratified_sample_1000_state_x_month,merged,2026-07,0,48.0
vllm,50613,performance,stratified_sample_1000_state_x_month,merged,2026-07,2,1492.0
vllm,49792,performance,stratified_sample_1000_state_x_month,merged,2026-07,2,700.0
vllm,49791,performance,stratified_sample_1000_state_x_month,merged,2026-07,2,670.0
vllm,48264,performance,stratified_sample_1000_state_x_month,merged,2026-07,0,37.0
vllm,48498,performance,stratified_sample_1000_state_x_month,merged,2026-07,2,576.0
vllm,48781,performance,stratified_sample_1000_state_x_month,merged,2026-07,1,190.0
vllm,47427,performance,stratified_sample_1000_state_x_month,merged,2026-07,0,40.0
vllm,48666,performance,stratified_sample_1000_state_x_month,merged,2026-07,1,181.0
vllm,50230,performance,stratified_sample_1000_state_x_month,merged,2026-07,0,64.0
vllm,48476,performance,stratified_sample_1000_state_x_month,merged,2026-07,0,41.0
vllm,50439,performance,stratified_sample_1000_state_x_month,merged,2026-07,1,344.0
vllm,48979,performance,stratified_sample_1000_state_x_month,merged,2026-07,1,401.0
vllm,47767,performance,stratified_sample_1000_state_x_month,merged,2026-07,0,35.0
vllm,48373,performance,stratified_sample_1000_state_x_month,merged,2026-07,0,54.0
vllm,47288,performance,stratified_sample_1000_state_x_month,merged,2026-07,2,1378.0
vllm,50572,performance,stratified_sample_1000_state_x_month,merged,2026-07,1,372.0
vllm,52781,performance,stratified_sample_1000_state_x_month,merged,2026-08,1,158.0
vllm,53838,performance,stratified_sample_1000_state_x_month,merged,2026-08,1,221.0
vllm,53412,performance,stratified_sample_1000_state_x_month,merged,2026-08,0,17.0
vllm,53517,performance,stratified_sample_1000_state_x_month,merged,2026-08,1,179.0
vllm,53576,performance,stratified_sample_1000_state_x_month,merged,2026-08,2,454.0
vllm,52263,performance,stratified_sample_1000_state_x_month,merged,2026-08,1,339.0
vllm,53678,performance,stratified_sample_1000_state_x_month,merged,2026-08,0,81.0
vllm,52849,performance,stratified_sample_1000_state_x_month,merged,2026-08,2,775.0
vllm,52676,performance,stratified_sample_1000_state_x_month,merged,2026-08,1,330.0
vllm,51647,performance,stratified_sample_1000_state_x_month,merged,2026-08,1,258.0
vllm,53580,performance,stratified_sample_1000_state_x_month,merged,2026-08,0,26.0
vllm,53396,performance,stratified_sample_1000_state_x_month,merged,2026-08,1,319.0
vllm,50942,performance,stratified_sample_1000_state_x_month,merged,2026-08,0,11.0
vllm,51674,performance,stratified_sample_1000_state_x_month,merged,2026-08,2,1463.0
vllm,52293,performance,stratified_sample_1000_state_x_month,merged,2026-08,0,29.0
vllm,54606,performance,stratified_sample_1000_state_x_month,merged,2026-08,0,34.0
vllm,51210,performance,stratified_sample_1000_state_x_month,merged,2026-08,0,12.0
vllm,51453,performance,stratified_sample_1000_state_x_month,merged,2026-08,0,66.0
vllm,54148,performance,stratified_sample_1000_state_x_month,merged,2026-08,1,143.0
vllm,53109,performance,stratified_sample_1000_state_x_month,merged,2026-08,0,42.0
vllm,52046,performance,stratified_sample_1000_state_x_month,merged,2026-08,2,495.0
vllm,51415,performance,stratified_sample_1000_state_x_month,merged,2026-08,2,759.0
vllm,51855,performance,stratified_sample_1000_state_x_month,merged,2026-08,2,2310.0
vllm,52212,performance,stratified_sample_1000_state_x_month,merged,2026-08,2,1644.0
vllm,52616,performance,stratified_sample_1000_state_x_month,merged,2026-08,2,4162.0
vllm,52458,performance,stratified_sample_1000_state_x_month,merged,2026-08,0,2.0
vllm,54295,performance,stratified_sample_1000_state_x_month,merged,2026-08,0,7.0
vllm,52795,performance,stratified_sample_1000_state_x_month,merged,2026-08,0,32.0
vllm,52506,performance,stratified_sample_1000_state_x_month,merged,2026-08,2,1134.0
vllm,53283,performance,stratified_sample_1000_state_x_month,merged,2026-08,0,26.0
vllm,52204,performance,stratified_sample_1000_state_x_month,merged,2026-08,1,265.0
vllm,54185,performance,stratified_sample_1000_state_x_month,merged,2026-08,0,7.0
vllm,52033,performance,stratified_sample_1000_state_x_month,merged,2026-08,1,127.0
vllm,53623,performance,stratified_sample_1000_state_x_month,merged,2026-08,1,140.0
vllm,53878,performance,stratified_sample_1000_state_x_month,merged,2026-08,0,43.0
vllm,51862,performance,stratified_sample_1000_state_x_month,merged,2026-08,1,231.0
vllm,54194,performance,stratified_sample_1000_state_x_month,merged,2026-08,0,46.0
vllm,51772,performance,stratified_sample_1000_state_x_month,merged,2026-08,2,1031.0
vllm,51885,performance,stratified_sample_1000_state_x_month,merged,2026-08,2,497.0
vllm,51794,performance,stratified_sample_1000_state_x_month,merged,2026-08,1,239.0
vllm,52217,performance,stratified_sample_1000_state_x_month,merged,2026-08,0,57.0
vllm,51583,performance,stratified_sample_1000_state_x_month,merged,2026-08,1,146.0
vllm,50776,performance,stratified_sample_1000_state_x_month,merged,2026-08,0,11.0
vllm,50949,performance,stratified_sample_1000_state_x_month,merged,2026-08,0,115.0
vllm,53781,performance,stratified_sample_1000_state_x_month,merged,2026-08,2,15390.0
vllm,51507,performance,stratified_sample_1000_state_x_month,merged,2026-08,0,7.0
vllm,53685,performance,stratified_sample_1000_state_x_month,merged,2026-08,0,17.0
vllm,52989,performance,stratified_sample_1000_state_x_month,merged,2026-08,0,13.0
vllm,51434,performance,stratified_sample_1000_state_x_month,merged,2026-08,1,299.0
vllm,53040,performance,stratified_sample_1000_state_x_month,merged,2026-08,2,613.0
vllm,51171,performance,stratified_sample_1000_state_x_month,merged,2026-08,1,308.0
vllm,58226,performance,stratified_sample_1000_state_x_month,merged,2026-09,2,443.0
vllm,58651,performance,stratified_sample_1000_state_x_month,merged,2026-09,1,147.0
vllm,58512,performance,stratified_sample_1000_state_x_month,merged,2026-09,0,46.0
vllm,57604,performance,stratified_sample_1000_state_x_month,merged,2026-09,1,192.0
vllm,55808,performance,stratified_sample_1000_state_x_month,merged,2026-09,0,63.0
vllm,55059,performance,stratified_sample_1000_state_x_month,merged,2026-09,2,534.0
vllm,58586,performance,stratified_sample_1000_state_x_month,merged,2026-09,2,2116.0
vllm,56067,performance,stratified_sample_1000_state_x_month,merged,2026-09,1,370.0
vllm,54901,performance,stratified_sample_1000_state_x_month,merged,2026-09,1,294.0
vllm,58456,performance,stratified_sample_1000_state_x_month,merged,2026-09,2,693.0
vllm,54674,performance,stratified_sample_1000_state_x_month,merged,2026-09,1,125.0
vllm,54651,performance,stratified_sample_1000_state_x_month,merged,2026-09,2,640.0
vllm,54794,performance,stratified_sample_1000_state_x_month,merged,2026-09,0,15.0
vllm,56096,performance,stratified_sample_1000_state_x_month,merged,2026-09,0,2.0
vllm,58957,performance,stratified_sample_1000_state_x_month,merged,2026-09,2,1198.0
vllm,55356,performance,stratified_sample_1000_state_x_month,merged,2026-09,1,255.0
vllm,56568,performance,stratified_sample_1000_state_x_month,merged,2026-09,1,151.0
vllm,56628,performance,stratified_sample_1000_state_x_month,merged,2026-09,1,346.0
vllm,58400,performance,stratified_sample_1000_state_x_month,merged,2026-09,1,186.0
vllm,58225,performance,stratified_sample_1000_state_x_month,merged,2026-09,0,101.0
vllm,57435,performance,stratified_sample_1000_state_x_month,merged,2026-09,1,197.0
vllm,55062,performance,stratified_sample_1000_state_x_month,merged,2026-09,1,127.0
vllm,57107,performance,stratified_sample_1000_state_x_month,merged,2026-09,0,9.0
vllm,55629,performance,stratified_sample_1000_state_x_month,merged,2026-09,1,198.0
vllm,56034,performance,stratified_sample_1000_state_x_month,merged,2026-09,0,31.0
vllm,55385,performance,stratified_sample_1000_state_x_month,merged,2026-09,1,230.0
vllm,55557,performance,stratified_sample_1000_state_x_month,merged,2026-09,1,332.0
vllm,58216,performance,stratified_sample_1000_state_x_month,merged,2026-09,1,268.0
vllm,55355,performance,stratified_sample_1000_state_x_month,merged,2026-09,2,10191.0
vllm,56743,performance,stratified_sample_1000_state_x_month,merged,2026-09,2,464.0
vllm,57102,performance,stratified_sample_1000_state_x_month,merged,2026-09,0,3.0
vllm,57451,performance,stratified_sample_1000_state_x_month,merged,2026-09,0,30.0
vllm,56962,performance,stratified_sample_1000_state_x_month,merged,2026-09,1,357.0
vllm,55890,performance,stratified_sample_1000_state_x_month,merged,2026-09,1,230.0
vllm,55170,performance,stratified_sample_1000_state_x_month,merged,2026-09,0,35.0
vllm,55715,performance,stratified_sample_1000_state_x_month,merged,2026-09,0,12.0
vllm,57273,performance,stratified_sample_1000_state_x_month,merged,2026-09,0,40.0
vllm,54965,performance,stratified_sample_1000_state_x_month,merged,2026-09,1,162.0
vllm,55054,performance,stratified_sample_1000_state_x_month,merged,2026-09,0,21.0
vllm,57885,performance,stratified_sample_1000_state_x_month,merged,2026-09,0,7.0
vllm,57428,performance,stratified_sample_1000_state_x_month,merged,2026-09,2,1659.0
vllm,54896,performance,stratified_sample_1000_state_x_month,merged,2026-09,1,157.0
vllm,58201,performance,stratified_sample_1000_state_x_month,merged,2026-09,1,191.0
vllm,58450,performance,stratified_sample_1000_state_x_month,merged,2026-09,0,51.0
vllm,58045,performance,stratified_sample_1000_state_x_month,merged,2026-09,1,228.0
vllm,58459,performance,stratified_sample_1000_state_x_month,merged,2026-09,0,55.0
vllm,55737,performance,stratified_sample_1000_state_x_month,merged,2026-09,1,172.0
vllm,54682,performance,stratified_sample_1000_state_x_month,merged,2026-09,2,2337.0
vllm,58762,performance,stratified_sample_1000_state_x_month,merged,2026-09,1,210.0
vllm,56098,performance,stratified_sample_1000_state_x_month,merged,2026-09,2,446.0
vllm,55309,performance,stratified_sample_1000_state_x_month,merged,2026-09,1,123.0
vllm,58582,performance,stratified_sample_1000_state_x_month,merged,2026-09,1,139.0
vllm,58051,performance,stratified_sample_1000_state_x_month,merged,2026-09,0,99.0
vllm,57586,performance,stratified_sample_1000_state_x_month,merged,2026-09,1,119.0
vllm,28593,performance,stratified_sample_1000_state_x_month,open,2025-11,1,225.0
vllm,30845,performance,stratified_sample_1000_state_x_month,open,2025-12,1,253.0
vllm,31763,performance,stratified_sample_1000_state_x_month,open,2026-01,0,46.0
vllm,32734,performance,stratified_sample_1000_state_x_month,open,2026-01,0,98.0
vllm,33918,performance,stratified_sample_1000_state_x_month,open,2026-02,2,19789.0
vllm,33780,performance,stratified_sample_1000_state_x_month,open,2026-02,1,362.0
vllm,35551,performance,stratified_sample_1000_state_x_month,open,2026-02,2,736.0
vllm,35058,performance,stratified_sample_1000_state_x_month,open,2026-02,2,526141.0
vllm,36297,performance,stratified_sample_1000_state_x_month,open,2026-03,2,16145.0
vllm,36072,performance,stratified_sample_1000_state_x_month,open,2026-03,1,408.0
vllm,38539,performance,stratified_sample_1000_state_x_month,open,2026-03,0,38.0
vllm,37495,performance,stratified_sample_1000_state_x_month,open,2026-03,2,656.0
vllm,38646,performance,stratified_sample_1000_state_x_month,open,2026-03,1,376.0
vllm,38354,performance,stratified_sample_1000_state_x_month,open,2026-03,2,2692.0
vllm,37973,performance,stratified_sample_1000_state_x_month,open,2026-03,0,6.0
vllm,38299,performance,stratified_sample_1000_state_x_month,open,2026-03,1,138.0
vllm,38665,performance,stratified_sample_1000_state_x_month,open,2026-03,1,122.0
vllm,37353,performance,stratified_sample_1000_state_x_month,open,2026-03,0,19.0
vllm,40828,performance,stratified_sample_1000_state_x_month,open,2026-04,2,1118.0
vllm,40012,performance,stratified_sample_1000_state_x_month,open,2026-04,1,259.0
vllm,38880,performance,stratified_sample_1000_state_x_month,open,2026-04,2,7986.0
vllm,39641,performance,stratified_sample_1000_state_x_month,open,2026-04,1,244.0
vllm,39297,performance,stratified_sample_1000_state_x_month,open,2026-04,2,18970.0
vllm,40328,performance,stratified_sample_1000_state_x_month,open,2026-04,0,72.0
vllm,39517,performance,stratified_sample_1000_state_x_month,open,2026-04,1,265.0
vllm,39943,performance,stratified_sample_1000_state_x_month,open,2026-04,1,380.0
vllm,41095,performance,stratified_sample_1000_state_x_month,open,2026-04,1,121.0
vllm,41105,performance,stratified_sample_1000_state_x_month,open,2026-04,2,677.0
vllm,40792,performance,stratified_sample_1000_state_x_month,open,2026-04,2,676.0
vllm,40924,performance,stratified_sample_1000_state_x_month,open,2026-04,0,27.0
vllm,40887,performance,stratified_sample_1000_state_x_month,open,2026-04,0,56.0
vllm,40638,performance,stratified_sample_1000_state_x_month,open,2026-04,2,447.0
vllm,41099,performance,stratified_sample_1000_state_x_month,open,2026-04,2,517.0
vllm,42321,performance,stratified_sample_1000_state_x_month,open,2026-05,0,16.0
vllm,42131,performance,stratified_sample_1000_state_x_month,open,2026-05,1,409.0
vllm,43944,performance,stratified_sample_1000_state_x_month,open,2026-05,1,212.0
vllm,43608,performance,stratified_sample_1000_state_x_month,open,2026-05,0,59.0
vllm,41944,performance,stratified_sample_1000_state_x_month,open,2026-05,0,76.0
vllm,43895,performance,stratified_sample_1000_state_x_month,open,2026-05,0,95.0
vllm,43257,performance,stratified_sample_1000_state_x_month,open,2026-05,0,25.0
vllm,41601,performance,stratified_sample_1000_state_x_month,open,2026-05,2,639.0
vllm,42504,performance,stratified_sample_1000_state_x_month,open,2026-05,2,1137.0
vllm,41748,performance,stratified_sample_1000_state_x_month,open,2026-05,0,114.0
vllm,43056,performance,stratified_sample_1000_state_x_month,open,2026-05,2,793.0
vllm,41824,performance,stratified_sample_1000_state_x_month,open,2026-05,1,242.0
vllm,42033,performance,stratified_sample_1000_state_x_month,open,2026-05,2,1633.0
vllm,42792,performance,stratified_sample_1000_state_x_month,open,2026-05,1,252.0
vllm,43359,performance,stratified_sample_1000_state_x_month,open,2026-05,0,46.0
vllm,41518,performance,stratified_sample_1000_state_x_month,open,2026-05,2,1478.0
vllm,42568,performance,stratified_sample_1000_state_x_month,open,2026-05,1,229.0
vllm,43389,performance,stratified_sample_1000_state_x_month,open,2026-05,1,333.0
vllm,43594,performance,stratified_sample_1000_state_x_month,open,2026-05,1,212.0
vllm,42735,performance,stratified_sample_1000_state_x_month,open,2026-05,2,901.0
vllm,43687,performance,stratified_sample_1000_state_x_month,open,2026-05,2,632.0
vllm,42674,performance,stratified_sample_1000_state_x_month,open,2026-05,2,1071.0
vllm,46000,performance,stratified_sample_1000_state_x_month,open,2026-06,1,343.0
vllm,46239,performance,stratified_sample_1000_state_x_month,open,2026-06,2,2444.0
vllm,44573,performance,stratified_sample_1000_state_x_month,open,2026-06,2,1749.0
vllm,46699,performance,stratified_sample_1000_state_x_month,open,2026-06,2,3330.0
vllm,44167,performance,stratified_sample_1000_state_x_month,open,2026-06,1,233.0
vllm,46485,performance,stratified_sample_1000_state_x_month,open,2026-06,2,876.0
vllm,46481,performance,stratified_sample_1000_state_x_month,open,2026-06,0,38.0
vllm,44581,performance,stratified_sample_1000_state_x_month,open,2026-06,2,3716.0
vllm,47225,performance,stratified_sample_1000_state_x_month,open,2026-06,0,46.0
vllm,44524,performance,stratified_sample_1000_state_x_month,open,2026-06,0,54.0
vllm,46540,performance,stratified_sample_1000_state_x_month,open,2026-06,0,14.0
vllm,46724,performance,stratified_sample_1000_state_x_month,open,2026-06,1,132.0
vllm,45910,performance,stratified_sample_1000_state_x_month,open,2026-06,0,53.0
vllm,47118,performance,stratified_sample_1000_state_x_month,open,2026-06,1,286.0
vllm,46123,performance,stratified_sample_1000_state_x_month,open,2026-06,2,579.0
vllm,44604,performance,stratified_sample_1000_state_x_month,open,2026-06,0,114.0
vllm,45780,performance,stratified_sample_1000_state_x_month,open,2026-06,1,175.0
vllm,44818,performance,stratified_sample_1000_state_x_month,open,2026-06,1,146.0
vllm,46896,performance,stratified_sample_1000_state_x_month,open,2026-06,2,727.0
vllm,44343,performance,stratified_sample_1000_state_x_month,open,2026-06,2,1580.0
vllm,45151,performance,stratified_sample_1000_state_x_month,open,2026-06,2,904.0
vllm,44675,performance,stratified_sample_1000_state_x_month,open,2026-06,1,147.0
vllm,45883,performance,stratified_sample_1000_state_x_month,open,2026-06,0,95.0
vllm,44606,performance,stratified_sample_1000_state_x_month,open,2026-06,1,347.0
vllm,45354,performance,stratified_sample_1000_state_x_month,open,2026-06,0,2.0
vllm,44564,performance,stratified_sample_1000_state_x_month,open,2026-06,2,677.0
vllm,45120,performance,stratified_sample_1000_state_x_month,open,2026-06,1,234.0
vllm,45770,performance,stratified_sample_1000_state_x_month,open,2026-06,1,275.0
vllm,44501,performance,stratified_sample_1000_state_x_month,open,2026-06,2,2940.0
vllm,45881,performance,stratified_sample_1000_state_x_month,open,2026-06,1,284.0
vllm,48995,performance,stratified_sample_1000_state_x_month,open,2026-07,2,17624.0
vllm,49272,performance,stratified_sample_1000_state_x_month,open,2026-07,2,750.0
vllm,49171,performance,stratified_sample_1000_state_x_month,open,2026-07,1,119.0
vllm,50114,performance,stratified_sample_1000_state_x_month,open,2026-07,0,87.0
vllm,50317,performance,stratified_sample_1000_state_x_month,open,2026-07,1,284.0
vllm,50096,performance,stratified_sample_1000_state_x_month,open,2026-07,1,414.0
vllm,49037,performance,stratified_sample_1000_state_x_month,open,2026-07,2,908.0
vllm,48156,performance,stratified_sample_1000_state_x_month,open,2026-07,1,245.0
vllm,49670,performance,stratified_sample_1000_state_x_month,open,2026-07,0,103.0
vllm,49142,performance,stratified_sample_1000_state_x_month,open,2026-07,0,26.0
vllm,49744,performance,stratified_sample_1000_state_x_month,open,2026-07,2,1598.0
vllm,47593,performance,stratified_sample_1000_state_x_month,open,2026-07,0,96.0
vllm,49775,performance,stratified_sample_1000_state_x_month,open,2026-07,2,870.0
vllm,49888,performance,stratified_sample_1000_state_x_month,open,2026-07,1,229.0
vllm,47826,performance,stratified_sample_1000_state_x_month,open,2026-07,2,596.0
vllm,47979,performance,stratified_sample_1000_state_x_month,open,2026-07,2,945.0
vllm,49077,performance,stratified_sample_1000_state_x_month,open,2026-07,2,1321.0
vllm,49131,performance,stratified_sample_1000_state_x_month,open,2026-07,1,140.0
vllm,47540,performance,stratified_sample_1000_state_x_month,open,2026-07,2,1279.0
vllm,47584,performance,stratified_sample_1000_state_x_month,open,2026-07,1,308.0
vllm,49194,performance,stratified_sample_1000_state_x_month,open,2026-07,2,797.0
vllm,47426,performance,stratified_sample_1000_state_x_month,open,2026-07,0,29.0
vllm,49761,performance,stratified_sample_1000_state_x_month,open,2026-07,2,590.0
vllm,47799,performance,stratified_sample_1000_state_x_month,open,2026-07,1,118.0
vllm,49156,performance,stratified_sample_1000_state_x_month,open,2026-07,0,8.0
vllm,48792,performance,stratified_sample_1000_state_x_month,open,2026-07,2,1797.0
vllm,49953,performance,stratified_sample_1000_state_x_month,open,2026-07,2,513.0
vllm,49678,performance,stratified_sample_1000_state_x_month,open,2026-07,1,310.0
vllm,48734,performance,stratified_sample_1000_state_x_month,open,2026-07,0,3.0
vllm,49500,performance,stratified_sample_1000_state_x_month,open,2026-07,0,76.0
vllm,48715,performance,stratified_sample_1000_state_x_month,open,2026-07,2,3005.0
vllm,48913,performance,stratified_sample_1000_state_x_month,open,2026-07,0,62.0
vllm,48196,performance,stratified_sample_1000_state_x_month,open,2026-07,2,1016.0
vllm,48544,performance,stratified_sample_1000_state_x_month,open,2026-07,1,211.0
vllm,50246,performance,stratified_sample_1000_state_x_month,open,2026-07,2,3610.0
vllm,47306,performance,stratified_sample_1000_state_x_month,open,2026-07,2,1410.0
vllm,49872,performance,stratified_sample_1000_state_x_month,open,2026-07,1,121.0
vllm,48991,performance,stratified_sample_1000_state_x_month,open,2026-07,2,2815.0
vllm,49588,performance,stratified_sample_1000_state_x_month,open,2026-07,0,12.0
vllm,47948,performance,stratified_sample_1000_state_x_month,open,2026-07,2,1066.0
vllm,49312,performance,stratified_sample_1000_state_x_month,open,2026-07,1,293.0
vllm,54327,performance,stratified_sample_1000_state_x_month,open,2026-08,2,486.0
vllm,54406,performance,stratified_sample_1000_state_x_month,open,2026-08,2,720.0
vllm,50817,performance,stratified_sample_1000_state_x_month,open,2026-08,2,693.0
vllm,54503,performance,stratified_sample_1000_state_x_month,open,2026-08,1,439.0
vllm,51055,performance,stratified_sample_1000_state_x_month,open,2026-08,1,189.0
vllm,53958,performance,stratified_sample_1000_state_x_month,open,2026-08,0,56.0
vllm,53090,performance,stratified_sample_1000_state_x_month,open,2026-08,2,605.0
vllm,54611,performance,stratified_sample_1000_state_x_month,open,2026-08,1,150.0
vllm,53081,performance,stratified_sample_1000_state_x_month,open,2026-08,0,28.0
vllm,52239,performance,stratified_sample_1000_state_x_month,open,2026-08,2,1124.0
vllm,53492,performance,stratified_sample_1000_state_x_month,open,2026-08,2,1011.0
vllm,51132,performance,stratified_sample_1000_state_x_month,open,2026-08,1,199.0
vllm,53543,performance,stratified_sample_1000_state_x_month,open,2026-08,1,304.0
vllm,53913,performance,stratified_sample_1000_state_x_month,open,2026-08,2,541.0
vllm,53847,performance,stratified_sample_1000_state_x_month,open,2026-08,1,173.0
vllm,53151,performance,stratified_sample_1000_state_x_month,open,2026-08,1,207.0
vllm,54191,performance,stratified_sample_1000_state_x_month,open,2026-08,0,49.0
vllm,53707,performance,stratified_sample_1000_state_x_month,open,2026-08,0,91.0
vllm,53133,performance,stratified_sample_1000_state_x_month,open,2026-08,2,685.0
vllm,51515,performance,stratified_sample_1000_state_x_month,open,2026-08,0,84.0
vllm,54614,performance,stratified_sample_1000_state_x_month,open,2026-08,2,1023.0
vllm,53337,performance,stratified_sample_1000_state_x_month,open,2026-08,0,31.0
vllm,53383,performance,stratified_sample_1000_state_x_month,open,2026-08,2,692.0
vllm,54454,performance,stratified_sample_1000_state_x_month,open,2026-08,2,2166.0
vllm,54103,performance,stratified_sample_1000_state_x_month,open,2026-08,2,1826.0
vllm,53384,performance,stratified_sample_1000_state_x_month,open,2026-08,2,700.0
vllm,54429,performance,stratified_sample_1000_state_x_month,open,2026-08,0,67.0
vllm,52752,performance,stratified_sample_1000_state_x_month,open,2026-08,2,756.0
vllm,53070,performance,stratified_sample_1000_state_x_month,open,2026-08,1,151.0
vllm,53909,performance,stratified_sample_1000_state_x_month,open,2026-08,2,2086.0
vllm,51613,performance,stratified_sample_1000_state_x_month,open,2026-08,2,719.0
vllm,53003,performance,stratified_sample_1000_state_x_month,open,2026-08,0,16.0
vllm,52680,performance,stratified_sample_1000_state_x_month,open,2026-08,1,329.0
vllm,52831,performance,stratified_sample_1000_state_x_month,open,2026-08,1,282.0
vllm,53273,performance,stratified_sample_1000_state_x_month,open,2026-08,0,15.0
vllm,54068,performance,stratified_sample_1000_state_x_month,open,2026-08,2,1159.0
vllm,53735,performance,stratified_sample_1000_state_x_month,open,2026-08,0,84.0
vllm,51945,performance,stratified_sample_1000_state_x_month,open,2026-08,0,91.0
vllm,52559,performance,stratified_sample_1000_state_x_month,open,2026-08,2,1293.0
vllm,52725,performance,stratified_sample_1000_state_x_month,open,2026-08,0,26.0
vllm,51221,performance,stratified_sample_1000_state_x_month,open,2026-08,1,295.0
vllm,52970,performance,stratified_sample_1000_state_x_month,open,2026-08,0,93.0
vllm,52275,performance,stratified_sample_1000_state_x_month,open,2026-08,1,251.0
vllm,52774,performance,stratified_sample_1000_state_x_month,open,2026-08,1,321.0
vllm,54344,performance,stratified_sample_1000_state_x_month,open,2026-08,1,295.0
vllm,52684,performance,stratified_sample_1000_state_x_month,open,2026-08,0,61.0
vllm,52096,performance,stratified_sample_1000_state_x_month,open,2026-08,1,165.0
vllm,50762,performance,stratified_sample_1000_state_x_month,open,2026-08,0,16.0
vllm,54151,performance,stratified_sample_1000_state_x_month,open,2026-08,2,1317.0
vllm,51919,performance,stratified_sample_1000_state_x_month,open,2026-08,2,1178.0
vllm,52060,performance,stratified_sample_1000_state_x_month,open,2026-08,0,45.0
vllm,52059,performance,stratified_sample_1000_state_x_month,open,2026-08,1,167.0
vllm,53605,performance,stratified_sample_1000_state_x_month,open,2026-08,1,356.0
vllm,52192,performance,stratified_sample_1000_state_x_month,open,2026-08,0,97.0
vllm,52993,performance,stratified_sample_1000_state_x_month,open,2026-08,1,205.0
vllm,50659,performance,stratified_sample_1000_state_x_month,open,2026-08,2,1077.0
vllm,51861,performance,stratified_sample_1000_state_x_month,open,2026-08,1,142.0
vllm,51416,performance,stratified_sample_1000_state_x_month,open,2026-08,2,2243.0
vllm,53410,performance,stratified_sample_1000_state_x_month,open,2026-08,1,200.0
vllm,52652,performance,stratified_sample_1000_state_x_month,open,2026-08,2,788.0
vllm,54637,performance,stratified_sample_1000_state_x_month,open,2026-08,2,3630.0
vllm,51406,performance,stratified_sample_1000_state_x_month,open,2026-08,0,79.0
vllm,53317,performance,stratified_sample_1000_state_x_month,open,2026-08,0,40.0
vllm,52974,performance,stratified_sample_1000_state_x_month,open,2026-08,2,811.0
vllm,53544,performance,stratified_sample_1000_state_x_month,open,2026-08,0,7.0
vllm,54507,performance,stratified_sample_1000_state_x_month,open,2026-08,2,697.0
vllm,51883,performance,stratified_sample_1000_state_x_month,open,2026-08,1,361.0
vllm,51605,performance,stratified_sample_1000_state_x_month,open,2026-08,1,335.0
vllm,54471,performance,stratified_sample_1000_state_x_month,open,2026-08,0,10.0
vllm,53827,performance,stratified_sample_1000_state_x_month,open,2026-08,1,167.0
vllm,53562,performance,stratified_sample_1000_state_x_month,open,2026-08,2,596.0
vllm,51918,performance,stratified_sample_1000_state_x_month,open,2026-08,2,806.0
vllm,54846,performance,stratified_sample_1000_state_x_month,open,2026-09,2,962.0
vllm,58314,performance,stratified_sample_1000_state_x_month,open,2026-09,1,251.0
vllm,57420,performance,stratified_sample_1000_state_x_month,open,2026-09,2,909.0
vllm,55566,performance,stratified_sample_1000_state_x_month,open,2026-09,0,7.0
vllm,58710,performance,stratified_sample_1000_state_x_month,open,2026-09,0,88.0
vllm,56821,performance,stratified_sample_1000_state_x_month,open,2026-09,1,161.0
vllm,58686,performance,stratified_sample_1000_state_x_month,open,2026-09,1,380.0
vllm,55494,performance,stratified_sample_1000_state_x_month,open,2026-09,2,868.0
vllm,58013,performance,stratified_sample_1000_state_x_month,open,2026-09,0,106.0
vllm,57640,performance,stratified_sample_1000_state_x_month,open,2026-09,1,178.0
vllm,58791,performance,stratified_sample_1000_state_x_month,open,2026-09,2,1070.0
vllm,57585,performance,stratified_sample_1000_state_x_month,open,2026-09,0,53.0
vllm,56510,performance,stratified_sample_1000_state_x_month,open,2026-09,0,39.0
vllm,55962,performance,stratified_sample_1000_state_x_month,open,2026-09,2,634.0
vllm,58631,performance,stratified_sample_1000_state_x_month,open,2026-09,1,129.0
vllm,57261,performance,stratified_sample_1000_state_x_month,open,2026-09,1,354.0
vllm,55241,performance,stratified_sample_1000_state_x_month,open,2026-09,2,1035.0
vllm,56036,performance,stratified_sample_1000_state_x_month,open,2026-09,2,890.0
vllm,56085,performance,stratified_sample_1000_state_x_month,open,2026-09,2,730.0
vllm,57443,performance,stratified_sample_1000_state_x_month,open,2026-09,1,147.0
vllm,57925,performance,stratified_sample_1000_state_x_month,open,2026-09,2,20219.0
vllm,58581,performance,stratified_sample_1000_state_x_month,open,2026-09,1,377.0
vllm,59077,performance,stratified_sample_1000_state_x_month,open,2026-09,2,639.0
vllm,54741,performance,stratified_sample_1000_state_x_month,open,2026-09,0,96.0
vllm,56451,performance,stratified_sample_1000_state_x_month,open,2026-09,2,1022.0
vllm,58907,performance,stratified_sample_1000_state_x_month,open,2026-09,1,123.0
vllm,58760,performance,stratified_sample_1000_state_x_month,open,2026-09,1,214.0
vllm,57330,performance,stratified_sample_1000_state_x_month,open,2026-09,0,60.0
vllm,57756,performance,stratified_sample_1000_state_x_month,open,2026-09,2,1004.0
vllm,58403,performance,stratified_sample_1000_state_x_month,open,2026-09,1,143.0
vllm,56177,performance,stratified_sample_1000_state_x_month,open,2026-09,2,5381.0
vllm,59052,performance,stratified_sample_1000_state_x_month,open,2026-09,2,489.0
vllm,58591,performance,stratified_sample_1000_state_x_month,open,2026-09,1,181.0
vllm,58685,performance,stratified_sample_1000_state_x_month,open,2026-09,0,23.0
vllm,57431,performance,stratified_sample_1000_state_x_month,open,2026-09,2,1831.0
vllm,57115,performance,stratified_sample_1000_state_x_month,open,2026-09,2,3316.0
vllm,58982,performance,stratified_sample_1000_state_x_month,open,2026-09,2,505.0
vllm,59069,performance,stratified_sample_1000_state_x_month,open,2026-09,1,386.0
vllm,57930,performance,stratified_sample_1000_state_x_month,open,2026-09,1,198.0
vllm,58074,performance,stratified_sample_1000_state_x_month,open,2026-09,2,953.0
vllm,55678,performance,stratified_sample_1000_state_x_month,open,2026-09,2,1928.0
vllm,55749,performance,stratified_sample_1000_state_x_month,open,2026-09,0,44.0
vllm,58660,performance,stratified_sample_1000_state_x_month,open,2026-09,0,90.0
vllm,57859,performance,stratified_sample_1000_state_x_month,open,2026-09,2,2395.0
vllm,57952,performance,stratified_sample_1000_state_x_month,open,2026-09,2,1597.0
vllm,54976,performance,stratified_sample_1000_state_x_month,open,2026-09,2,2145.0
vllm,57470,performance,stratified_sample_1000_state_x_month,open,2026-09,0,2.0
vllm,58151,performance,stratified_sample_1000_state_x_month,open,2026-09,1,354.0
vllm,59059,performance,stratified_sample_1000_state_x_month,open,2026-09,2,1571.0
vllm,58820,performance,stratified_sample_1000_state_x_month,open,2026-09,2,5748.0
vllm,54705,performance,stratified_sample_1000_state_x_month,open,2026-09,2,632.0
vllm,57463,performance,stratified_sample_1000_state_x_month,open,2026-09,1,416.0
vllm,58354,performance,stratified_sample_1000_state_x_month,open,2026-09,0,35.0
vllm,57329,performance,stratified_sample_1000_state_x_month,open,2026-09,2,689.0
vllm,55917,performance,stratified_sample_1000_state_x_month,open,2026-09,2,3876.0
vllm,55287,performance,stratified_sample_1000_state_x_month,open,2026-09,0,78.0
vllm,57010,performance,stratified_sample_1000_state_x_month,open,2026-09,2,883.0
vllm,58350,performance,stratified_sample_1000_state_x_month,open,2026-09,2,534.0
vllm,57184,performance,stratified_sample_1000_state_x_month,open,2026-09,2,2739.0
vllm,57442,performance,stratified_sample_1000_state_x_month,open,2026-09,2,460.0
vllm,56996,performance,stratified_sample_1000_state_x_month,open,2026-09,0,66.0
vllm,58798,performance,stratified_sample_1000_state_x_month,open,2026-09,2,679.0
vllm,55260,performance,stratified_sample_1000_state_x_month,open,2026-09,2,7652.0
vllm,58122,performance,stratified_sample_1000_state_x_month,open,2026-09,2,551.0
vllm,58763,performance,stratified_sample_1000_state_x_month,open,2026-09,0,38.0
vllm,56322,performance,stratified_sample_1000_state_x_month,open,2026-09,2,1103.0
vllm,58632,performance,stratified_sample_1000_state_x_month,open,2026-09,1,294.0
vllm,56577,performance,stratified_sample_1000_state_x_month,open,2026-09,2,614.0
vllm,57750,performance,stratified_sample_1000_state_x_month,open,2026-09,0,5.0
vllm,58305,performance,stratified_sample_1000_state_x_month,open,2026-09,1,277.0
vllm,58495,performance,stratified_sample_1000_state_x_month,open,2026-09,2,615.0
vllm,58536,performance,stratified_sample_1000_state_x_month,open,2026-09,1,319.0
vllm,59035,performance,stratified_sample_1000_state_x_month,open,2026-09,1,262.0
vllm,57627,performance,stratified_sample_1000_state_x_month,open,2026-09,0,78.0
vllm,54669,performance,stratified_sample_1000_state_x_month,open,2026-09,0,62.0
vllm,57856,performance,stratified_sample_1000_state_x_month,open,2026-09,0,53.0
vllm,58868,performance,stratified_sample_1000_state_x_month,open,2026-09,1,154.0
vllm,58953,performance,stratified_sample_1000_state_x_month,open,2026-09,1,242.0
vllm,56694,performance,stratified_sample_1000_state_x_month,open,2026-09,2,1605.0
vllm,58872,performance,stratified_sample_1000_state_x_month,open,2026-09,0,56.0
vllm,56686,performance,stratified_sample_1000_state_x_month,open,2026-09,1,370.0
vllm,58989,performance,stratified_sample_1000_state_x_month,open,2026-09,0,10.0
vllm,58542,performance,stratified_sample_1000_state_x_month,open,2026-09,0,115.0
vllm,56502,performance,stratified_sample_1000_state_x_month,open,2026-09,1,122.0
vllm,56750,performance,stratified_sample_1000_state_x_month,open,2026-09,0,29.0
vllm,58547,performance,stratified_sample_1000_state_x_month,open,2026-09,1,261.0
vllm,56232,performance,stratified_sample_1000_state_x_month,open,2026-09,1,425.0
vllm,57569,performance,stratified_sample_1000_state_x_month,open,2026-09,1,402.0
vllm,57547,performance,stratified_sample_1000_state_x_month,open,2026-09,2,611.0
vllm,57474,performance,stratified_sample_1000_state_x_month,open,2026-09,1,169.0
vllm,57832,performance,stratified_sample_1000_state_x_month,open,2026-09,2,1191.0
vllm,58837,performance,stratified_sample_1000_state_x_month,open,2026-09,2,811.0
vllm,55860,performance,stratified_sample_1000_state_x_month,open,2026-09,0,49.0
vllm,58381,performance,stratified_sample_1000_state_x_month,open,2026-09,1,163.0
vllm,56321,performance,stratified_sample_1000_state_x_month,open,2026-09,0,13.0
vllm,54899,performance,stratified_sample_1000_state_x_month,open,2026-09,2,746.0
vllm,58539,performance,stratified_sample_1000_state_x_month,open,2026-09,0,21.0
vllm,55372,performance,stratified_sample_1000_state_x_month,open,2026-09,2,446.0
vllm,57979,performance,stratified_sample_1000_state_x_month,open,2026-09,0,73.0
vllm,54916,performance,stratified_sample_1000_state_x_month,open,2026-09,1,144.0
vllm,56301,performance,stratified_sample_1000_state_x_month,open,2026-09,1,362.0
vllm,56765,performance,stratified_sample_1000_state_x_month,open,2026-09,2,472.0
vllm,58126,performance,stratified_sample_1000_state_x_month,open,2026-09,1,159.0
vllm,55876,performance,stratified_sample_1000_state_x_month,open,2026-09,2,2607.0
vllm,55711,performance,stratified_sample_1000_state_x_month,open,2026-09,2,635.0
vllm,57753,performance,stratified_sample_1000_state_x_month,open,2026-09,0,14.0
vllm,56466,performance,stratified_sample_1000_state_x_month,open,2026-09,2,3271.0
vllm,58164,performance,stratified_sample_1000_state_x_month,open,2026-09,1,252.0
vllm,56326,performance,stratified_sample_1000_state_x_month,open,2026-09,1,142.0
vllm,57286,performance,stratified_sample_1000_state_x_month,open,2026-09,0,63.0
vllm,58405,performance,stratified_sample_1000_state_x_month,open,2026-09,0,27.0
vllm,57978,performance,stratified_sample_1000_state_x_month,open,2026-09,1,215.0
vllm,56782,performance,stratified_sample_1000_state_x_month,open,2026-09,2,1104.0
vllm,57773,performance,stratified_sample_1000_state_x_month,open,2026-09,2,470.0
vllm,56944,performance,stratified_sample_1000_state_x_month,open,2026-09,1,195.0
vllm,56874,performance,stratified_sample_1000_state_x_month,open,2026-09,2,934.0
vllm,56226,performance,stratified_sample_1000_state_x_month,open,2026-09,1,255.0
vllm,55156,performance,stratified_sample_1000_state_x_month,open,2026-09,0,43.0
vllm,55543,performance,stratified_sample_1000_state_x_month,open,2026-09,2,681.0
vllm,47040,performance,stratified_sample_1000_state_x_month,merged,2026-06,0,84.0
vllm,25975,comparison,matched_month_x_sizebin_x_state,closed,2025-09,1,437.0
vllm,25893,comparison,matched_month_x_sizebin_x_state,merged,2025-09,1,165.0
vllm,25852,comparison,matched_month_x_sizebin_x_state,closed,2025-09,2,676.0
vllm,25963,comparison,matched_month_x_sizebin_x_state,merged,2025-09,2,626.0
vllm,26411,comparison,matched_month_x_sizebin_x_state,closed,2025-10,0,11.0
vllm,26062,comparison,matched_month_x_sizebin_x_state,closed,2025-10,0,12.0
vllm,26005,comparison,matched_month_x_sizebin_x_state,merged,2025-10,0,2.0
vllm,27436,comparison,matched_month_x_sizebin_x_state,merged,2025-10,0,2.0
vllm,26231,comparison,matched_month_x_sizebin_x_state,merged,2025-10,0,10.0
vllm,26834,comparison,matched_month_x_sizebin_x_state,merged,2025-10,0,16.0
vllm,27213,comparison,matched_month_x_sizebin_x_state,merged,2025-10,0,9.0
vllm,26401,comparison,matched_month_x_sizebin_x_state,merged,2025-10,0,27.0
vllm,27363,comparison,matched_month_x_sizebin_x_state,merged,2025-10,0,4.0
vllm,26498,comparison,matched_month_x_sizebin_x_state,closed,2025-10,1,167.0
vllm,26667,comparison,matched_month_x_sizebin_x_state,closed,2025-10,1,193.0
vllm,26939,comparison,matched_month_x_sizebin_x_state,closed,2025-10,1,329.0
vllm,26230,comparison,matched_month_x_sizebin_x_state,merged,2025-10,1,190.0
vllm,26487,comparison,matched_month_x_sizebin_x_state,merged,2025-10,1,229.0
vllm,26424,comparison,matched_month_x_sizebin_x_state,merged,2025-10,1,176.0
vllm,27701,comparison,matched_month_x_sizebin_x_state,merged,2025-10,1,240.0
vllm,26283,comparison,matched_month_x_sizebin_x_state,closed,2025-10,2,5137.0
vllm,27396,comparison,matched_month_x_sizebin_x_state,closed,2025-10,2,1558.0
vllm,27534,comparison,matched_month_x_sizebin_x_state,closed,2025-10,2,540.0
vllm,26235,comparison,matched_month_x_sizebin_x_state,closed,2025-10,2,600.0
vllm,26254,comparison,matched_month_x_sizebin_x_state,merged,2025-10,2,543.0
vllm,26010,comparison,matched_month_x_sizebin_x_state,merged,2025-10,2,928.0
vllm,28799,comparison,matched_month_x_sizebin_x_state,closed,2025-11,0,36.0
vllm,28405,comparison,matched_month_x_sizebin_x_state,closed,2025-11,0,27.0
vllm,28315,comparison,matched_month_x_sizebin_x_state,merged,2025-11,0,93.0
vllm,29253,comparison,matched_month_x_sizebin_x_state,merged,2025-11,0,8.0
vllm,28272,comparison,matched_month_x_sizebin_x_state,merged,2025-11,0,21.0
vllm,29411,comparison,matched_month_x_sizebin_x_state,merged,2025-11,0,3.0
vllm,29236,comparison,matched_month_x_sizebin_x_state,closed,2025-11,1,232.0
vllm,29437,comparison,matched_month_x_sizebin_x_state,closed,2025-11,1,263.0
vllm,27980,comparison,matched_month_x_sizebin_x_state,closed,2025-11,1,169.0
vllm,28558,comparison,matched_month_x_sizebin_x_state,merged,2025-11,1,266.0
vllm,29477,comparison,matched_month_x_sizebin_x_state,merged,2025-11,1,418.0
vllm,28878,comparison,matched_month_x_sizebin_x_state,merged,2025-11,1,185.0
vllm,29162,comparison,matched_month_x_sizebin_x_state,merged,2025-11,1,417.0
vllm,29197,comparison,matched_month_x_sizebin_x_state,merged,2025-11,1,436.0
vllm,28493,comparison,matched_month_x_sizebin_x_state,merged,2025-11,1,130.0
vllm,27935,comparison,matched_month_x_sizebin_x_state,open,2025-11,1,392.0
vllm,28793,comparison,matched_month_x_sizebin_x_state,closed,2025-11,2,2190.0
vllm,28775,comparison,matched_month_x_sizebin_x_state,merged,2025-11,2,1143.0
vllm,28874,comparison,matched_month_x_sizebin_x_state,merged,2025-11,2,564.0
vllm,28053,comparison,matched_month_x_sizebin_x_state,merged,2025-11,2,724.0
vllm,29184,comparison,matched_month_x_sizebin_x_state,merged,2025-11,2,952.0
vllm,30146,comparison,matched_month_x_sizebin_x_state,closed,2025-12,0,60.0
vllm,31347,comparison,matched_month_x_sizebin_x_state,closed,2025-12,0,16.0
vllm,31365,comparison,matched_month_x_sizebin_x_state,closed,2025-12,0,6.0
vllm,31117,comparison,matched_month_x_sizebin_x_state,merged,2025-12,0,4.0
vllm,31550,comparison,matched_month_x_sizebin_x_state,merged,2025-12,0,46.0
vllm,30292,comparison,matched_month_x_sizebin_x_state,merged,2025-12,0,11.0
vllm,30852,comparison,matched_month_x_sizebin_x_state,merged,2025-12,0,4.0
vllm,31243,comparison,matched_month_x_sizebin_x_state,closed,2025-12,1,232.0
vllm,30500,comparison,matched_month_x_sizebin_x_state,closed,2025-12,1,398.0
vllm,29798,comparison,matched_month_x_sizebin_x_state,merged,2025-12,1,363.0
vllm,30967,comparison,matched_month_x_sizebin_x_state,merged,2025-12,1,286.0
vllm,29891,comparison,matched_month_x_sizebin_x_state,merged,2025-12,1,191.0
vllm,30054,comparison,matched_month_x_sizebin_x_state,merged,2025-12,1,356.0
vllm,30520,comparison,matched_month_x_sizebin_x_state,open,2025-12,1,372.0
vllm,31543,comparison,matched_month_x_sizebin_x_state,closed,2025-12,2,2185.0
vllm,30063,comparison,matched_month_x_sizebin_x_state,closed,2025-12,2,1993.0
vllm,30192,comparison,matched_month_x_sizebin_x_state,closed,2025-12,2,1601.0
vllm,30468,comparison,matched_month_x_sizebin_x_state,closed,2025-12,2,1689.0
vllm,30200,comparison,matched_month_x_sizebin_x_state,merged,2025-12,2,3726.0
vllm,29837,comparison,matched_month_x_sizebin_x_state,merged,2025-12,2,618.0
vllm,33154,comparison,matched_month_x_sizebin_x_state,closed,2026-01,0,17.0
vllm,32978,comparison,matched_month_x_sizebin_x_state,closed,2026-01,0,2.0
vllm,31983,comparison,matched_month_x_sizebin_x_state,closed,2026-01,0,7.0
vllm,32519,comparison,matched_month_x_sizebin_x_state,closed,2026-01,0,17.0
vllm,31711,comparison,matched_month_x_sizebin_x_state,merged,2026-01,0,16.0
vllm,31841,comparison,matched_month_x_sizebin_x_state,merged,2026-01,0,17.0
vllm,32153,comparison,matched_month_x_sizebin_x_state,merged,2026-01,0,2.0
vllm,33350,comparison,matched_month_x_sizebin_x_state,merged,2026-01,0,2.0
vllm,32677,comparison,matched_month_x_sizebin_x_state,open,2026-01,0,27.0
vllm,32379,comparison,matched_month_x_sizebin_x_state,closed,2026-01,1,209.0
vllm,31672,comparison,matched_month_x_sizebin_x_state,closed,2026-01,1,196.0
vllm,32433,comparison,matched_month_x_sizebin_x_state,merged,2026-01,1,130.0
vllm,33322,comparison,matched_month_x_sizebin_x_state,merged,2026-01,1,150.0
vllm,32609,comparison,matched_month_x_sizebin_x_state,merged,2026-01,1,167.0
vllm,32111,comparison,matched_month_x_sizebin_x_state,merged,2026-01,1,288.0
vllm,33066,comparison,matched_month_x_sizebin_x_state,closed,2026-01,2,5494.0
vllm,32043,comparison,matched_month_x_sizebin_x_state,closed,2026-01,2,682.0
vllm,31900,comparison,matched_month_x_sizebin_x_state,closed,2026-01,2,985.0
vllm,33343,comparison,matched_month_x_sizebin_x_state,closed,2026-01,2,593.0
vllm,33190,comparison,matched_month_x_sizebin_x_state,closed,2026-01,2,11386.0
vllm,32121,comparison,matched_month_x_sizebin_x_state,merged,2026-01,2,919.0
vllm,31972,comparison,matched_month_x_sizebin_x_state,merged,2026-01,2,588.0
vllm,32650,comparison,matched_month_x_sizebin_x_state,merged,2026-01,2,590.0
vllm,32757,comparison,matched_month_x_sizebin_x_state,merged,2026-01,2,697.0
vllm,34430,comparison,matched_month_x_sizebin_x_state,closed,2026-02,0,71.0
vllm,34019,comparison,matched_month_x_sizebin_x_state,closed,2026-02,0,76.0
vllm,35479,comparison,matched_month_x_sizebin_x_state,closed,2026-02,0,4.0
vllm,34143,comparison,matched_month_x_sizebin_x_state,closed,2026-02,0,2.0
vllm,34890,comparison,matched_month_x_sizebin_x_state,merged,2026-02,0,32.0
vllm,34215,comparison,matched_month_x_sizebin_x_state,merged,2026-02,0,3.0
vllm,35189,comparison,matched_month_x_sizebin_x_state,merged,2026-02,0,14.0
vllm,34841,comparison,matched_month_x_sizebin_x_state,merged,2026-02,0,6.0
vllm,35199,comparison,matched_month_x_sizebin_x_state,merged,2026-02,0,12.0
vllm,35052,comparison,matched_month_x_sizebin_x_state,merged,2026-02,0,65.0
vllm,33613,comparison,matched_month_x_sizebin_x_state,merged,2026-02,0,76.0
vllm,35488,comparison,matched_month_x_sizebin_x_state,closed,2026-02,1,227.0
vllm,35629,comparison,matched_month_x_sizebin_x_state,closed,2026-02,1,403.0
vllm,33979,comparison,matched_month_x_sizebin_x_state,closed,2026-02,1,133.0
vllm,34682,comparison,matched_month_x_sizebin_x_state,closed,2026-02,1,128.0
vllm,35383,comparison,matched_month_x_sizebin_x_state,merged,2026-02,1,202.0
vllm,33992,comparison,matched_month_x_sizebin_x_state,merged,2026-02,1,339.0
vllm,35431,comparison,matched_month_x_sizebin_x_state,merged,2026-02,1,225.0
vllm,34435,comparison,matched_month_x_sizebin_x_state,merged,2026-02,1,246.0
vllm,33723,comparison,matched_month_x_sizebin_x_state,open,2026-02,1,285.0
vllm,35425,comparison,matched_month_x_sizebin_x_state,closed,2026-02,2,1228.0
vllm,33947,comparison,matched_month_x_sizebin_x_state,closed,2026-02,2,584.0
vllm,34539,comparison,matched_month_x_sizebin_x_state,merged,2026-02,2,1268.0
vllm,34170,comparison,matched_month_x_sizebin_x_state,merged,2026-02,2,1102.0
vllm,35339,comparison,matched_month_x_sizebin_x_state,merged,2026-02,2,2030.0
vllm,33971,comparison,matched_month_x_sizebin_x_state,merged,2026-02,2,472.0
vllm,33592,comparison,matched_month_x_sizebin_x_state,open,2026-02,2,677.0
vllm,35073,comparison,matched_month_x_sizebin_x_state,open,2026-02,2,1504.0
vllm,36495,comparison,matched_month_x_sizebin_x_state,closed,2026-03,0,13.0
vllm,35988,comparison,matched_month_x_sizebin_x_state,closed,2026-03,0,91.0
vllm,36373,comparison,matched_month_x_sizebin_x_state,closed,2026-03,0,31.0
vllm,35978,comparison,matched_month_x_sizebin_x_state,closed,2026-03,0,25.0
vllm,36150,comparison,matched_month_x_sizebin_x_state,merged,2026-03,0,55.0
vllm,37300,comparison,matched_month_x_sizebin_x_state,merged,2026-03,0,2.0
vllm,37014,comparison,matched_month_x_sizebin_x_state,merged,2026-03,0,52.0
vllm,35892,comparison,matched_month_x_sizebin_x_state,merged,2026-03,0,14.0
vllm,38062,comparison,matched_month_x_sizebin_x_state,merged,2026-03,0,9.0
vllm,37573,comparison,matched_month_x_sizebin_x_state,merged,2026-03,0,2.0
vllm,37873,comparison,matched_month_x_sizebin_x_state,merged,2026-03,0,2.0
vllm,36787,comparison,matched_month_x_sizebin_x_state,merged,2026-03,0,29.0
vllm,36740,comparison,matched_month_x_sizebin_x_state,open,2026-03,0,105.0
vllm,38462,comparison,matched_month_x_sizebin_x_state,open,2026-03,0,37.0
vllm,35936,comparison,matched_month_x_sizebin_x_state,closed,2026-03,1,383.0
vllm,35682,comparison,matched_month_x_sizebin_x_state,closed,2026-03,1,169.0
vllm,38055,comparison,matched_month_x_sizebin_x_state,closed,2026-03,1,228.0
vllm,38449,comparison,matched_month_x_sizebin_x_state,closed,2026-03,1,258.0
vllm,36889,comparison,matched_month_x_sizebin_x_state,closed,2026-03,1,123.0
vllm,36974,comparison,matched_month_x_sizebin_x_state,closed,2026-03,1,367.0
vllm,37902,comparison,matched_month_x_sizebin_x_state,merged,2026-03,1,335.0
vllm,36536,comparison,matched_month_x_sizebin_x_state,merged,2026-03,1,135.0
vllm,38040,comparison,matched_month_x_sizebin_x_state,merged,2026-03,1,263.0
vllm,37095,comparison,matched_month_x_sizebin_x_state,open,2026-03,1,324.0
vllm,38007,comparison,matched_month_x_sizebin_x_state,open,2026-03,1,250.0
vllm,36444,comparison,matched_month_x_sizebin_x_state,closed,2026-03,2,1084334.0
vllm,38625,comparison,matched_month_x_sizebin_x_state,closed,2026-03,2,606.0
vllm,37767,comparison,matched_month_x_sizebin_x_state,closed,2026-03,2,1906.0
vllm,36046,comparison,matched_month_x_sizebin_x_state,closed,2026-03,2,771.0
vllm,37417,comparison,matched_month_x_sizebin_x_state,closed,2026-03,2,1322.0
vllm,36555,comparison,matched_month_x_sizebin_x_state,closed,2026-03,2,40355.0
vllm,35986,comparison,matched_month_x_sizebin_x_state,merged,2026-03,2,615.0
vllm,37874,comparison,matched_month_x_sizebin_x_state,merged,2026-03,2,1206.0
vllm,37990,comparison,matched_month_x_sizebin_x_state,merged,2026-03,2,803.0
vllm,38207,comparison,matched_month_x_sizebin_x_state,merged,2026-03,2,2570.0
vllm,37601,comparison,matched_month_x_sizebin_x_state,merged,2026-03,2,588.0
vllm,37636,comparison,matched_month_x_sizebin_x_state,merged,2026-03,2,3355.0
vllm,37549,comparison,matched_month_x_sizebin_x_state,open,2026-03,2,810.0
vllm,36512,comparison,matched_month_x_sizebin_x_state,open,2026-03,2,2057.0
vllm,40836,comparison,matched_month_x_sizebin_x_state,closed,2026-04,0,18.0
vllm,41223,comparison,matched_month_x_sizebin_x_state,closed,2026-04,0,42.0
vllm,41347,comparison,matched_month_x_sizebin_x_state,closed,2026-04,0,14.0
vllm,41301,comparison,matched_month_x_sizebin_x_state,closed,2026-04,0,2.0
vllm,40423,comparison,matched_month_x_sizebin_x_state,closed,2026-04,0,19.0
vllm,41039,comparison,matched_month_x_sizebin_x_state,closed,2026-04,0,60.0
vllm,41047,comparison,matched_month_x_sizebin_x_state,closed,2026-04,0,108.0
vllm,41212,comparison,matched_month_x_sizebin_x_state,closed,2026-04,0,10.0
vllm,40133,comparison,matched_month_x_sizebin_x_state,merged,2026-04,0,106.0
vllm,38759,comparison,matched_month_x_sizebin_x_state,merged,2026-04,0,2.0
vllm,41388,comparison,matched_month_x_sizebin_x_state,open,2026-04,0,46.0
vllm,40832,comparison,matched_month_x_sizebin_x_state,open,2026-04,0,63.0
vllm,39489,comparison,matched_month_x_sizebin_x_state,closed,2026-04,1,241.0
vllm,41316,comparison,matched_month_x_sizebin_x_state,closed,2026-04,1,359.0
vllm,39050,comparison,matched_month_x_sizebin_x_state,closed,2026-04,1,227.0
vllm,39403,comparison,matched_month_x_sizebin_x_state,merged,2026-04,1,129.0
vllm,41318,comparison,matched_month_x_sizebin_x_state,merged,2026-04,1,166.0
vllm,41133,comparison,matched_month_x_sizebin_x_state,merged,2026-04,1,186.0
vllm,39091,comparison,matched_month_x_sizebin_x_state,merged,2026-04,1,173.0
vllm,39212,comparison,matched_month_x_sizebin_x_state,merged,2026-04,1,342.0
vllm,39307,comparison,matched_month_x_sizebin_x_state,merged,2026-04,1,117.0
vllm,40623,comparison,matched_month_x_sizebin_x_state,merged,2026-04,1,186.0
vllm,40418,comparison,matched_month_x_sizebin_x_state,open,2026-04,1,170.0
vllm,41193,comparison,matched_month_x_sizebin_x_state,open,2026-04,1,379.0
vllm,38813,comparison,matched_month_x_sizebin_x_state,open,2026-04,1,248.0
vllm,41245,comparison,matched_month_x_sizebin_x_state,closed,2026-04,2,643.0
vllm,38871,comparison,matched_month_x_sizebin_x_state,closed,2026-04,2,5785.0
vllm,40943,comparison,matched_month_x_sizebin_x_state,closed,2026-04,2,637.0
vllm,39689,comparison,matched_month_x_sizebin_x_state,closed,2026-04,2,1064.0
vllm,40323,comparison,matched_month_x_sizebin_x_state,closed,2026-04,2,2561.0
vllm,40139,comparison,matched_month_x_sizebin_x_state,closed,2026-04,2,716.0
vllm,38949,comparison,matched_month_x_sizebin_x_state,closed,2026-04,2,1166437.0
vllm,41423,comparison,matched_month_x_sizebin_x_state,merged,2026-04,2,551.0
vllm,40167,comparison,matched_month_x_sizebin_x_state,merged,2026-04,2,718.0
vllm,39400,comparison,matched_month_x_sizebin_x_state,merged,2026-04,2,696.0
vllm,40164,comparison,matched_month_x_sizebin_x_state,merged,2026-04,2,531.0
vllm,39531,comparison,matched_month_x_sizebin_x_state,merged,2026-04,2,4285.0
vllm,40967,comparison,matched_month_x_sizebin_x_state,merged,2026-04,2,4742.0
vllm,39947,comparison,matched_month_x_sizebin_x_state,open,2026-04,2,14736.0
vllm,39800,comparison,matched_month_x_sizebin_x_state,open,2026-04,2,625.0
vllm,39544,comparison,matched_month_x_sizebin_x_state,open,2026-04,2,455.0
vllm,40819,comparison,matched_month_x_sizebin_x_state,open,2026-04,2,742.0
vllm,44016,comparison,matched_month_x_sizebin_x_state,closed,2026-05,0,86.0
vllm,41533,comparison,matched_month_x_sizebin_x_state,closed,2026-05,0,2.0
vllm,41498,comparison,matched_month_x_sizebin_x_state,closed,2026-05,0,10.0
vllm,41912,comparison,matched_month_x_sizebin_x_state,closed,2026-05,0,27.0
vllm,41757,comparison,matched_month_x_sizebin_x_state,closed,2026-05,0,16.0
vllm,43072,comparison,matched_month_x_sizebin_x_state,closed,2026-05,0,20.0
vllm,43236,comparison,matched_month_x_sizebin_x_state,merged,2026-05,0,7.0
vllm,42306,comparison,matched_month_x_sizebin_x_state,merged,2026-05,0,17.0
vllm,43957,comparison,matched_month_x_sizebin_x_state,merged,2026-05,0,45.0
vllm,42176,comparison,matched_month_x_sizebin_x_state,merged,2026-05,0,3.0
vllm,42392,comparison,matched_month_x_sizebin_x_state,merged,2026-05,0,9.0
vllm,44070,comparison,matched_month_x_sizebin_x_state,merged,2026-05,0,4.0
vllm,41572,comparison,matched_month_x_sizebin_x_state,merged,2026-05,0,6.0
vllm,43830,comparison,matched_month_x_sizebin_x_state,merged,2026-05,0,2.0
vllm,41857,comparison,matched_month_x_sizebin_x_state,merged,2026-05,0,5.0
vllm,42373,comparison,matched_month_x_sizebin_x_state,merged,2026-05,0,4.0
vllm,44054,comparison,matched_month_x_sizebin_x_state,open,2026-05,0,20.0
vllm,43459,comparison,matched_month_x_sizebin_x_state,open,2026-05,0,30.0
vllm,42519,comparison,matched_month_x_sizebin_x_state,open,2026-05,0,105.0
vllm,42524,comparison,matched_month_x_sizebin_x_state,open,2026-05,0,37.0
vllm,43714,comparison,matched_month_x_sizebin_x_state,closed,2026-05,1,221.0
vllm,41648,comparison,matched_month_x_sizebin_x_state,closed,2026-05,1,339.0
vllm,41742,comparison,matched_month_x_sizebin_x_state,closed,2026-05,1,290.0
vllm,44045,comparison,matched_month_x_sizebin_x_state,closed,2026-05,1,204.0
vllm,43463,comparison,matched_month_x_sizebin_x_state,merged,2026-05,1,408.0
vllm,41706,comparison,matched_month_x_sizebin_x_state,merged,2026-05,1,355.0
vllm,41744,comparison,matched_month_x_sizebin_x_state,merged,2026-05,1,224.0
vllm,43245,comparison,matched_month_x_sizebin_x_state,merged,2026-05,1,256.0
vllm,43698,comparison,matched_month_x_sizebin_x_state,open,2026-05,1,284.0
vllm,42221,comparison,matched_month_x_sizebin_x_state,open,2026-05,1,180.0
vllm,43694,comparison,matched_month_x_sizebin_x_state,open,2026-05,1,383.0
vllm,41897,comparison,matched_month_x_sizebin_x_state,open,2026-05,1,427.0
vllm,42589,comparison,matched_month_x_sizebin_x_state,closed,2026-05,2,953.0
vllm,41502,comparison,matched_month_x_sizebin_x_state,closed,2026-05,2,3620.0
vllm,42193,comparison,matched_month_x_sizebin_x_state,closed,2026-05,2,772.0
vllm,41683,comparison,matched_month_x_sizebin_x_state,closed,2026-05,2,13618.0
vllm,43302,comparison,matched_month_x_sizebin_x_state,closed,2026-05,2,697.0
vllm,42981,comparison,matched_month_x_sizebin_x_state,closed,2026-05,2,1009.0
vllm,42011,comparison,matched_month_x_sizebin_x_state,closed,2026-05,2,2016.0
vllm,42663,comparison,matched_month_x_sizebin_x_state,merged,2026-05,2,1451.0
vllm,42285,comparison,matched_month_x_sizebin_x_state,merged,2026-05,2,7471.0
vllm,42406,comparison,matched_month_x_sizebin_x_state,merged,2026-05,2,1177.0
vllm,42977,comparison,matched_month_x_sizebin_x_state,merged,2026-05,2,536.0
vllm,42877,comparison,matched_month_x_sizebin_x_state,open,2026-05,2,896.0
vllm,43589,comparison,matched_month_x_sizebin_x_state,open,2026-05,2,585.0
vllm,44095,comparison,matched_month_x_sizebin_x_state,open,2026-05,2,1242.0
vllm,43165,comparison,matched_month_x_sizebin_x_state,open,2026-05,2,703.0
vllm,46465,comparison,matched_month_x_sizebin_x_state,closed,2026-06,0,65.0
vllm,47170,comparison,matched_month_x_sizebin_x_state,closed,2026-06,0,31.0
vllm,46675,comparison,matched_month_x_sizebin_x_state,closed,2026-06,0,2.0
vllm,44916,comparison,matched_month_x_sizebin_x_state,closed,2026-06,0,4.0
vllm,45170,comparison,matched_month_x_sizebin_x_state,merged,2026-06,0,34.0
vllm,46705,comparison,matched_month_x_sizebin_x_state,merged,2026-06,0,51.0
vllm,44419,comparison,matched_month_x_sizebin_x_state,merged,2026-06,0,15.0
vllm,45548,comparison,matched_month_x_sizebin_x_state,merged,2026-06,0,92.0
vllm,45307,comparison,matched_month_x_sizebin_x_state,merged,2026-06,0,7.0
vllm,45757,comparison,matched_month_x_sizebin_x_state,merged,2026-06,0,114.0
vllm,46303,comparison,matched_month_x_sizebin_x_state,merged,2026-06,0,20.0
vllm,44684,comparison,matched_month_x_sizebin_x_state,open,2026-06,0,21.0
vllm,45817,comparison,matched_month_x_sizebin_x_state,open,2026-06,0,13.0
vllm,46907,comparison,matched_month_x_sizebin_x_state,open,2026-06,0,20.0
vllm,45435,comparison,matched_month_x_sizebin_x_state,open,2026-06,0,46.0
vllm,45882,comparison,matched_month_x_sizebin_x_state,closed,2026-06,1,310.0
vllm,45565,comparison,matched_month_x_sizebin_x_state,closed,2026-06,1,374.0
vllm,44969,comparison,matched_month_x_sizebin_x_state,merged,2026-06,1,178.0
vllm,46913,comparison,matched_month_x_sizebin_x_state,merged,2026-06,1,162.0
vllm,45510,comparison,matched_month_x_sizebin_x_state,merged,2026-06,1,212.0
vllm,45127,comparison,matched_month_x_sizebin_x_state,merged,2026-06,1,313.0
vllm,46361,comparison,matched_month_x_sizebin_x_state,merged,2026-06,1,195.0
vllm,45030,comparison,matched_month_x_sizebin_x_state,merged,2026-06,1,419.0
vllm,47158,comparison,matched_month_x_sizebin_x_state,merged,2026-06,1,119.0
vllm,44436,comparison,matched_month_x_sizebin_x_state,merged,2026-06,1,339.0
vllm,46278,comparison,matched_month_x_sizebin_x_state,merged,2026-06,1,260.0
vllm,46647,comparison,matched_month_x_sizebin_x_state,merged,2026-06,1,438.0
vllm,45935,comparison,matched_month_x_sizebin_x_state,merged,2026-06,1,231.0
vllm,46415,comparison,matched_month_x_sizebin_x_state,merged,2026-06,1,122.0
vllm,44633,comparison,matched_month_x_sizebin_x_state,open,2026-06,1,246.0
vllm,45545,comparison,matched_month_x_sizebin_x_state,open,2026-06,1,415.0
vllm,45819,comparison,matched_month_x_sizebin_x_state,open,2026-06,1,185.0
vllm,46110,comparison,matched_month_x_sizebin_x_state,open,2026-06,1,128.0
vllm,44355,comparison,matched_month_x_sizebin_x_state,open,2026-06,1,278.0
vllm,46617,comparison,matched_month_x_sizebin_x_state,open,2026-06,1,326.0
vllm,44661,comparison,matched_month_x_sizebin_x_state,closed,2026-06,2,3138.0
vllm,46498,comparison,matched_month_x_sizebin_x_state,closed,2026-06,2,5318.0
vllm,46178,comparison,matched_month_x_sizebin_x_state,closed,2026-06,2,1982.0
vllm,46653,comparison,matched_month_x_sizebin_x_state,closed,2026-06,2,5681.0
vllm,46357,comparison,matched_month_x_sizebin_x_state,closed,2026-06,2,406291.0
vllm,44884,comparison,matched_month_x_sizebin_x_state,merged,2026-06,2,503.0
vllm,47207,comparison,matched_month_x_sizebin_x_state,merged,2026-06,2,1101.0
vllm,45163,comparison,matched_month_x_sizebin_x_state,merged,2026-06,2,2933.0
vllm,46427,comparison,matched_month_x_sizebin_x_state,open,2026-06,2,950.0
vllm,44445,comparison,matched_month_x_sizebin_x_state,open,2026-06,2,1936.0
vllm,45982,comparison,matched_month_x_sizebin_x_state,open,2026-06,2,3654.0
vllm,46005,comparison,matched_month_x_sizebin_x_state,open,2026-06,2,490.0
vllm,45018,comparison,matched_month_x_sizebin_x_state,open,2026-06,2,729.0
vllm,46395,comparison,matched_month_x_sizebin_x_state,open,2026-06,2,1403.0
vllm,47500,comparison,matched_month_x_sizebin_x_state,closed,2026-07,0,115.0
vllm,47499,comparison,matched_month_x_sizebin_x_state,closed,2026-07,0,5.0
vllm,48345,comparison,matched_month_x_sizebin_x_state,closed,2026-07,0,0.0
vllm,49873,comparison,matched_month_x_sizebin_x_state,closed,2026-07,0,12.0
vllm,49846,comparison,matched_month_x_sizebin_x_state,merged,2026-07,0,70.0
vllm,49498,comparison,matched_month_x_sizebin_x_state,merged,2026-07,0,35.0
vllm,47554,comparison,matched_month_x_sizebin_x_state,merged,2026-07,0,6.0
vllm,49391,comparison,matched_month_x_sizebin_x_state,merged,2026-07,0,116.0
vllm,47797,comparison,matched_month_x_sizebin_x_state,merged,2026-07,0,4.0
vllm,49435,comparison,matched_month_x_sizebin_x_state,merged,2026-07,0,114.0
vllm,47568,comparison,matched_month_x_sizebin_x_state,merged,2026-07,0,15.0
vllm,50405,comparison,matched_month_x_sizebin_x_state,merged,2026-07,0,5.0
vllm,49380,comparison,matched_month_x_sizebin_x_state,merged,2026-07,0,7.0
vllm,49113,comparison,matched_month_x_sizebin_x_state,merged,2026-07,0,59.0
vllm,48440,comparison,matched_month_x_sizebin_x_state,merged,2026-07,0,12.0
vllm,47238,comparison,matched_month_x_sizebin_x_state,merged,2026-07,0,27.0
vllm,50115,comparison,matched_month_x_sizebin_x_state,open,2026-07,0,65.0
vllm,49102,comparison,matched_month_x_sizebin_x_state,open,2026-07,0,18.0
vllm,48551,comparison,matched_month_x_sizebin_x_state,open,2026-07,0,73.0
vllm,47833,comparison,matched_month_x_sizebin_x_state,open,2026-07,0,109.0
vllm,48672,comparison,matched_month_x_sizebin_x_state,open,2026-07,0,93.0
vllm,48386,comparison,matched_month_x_sizebin_x_state,open,2026-07,0,57.0
vllm,49386,comparison,matched_month_x_sizebin_x_state,closed,2026-07,1,172.0
vllm,50559,comparison,matched_month_x_sizebin_x_state,closed,2026-07,1,163.0
vllm,50069,comparison,matched_month_x_sizebin_x_state,closed,2026-07,1,132.0
vllm,50341,comparison,matched_month_x_sizebin_x_state,closed,2026-07,1,123.0
vllm,49184,comparison,matched_month_x_sizebin_x_state,closed,2026-07,1,126.0
vllm,47388,comparison,matched_month_x_sizebin_x_state,merged,2026-07,1,284.0
vllm,48046,comparison,matched_month_x_sizebin_x_state,merged,2026-07,1,140.0
vllm,47478,comparison,matched_month_x_sizebin_x_state,merged,2026-07,1,154.0
vllm,49604,comparison,matched_month_x_sizebin_x_state,merged,2026-07,1,429.0
vllm,49397,comparison,matched_month_x_sizebin_x_state,merged,2026-07,1,125.0
vllm,49758,comparison,matched_month_x_sizebin_x_state,merged,2026-07,1,129.0
vllm,49686,comparison,matched_month_x_sizebin_x_state,merged,2026-07,1,295.0
vllm,47624,comparison,matched_month_x_sizebin_x_state,open,2026-07,1,228.0
vllm,50113,comparison,matched_month_x_sizebin_x_state,open,2026-07,1,186.0
vllm,49426,comparison,matched_month_x_sizebin_x_state,open,2026-07,1,190.0
vllm,48471,comparison,matched_month_x_sizebin_x_state,open,2026-07,1,128.0
vllm,47779,comparison,matched_month_x_sizebin_x_state,open,2026-07,1,174.0
vllm,50164,comparison,matched_month_x_sizebin_x_state,open,2026-07,1,324.0
vllm,47633,comparison,matched_month_x_sizebin_x_state,open,2026-07,1,235.0
vllm,49085,comparison,matched_month_x_sizebin_x_state,closed,2026-07,2,691.0
vllm,48609,comparison,matched_month_x_sizebin_x_state,closed,2026-07,2,2638.0
vllm,47717,comparison,matched_month_x_sizebin_x_state,closed,2026-07,2,1125.0
vllm,48139,comparison,matched_month_x_sizebin_x_state,closed,2026-07,2,4503.0
vllm,50075,comparison,matched_month_x_sizebin_x_state,closed,2026-07,2,1167.0
vllm,50493,comparison,matched_month_x_sizebin_x_state,merged,2026-07,2,560.0
vllm,47750,comparison,matched_month_x_sizebin_x_state,merged,2026-07,2,469.0
vllm,50104,comparison,matched_month_x_sizebin_x_state,merged,2026-07,2,3042.0
vllm,48584,comparison,matched_month_x_sizebin_x_state,merged,2026-07,2,459.0
vllm,48981,comparison,matched_month_x_sizebin_x_state,merged,2026-07,2,814.0
vllm,47786,comparison,matched_month_x_sizebin_x_state,open,2026-07,2,930.0
vllm,50584,comparison,matched_month_x_sizebin_x_state,open,2026-07,2,1868.0
vllm,48456,comparison,matched_month_x_sizebin_x_state,open,2026-07,2,747.0
vllm,49650,comparison,matched_month_x_sizebin_x_state,open,2026-07,2,878.0
vllm,49658,comparison,matched_month_x_sizebin_x_state,open,2026-07,2,846.0
vllm,47806,comparison,matched_month_x_sizebin_x_state,open,2026-07,2,785.0
vllm,50575,comparison,matched_month_x_sizebin_x_state,open,2026-07,2,4639.0
vllm,48369,comparison,matched_month_x_sizebin_x_state,open,2026-07,2,649.0
vllm,47664,comparison,matched_month_x_sizebin_x_state,open,2026-07,2,2690.0
vllm,48083,comparison,matched_month_x_sizebin_x_state,open,2026-07,2,930.0
vllm,54235,comparison,matched_month_x_sizebin_x_state,closed,2026-08,0,46.0
vllm,53262,comparison,matched_month_x_sizebin_x_state,closed,2026-08,0,13.0
vllm,54466,comparison,matched_month_x_sizebin_x_state,closed,2026-08,0,11.0
vllm,52862,comparison,matched_month_x_sizebin_x_state,closed,2026-08,0,110.0
vllm,51832,comparison,matched_month_x_sizebin_x_state,merged,2026-08,0,2.0
vllm,52399,comparison,matched_month_x_sizebin_x_state,merged,2026-08,0,29.0
vllm,51781,comparison,matched_month_x_sizebin_x_state,merged,2026-08,0,24.0
vllm,52037,comparison,matched_month_x_sizebin_x_state,merged,2026-08,0,24.0
vllm,51464,comparison,matched_month_x_sizebin_x_state,merged,2026-08,0,2.0
vllm,51928,comparison,matched_month_x_sizebin_x_state,merged,2026-08,0,3.0
vllm,50755,comparison,matched_month_x_sizebin_x_state,merged,2026-08,0,35.0
vllm,53885,comparison,matched_month_x_sizebin_x_state,merged,2026-08,0,51.0
vllm,50874,comparison,matched_month_x_sizebin_x_state,merged,2026-08,0,35.0
vllm,50926,comparison,matched_month_x_sizebin_x_state,merged,2026-08,0,7.0
vllm,50984,comparison,matched_month_x_sizebin_x_state,merged,2026-08,0,80.0
vllm,53379,comparison,matched_month_x_sizebin_x_state,merged,2026-08,0,82.0
vllm,51403,comparison,matched_month_x_sizebin_x_state,open,2026-08,0,28.0
vllm,53167,comparison,matched_month_x_sizebin_x_state,open,2026-08,0,47.0
vllm,50820,comparison,matched_month_x_sizebin_x_state,open,2026-08,0,77.0
vllm,52266,comparison,matched_month_x_sizebin_x_state,open,2026-08,0,11.0
vllm,54291,comparison,matched_month_x_sizebin_x_state,open,2026-08,0,45.0
vllm,53395,comparison,matched_month_x_sizebin_x_state,open,2026-08,0,36.0
vllm,51699,comparison,matched_month_x_sizebin_x_state,open,2026-08,0,68.0
vllm,54479,comparison,matched_month_x_sizebin_x_state,open,2026-08,0,75.0
vllm,54147,comparison,matched_month_x_sizebin_x_state,open,2026-08,0,30.0
vllm,52949,comparison,matched_month_x_sizebin_x_state,open,2026-08,0,19.0
vllm,52553,comparison,matched_month_x_sizebin_x_state,open,2026-08,0,72.0
vllm,53907,comparison,matched_month_x_sizebin_x_state,open,2026-08,0,15.0
vllm,51370,comparison,matched_month_x_sizebin_x_state,closed,2026-08,1,193.0
vllm,53974,comparison,matched_month_x_sizebin_x_state,closed,2026-08,1,128.0
vllm,54452,comparison,matched_month_x_sizebin_x_state,closed,2026-08,1,141.0
vllm,52158,comparison,matched_month_x_sizebin_x_state,closed,2026-08,1,227.0
vllm,53045,comparison,matched_month_x_sizebin_x_state,closed,2026-08,1,405.0
vllm,52194,comparison,matched_month_x_sizebin_x_state,closed,2026-08,1,185.0
vllm,54573,comparison,matched_month_x_sizebin_x_state,merged,2026-08,1,118.0
vllm,50999,comparison,matched_month_x_sizebin_x_state,merged,2026-08,1,155.0
vllm,54272,comparison,matched_month_x_sizebin_x_state,merged,2026-08,1,215.0
vllm,54089,comparison,matched_month_x_sizebin_x_state,merged,2026-08,1,151.0
vllm,52156,comparison,matched_month_x_sizebin_x_state,merged,2026-08,1,158.0
vllm,51838,comparison,matched_month_x_sizebin_x_state,merged,2026-08,1,257.0
vllm,52596,comparison,matched_month_x_sizebin_x_state,merged,2026-08,1,281.0
vllm,50920,comparison,matched_month_x_sizebin_x_state,merged,2026-08,1,234.0
vllm,53165,comparison,matched_month_x_sizebin_x_state,merged,2026-08,1,165.0
vllm,52149,comparison,matched_month_x_sizebin_x_state,open,2026-08,1,400.0
vllm,54638,comparison,matched_month_x_sizebin_x_state,open,2026-08,1,122.0
vllm,52946,comparison,matched_month_x_sizebin_x_state,open,2026-08,1,349.0
vllm,54621,comparison,matched_month_x_sizebin_x_state,open,2026-08,1,129.0
vllm,52699,comparison,matched_month_x_sizebin_x_state,open,2026-08,1,225.0
vllm,53826,comparison,matched_month_x_sizebin_x_state,open,2026-08,1,333.0
vllm,53772,comparison,matched_month_x_sizebin_x_state,open,2026-08,1,143.0
vllm,51675,comparison,matched_month_x_sizebin_x_state,open,2026-08,1,181.0
vllm,51595,comparison,matched_month_x_sizebin_x_state,open,2026-08,1,134.0
vllm,54351,comparison,matched_month_x_sizebin_x_state,open,2026-08,1,327.0
vllm,52365,comparison,matched_month_x_sizebin_x_state,open,2026-08,1,136.0
vllm,52486,comparison,matched_month_x_sizebin_x_state,open,2026-08,1,205.0
vllm,51691,comparison,matched_month_x_sizebin_x_state,open,2026-08,1,304.0
vllm,53461,comparison,matched_month_x_sizebin_x_state,closed,2026-08,2,1965393.0
vllm,53661,comparison,matched_month_x_sizebin_x_state,closed,2026-08,2,223892.0
vllm,53588,comparison,matched_month_x_sizebin_x_state,closed,2026-08,2,2906.0
vllm,53848,comparison,matched_month_x_sizebin_x_state,closed,2026-08,2,836.0
vllm,54127,comparison,matched_month_x_sizebin_x_state,closed,2026-08,2,726.0
vllm,54188,comparison,matched_month_x_sizebin_x_state,closed,2026-08,2,1984050.0
vllm,50919,comparison,matched_month_x_sizebin_x_state,closed,2026-08,2,936.0
vllm,52840,comparison,matched_month_x_sizebin_x_state,merged,2026-08,2,553.0
vllm,52851,comparison,matched_month_x_sizebin_x_state,merged,2026-08,2,1662.0
vllm,54492,comparison,matched_month_x_sizebin_x_state,merged,2026-08,2,1135.0
vllm,51655,comparison,matched_month_x_sizebin_x_state,merged,2026-08,2,4349.0
vllm,51896,comparison,matched_month_x_sizebin_x_state,merged,2026-08,2,742.0
vllm,51729,comparison,matched_month_x_sizebin_x_state,merged,2026-08,2,2383.0
vllm,50713,comparison,matched_month_x_sizebin_x_state,merged,2026-08,2,1220.0
vllm,53571,comparison,matched_month_x_sizebin_x_state,open,2026-08,2,746.0
vllm,51987,comparison,matched_month_x_sizebin_x_state,open,2026-08,2,470.0
vllm,53730,comparison,matched_month_x_sizebin_x_state,open,2026-08,2,2416.0
vllm,51129,comparison,matched_month_x_sizebin_x_state,open,2026-08,2,5414.0
vllm,50753,comparison,matched_month_x_sizebin_x_state,open,2026-08,2,537.0
vllm,52876,comparison,matched_month_x_sizebin_x_state,open,2026-08,2,1014.0
vllm,53022,comparison,matched_month_x_sizebin_x_state,open,2026-08,2,960.0
vllm,51414,comparison,matched_month_x_sizebin_x_state,open,2026-08,2,619.0
vllm,52883,comparison,matched_month_x_sizebin_x_state,open,2026-08,2,768.0
vllm,53879,comparison,matched_month_x_sizebin_x_state,open,2026-08,2,7788.0
vllm,52032,comparison,matched_month_x_sizebin_x_state,open,2026-08,2,594.0
vllm,53122,comparison,matched_month_x_sizebin_x_state,open,2026-08,2,514.0
vllm,54024,comparison,matched_month_x_sizebin_x_state,open,2026-08,2,1194.0
vllm,53769,comparison,matched_month_x_sizebin_x_state,open,2026-08,2,810.0
vllm,53289,comparison,matched_month_x_sizebin_x_state,open,2026-08,2,3525.0
vllm,58318,comparison,matched_month_x_sizebin_x_state,closed,2026-09,0,9.0
vllm,54949,comparison,matched_month_x_sizebin_x_state,closed,2026-09,0,14.0
vllm,57213,comparison,matched_month_x_sizebin_x_state,closed,2026-09,0,9.0
vllm,58805,comparison,matched_month_x_sizebin_x_state,closed,2026-09,0,84.0
vllm,57382,comparison,matched_month_x_sizebin_x_state,merged,2026-09,0,76.0
vllm,56639,comparison,matched_month_x_sizebin_x_state,merged,2026-09,0,4.0
vllm,55271,comparison,matched_month_x_sizebin_x_state,merged,2026-09,0,5.0
vllm,56526,comparison,matched_month_x_sizebin_x_state,merged,2026-09,0,8.0
vllm,56766,comparison,matched_month_x_sizebin_x_state,merged,2026-09,0,46.0
vllm,55691,comparison,matched_month_x_sizebin_x_state,merged,2026-09,0,1.0
vllm,58779,comparison,matched_month_x_sizebin_x_state,merged,2026-09,0,34.0
vllm,58652,comparison,matched_month_x_sizebin_x_state,merged,2026-09,0,86.0
vllm,58645,comparison,matched_month_x_sizebin_x_state,merged,2026-09,0,4.0
vllm,55804,comparison,matched_month_x_sizebin_x_state,open,2026-09,0,61.0
vllm,57535,comparison,matched_month_x_sizebin_x_state,open,2026-09,0,7.0
vllm,58048,comparison,matched_month_x_sizebin_x_state,open,2026-09,0,6.0
vllm,56632,comparison,matched_month_x_sizebin_x_state,open,2026-09,0,12.0
vllm,58385,comparison,matched_month_x_sizebin_x_state,open,2026-09,0,86.0
vllm,57901,comparison,matched_month_x_sizebin_x_state,open,2026-09,0,49.0
vllm,58206,comparison,matched_month_x_sizebin_x_state,open,2026-09,0,25.0
vllm,58291,comparison,matched_month_x_sizebin_x_state,open,2026-09,0,72.0
vllm,55851,comparison,matched_month_x_sizebin_x_state,open,2026-09,0,20.0
vllm,57062,comparison,matched_month_x_sizebin_x_state,open,2026-09,0,106.0
vllm,56891,comparison,matched_month_x_sizebin_x_state,open,2026-09,0,89.0
vllm,58309,comparison,matched_month_x_sizebin_x_state,open,2026-09,0,27.0
vllm,55980,comparison,matched_month_x_sizebin_x_state,open,2026-09,0,31.0
vllm,54818,comparison,matched_month_x_sizebin_x_state,open,2026-09,0,30.0
vllm,56923,comparison,matched_month_x_sizebin_x_state,open,2026-09,0,18.0
vllm,57022,comparison,matched_month_x_sizebin_x_state,open,2026-09,0,40.0
vllm,56480,comparison,matched_month_x_sizebin_x_state,open,2026-09,0,116.0
vllm,56565,comparison,matched_month_x_sizebin_x_state,closed,2026-09,1,181.0
vllm,58448,comparison,matched_month_x_sizebin_x_state,closed,2026-09,1,184.0
vllm,56224,comparison,matched_month_x_sizebin_x_state,closed,2026-09,1,323.0
vllm,58229,comparison,matched_month_x_sizebin_x_state,closed,2026-09,1,132.0
vllm,57836,comparison,matched_month_x_sizebin_x_state,closed,2026-09,1,197.0
vllm,58548,comparison,matched_month_x_sizebin_x_state,closed,2026-09,1,320.0
vllm,55590,comparison,matched_month_x_sizebin_x_state,closed,2026-09,1,396.0
vllm,56247,comparison,matched_month_x_sizebin_x_state,merged,2026-09,1,179.0
vllm,58626,comparison,matched_month_x_sizebin_x_state,merged,2026-09,1,139.0
vllm,56538,comparison,matched_month_x_sizebin_x_state,merged,2026-09,1,170.0
vllm,57049,comparison,matched_month_x_sizebin_x_state,merged,2026-09,1,330.0
vllm,55538,comparison,matched_month_x_sizebin_x_state,merged,2026-09,1,206.0
vllm,58393,comparison,matched_month_x_sizebin_x_state,merged,2026-09,1,367.0
vllm,57957,comparison,matched_month_x_sizebin_x_state,merged,2026-09,1,169.0
vllm,58612,comparison,matched_month_x_sizebin_x_state,merged,2026-09,1,206.0
vllm,58430,comparison,matched_month_x_sizebin_x_state,merged,2026-09,1,154.0
vllm,57887,comparison,matched_month_x_sizebin_x_state,merged,2026-09,1,414.0
vllm,55854,comparison,matched_month_x_sizebin_x_state,merged,2026-09,1,246.0
vllm,55879,comparison,matched_month_x_sizebin_x_state,merged,2026-09,1,424.0
vllm,58830,comparison,matched_month_x_sizebin_x_state,merged,2026-09,1,207.0
vllm,55768,comparison,matched_month_x_sizebin_x_state,merged,2026-09,1,314.0
vllm,55935,comparison,matched_month_x_sizebin_x_state,open,2026-09,1,132.0
vllm,55115,comparison,matched_month_x_sizebin_x_state,open,2026-09,1,196.0
vllm,56570,comparison,matched_month_x_sizebin_x_state,open,2026-09,1,132.0
vllm,57466,comparison,matched_month_x_sizebin_x_state,open,2026-09,1,418.0
vllm,56979,comparison,matched_month_x_sizebin_x_state,open,2026-09,1,135.0
vllm,56780,comparison,matched_month_x_sizebin_x_state,open,2026-09,1,163.0
vllm,55830,comparison,matched_month_x_sizebin_x_state,open,2026-09,1,267.0
vllm,57003,comparison,matched_month_x_sizebin_x_state,open,2026-09,1,242.0
vllm,56053,comparison,matched_month_x_sizebin_x_state,open,2026-09,1,173.0
vllm,56500,comparison,matched_month_x_sizebin_x_state,open,2026-09,1,119.0
vllm,55306,comparison,matched_month_x_sizebin_x_state,open,2026-09,1,310.0
vllm,58623,comparison,matched_month_x_sizebin_x_state,open,2026-09,1,153.0
vllm,56953,comparison,matched_month_x_sizebin_x_state,open,2026-09,1,366.0
vllm,57394,comparison,matched_month_x_sizebin_x_state,open,2026-09,1,150.0
vllm,56814,comparison,matched_month_x_sizebin_x_state,open,2026-09,1,303.0
vllm,59042,comparison,matched_month_x_sizebin_x_state,open,2026-09,1,188.0
vllm,57747,comparison,matched_month_x_sizebin_x_state,open,2026-09,1,137.0
vllm,58940,comparison,matched_month_x_sizebin_x_state,open,2026-09,1,385.0
vllm,54844,comparison,matched_month_x_sizebin_x_state,open,2026-09,1,150.0
vllm,58775,comparison,matched_month_x_sizebin_x_state,open,2026-09,1,176.0
vllm,57191,comparison,matched_month_x_sizebin_x_state,closed,2026-09,2,561.0
vllm,56294,comparison,matched_month_x_sizebin_x_state,closed,2026-09,2,3653.0
vllm,55064,comparison,matched_month_x_sizebin_x_state,closed,2026-09,2,2050037.0
vllm,56752,comparison,matched_month_x_sizebin_x_state,closed,2026-09,2,1576.0
vllm,55930,comparison,matched_month_x_sizebin_x_state,closed,2026-09,2,4140.0
vllm,56723,comparison,matched_month_x_sizebin_x_state,merged,2026-09,2,807.0
vllm,56998,comparison,matched_month_x_sizebin_x_state,merged,2026-09,2,1705.0
vllm,57083,comparison,matched_month_x_sizebin_x_state,merged,2026-09,2,783.0
vllm,54809,comparison,matched_month_x_sizebin_x_state,merged,2026-09,2,5101.0
vllm,57205,comparison,matched_month_x_sizebin_x_state,merged,2026-09,2,575.0
vllm,55624,comparison,matched_month_x_sizebin_x_state,merged,2026-09,2,688.0
vllm,55781,comparison,matched_month_x_sizebin_x_state,open,2026-09,2,1760.0
vllm,58220,comparison,matched_month_x_sizebin_x_state,open,2026-09,2,1611.0
vllm,56393,comparison,matched_month_x_sizebin_x_state,open,2026-09,2,1163.0
vllm,57940,comparison,matched_month_x_sizebin_x_state,open,2026-09,2,568.0
vllm,58948,comparison,matched_month_x_sizebin_x_state,open,2026-09,2,456.0
vllm,55589,comparison,matched_month_x_sizebin_x_state,open,2026-09,2,1064.0
vllm,55374,comparison,matched_month_x_sizebin_x_state,open,2026-09,2,1613.0
vllm,55489,comparison,matched_month_x_sizebin_x_state,open,2026-09,2,693.0
vllm,57622,comparison,matched_month_x_sizebin_x_state,open,2026-09,2,895.0
vllm,57854,comparison,matched_month_x_sizebin_x_state,open,2026-09,2,588.0
vllm,54810,comparison,matched_month_x_sizebin_x_state,open,2026-09,2,4282.0
vllm,58198,comparison,matched_month_x_sizebin_x_state,open,2026-09,2,979.0
vllm,57063,comparison,matched_month_x_sizebin_x_state,open,2026-09,2,1546.0
vllm,56523,comparison,matched_month_x_sizebin_x_state,open,2026-09,2,674.0
vllm,55219,comparison,matched_month_x_sizebin_x_state,open,2026-09,2,2085.0
vllm,55053,comparison,matched_month_x_sizebin_x_state,open,2026-09,2,519.0
vllm,55335,comparison,matched_month_x_sizebin_x_state,open,2026-09,2,923.0
vllm,56364,comparison,matched_month_x_sizebin_x_state,open,2026-09,2,3114.0
vllm,56963,comparison,matched_month_x_sizebin_x_state,open,2026-09,2,5352.0
vllm,58642,comparison,matched_month_x_sizebin_x_state,open,2026-09,2,601.0
vllm,56920,comparison,matched_month_x_sizebin_x_state,open,2026-09,2,1105.0
vllm,55089,comparison,matched_month_x_sizebin_x_state,open,2026-09,2,466.0
vllm,54830,comparison,matched_month_x_sizebin_x_state,open,2026-09,2,2016.0
vllm,58812,comparison,matched_month_x_sizebin_x_state,open,2026-09,2,1202.0
vllm,56859,comparison,matched_month_x_sizebin_x_state,open,2026-09,2,1233.0
vllm,55967,comparison,matched_month_x_sizebin_x_state,open,2026-09,2,1256.0
vllm,55275,comparison,matched_month_x_sizebin_x_state,open,2026-09,2,1566.0
vllm,56331,comparison,matched_month_x_sizebin_x_state,open,2026-09,2,449.0
sglang,11400,performance,stratified_sample_1000_state_x_month,closed,2025-10,1,173.0
sglang,11920,performance,stratified_sample_1000_state_x_month,closed,2025-10,0,23.0
sglang,12160,performance,stratified_sample_1000_state_x_month,closed,2025-10,2,1040.0
sglang,11484,performance,stratified_sample_1000_state_x_month,closed,2025-10,1,357.0
sglang,11150,performance,stratified_sample_1000_state_x_month,closed,2025-10,2,1083.0
sglang,12370,performance,stratified_sample_1000_state_x_month,closed,2025-10,0,2.0
sglang,13025,performance,stratified_sample_1000_state_x_month,closed,2025-11,2,1983.0
sglang,13083,performance,stratified_sample_1000_state_x_month,closed,2025-11,2,753.0
sglang,13778,performance,stratified_sample_1000_state_x_month,closed,2025-11,2,681.0
sglang,13964,performance,stratified_sample_1000_state_x_month,closed,2025-11,0,58.0
sglang,12768,performance,stratified_sample_1000_state_x_month,closed,2025-11,2,640.0
sglang,12790,performance,stratified_sample_1000_state_x_month,closed,2025-11,0,106.0
sglang,13193,performance,stratified_sample_1000_state_x_month,closed,2025-11,0,0.0
sglang,13546,performance,stratified_sample_1000_state_x_month,closed,2025-11,1,415.0
sglang,13023,performance,stratified_sample_1000_state_x_month,closed,2025-11,2,1440.0
sglang,12542,performance,stratified_sample_1000_state_x_month,closed,2025-11,2,1024.0
sglang,15305,performance,stratified_sample_1000_state_x_month,closed,2025-12,0,95.0
sglang,16135,performance,stratified_sample_1000_state_x_month,closed,2025-12,0,20.0
sglang,15546,performance,stratified_sample_1000_state_x_month,closed,2025-12,0,59.0
sglang,14289,performance,stratified_sample_1000_state_x_month,closed,2025-12,2,1172.0
sglang,15623,performance,stratified_sample_1000_state_x_month,closed,2025-12,1,586.0
sglang,15103,performance,stratified_sample_1000_state_x_month,closed,2025-12,2,2461.0
sglang,14952,performance,stratified_sample_1000_state_x_month,closed,2025-12,1,193.0
sglang,15380,performance,stratified_sample_1000_state_x_month,closed,2025-12,0,135.0
sglang,15729,performance,stratified_sample_1000_state_x_month,closed,2025-12,2,1213.0
sglang,14567,performance,stratified_sample_1000_state_x_month,closed,2025-12,2,1168.0
sglang,15383,performance,stratified_sample_1000_state_x_month,closed,2025-12,0,54.0
sglang,15208,performance,stratified_sample_1000_state_x_month,closed,2025-12,2,10306.0
sglang,15521,performance,stratified_sample_1000_state_x_month,closed,2025-12,1,170.0
sglang,15872,performance,stratified_sample_1000_state_x_month,closed,2025-12,0,112.0
sglang,15559,performance,stratified_sample_1000_state_x_month,closed,2025-12,1,148.0
sglang,14540,performance,stratified_sample_1000_state_x_month,closed,2025-12,0,32.0
sglang,16112,performance,stratified_sample_1000_state_x_month,closed,2025-12,2,9643.0
sglang,15315,performance,stratified_sample_1000_state_x_month,closed,2025-12,0,69.0
sglang,14593,performance,stratified_sample_1000_state_x_month,closed,2025-12,1,538.0
sglang,14809,performance,stratified_sample_1000_state_x_month,closed,2025-12,1,200.0
sglang,16210,performance,stratified_sample_1000_state_x_month,closed,2025-12,0,44.0
sglang,17243,performance,stratified_sample_1000_state_x_month,closed,2026-01,1,273.0
sglang,17161,performance,stratified_sample_1000_state_x_month,closed,2026-01,1,179.0
sglang,16517,performance,stratified_sample_1000_state_x_month,closed,2026-01,0,11.0
sglang,17164,performance,stratified_sample_1000_state_x_month,closed,2026-01,0,22.0
sglang,16646,performance,stratified_sample_1000_state_x_month,closed,2026-01,0,41.0
sglang,17208,performance,stratified_sample_1000_state_x_month,closed,2026-01,0,138.0
sglang,17337,performance,stratified_sample_1000_state_x_month,closed,2026-01,0,144.0
sglang,17202,performance,stratified_sample_1000_state_x_month,closed,2026-01,0,36.0
sglang,17773,performance,stratified_sample_1000_state_x_month,closed,2026-01,1,441.0
sglang,17562,performance,stratified_sample_1000_state_x_month,closed,2026-01,0,45.0
sglang,17112,performance,stratified_sample_1000_state_x_month,closed,2026-01,1,250.0
sglang,17594,performance,stratified_sample_1000_state_x_month,closed,2026-01,0,25.0
sglang,17531,performance,stratified_sample_1000_state_x_month,closed,2026-01,1,250.0
sglang,17488,performance,stratified_sample_1000_state_x_month,closed,2026-01,0,56.0
sglang,16485,performance,stratified_sample_1000_state_x_month,closed,2026-01,0,99.0
sglang,17772,performance,stratified_sample_1000_state_x_month,closed,2026-01,1,556.0
sglang,16705,performance,stratified_sample_1000_state_x_month,closed,2026-01,1,195.0
sglang,18015,performance,stratified_sample_1000_state_x_month,closed,2026-01,0,99.0
sglang,18326,performance,stratified_sample_1000_state_x_month,closed,2026-02,2,874.0
sglang,19021,performance,stratified_sample_1000_state_x_month,closed,2026-02,0,11.0
sglang,19260,performance,stratified_sample_1000_state_x_month,closed,2026-02,2,1386.0
sglang,19111,performance,stratified_sample_1000_state_x_month,closed,2026-02,1,401.0
sglang,18525,performance,stratified_sample_1000_state_x_month,closed,2026-02,0,106.0
sglang,19066,performance,stratified_sample_1000_state_x_month,closed,2026-02,2,895.0
sglang,18968,performance,stratified_sample_1000_state_x_month,closed,2026-02,2,3149.0
sglang,18497,performance,stratified_sample_1000_state_x_month,closed,2026-02,1,365.0
sglang,18969,performance,stratified_sample_1000_state_x_month,closed,2026-02,1,292.0
sglang,18324,performance,stratified_sample_1000_state_x_month,closed,2026-02,0,28.0
sglang,18387,performance,stratified_sample_1000_state_x_month,closed,2026-02,2,4800.0
sglang,18082,performance,stratified_sample_1000_state_x_month,closed,2026-02,1,400.0
sglang,18167,performance,stratified_sample_1000_state_x_month,closed,2026-02,1,629.0
sglang,21056,performance,stratified_sample_1000_state_x_month,closed,2026-03,2,2324.0
sglang,20943,performance,stratified_sample_1000_state_x_month,closed,2026-03,1,240.0
sglang,19788,performance,stratified_sample_1000_state_x_month,closed,2026-03,1,167.0
sglang,20074,performance,stratified_sample_1000_state_x_month,closed,2026-03,1,177.0
sglang,20434,performance,stratified_sample_1000_state_x_month,closed,2026-03,1,186.0
sglang,20347,performance,stratified_sample_1000_state_x_month,closed,2026-03,0,22.0
sglang,21043,performance,stratified_sample_1000_state_x_month,closed,2026-03,2,2160.0
sglang,20549,performance,stratified_sample_1000_state_x_month,closed,2026-03,2,903.0
sglang,19651,performance,stratified_sample_1000_state_x_month,closed,2026-03,2,2533.0
sglang,20527,performance,stratified_sample_1000_state_x_month,closed,2026-03,2,24245.0
sglang,20429,performance,stratified_sample_1000_state_x_month,closed,2026-03,1,372.0
sglang,21617,performance,stratified_sample_1000_state_x_month,closed,2026-03,2,1972.0
sglang,20385,performance,stratified_sample_1000_state_x_month,closed,2026-03,1,466.0
sglang,20445,performance,stratified_sample_1000_state_x_month,closed,2026-03,1,187.0
sglang,20117,performance,stratified_sample_1000_state_x_month,closed,2026-03,2,927.0
sglang,21592,performance,stratified_sample_1000_state_x_month,closed,2026-03,2,1741.0
sglang,21462,performance,stratified_sample_1000_state_x_month,closed,2026-03,2,665.0
sglang,20582,performance,stratified_sample_1000_state_x_month,closed,2026-03,0,20.0
sglang,21476,performance,stratified_sample_1000_state_x_month,closed,2026-03,0,3.0
sglang,20023,performance,stratified_sample_1000_state_x_month,closed,2026-03,2,1422.0
sglang,19623,performance,stratified_sample_1000_state_x_month,closed,2026-03,2,833.0
sglang,19958,performance,stratified_sample_1000_state_x_month,closed,2026-03,2,922.0
sglang,20115,performance,stratified_sample_1000_state_x_month,closed,2026-03,0,53.0
sglang,20781,performance,stratified_sample_1000_state_x_month,closed,2026-03,0,60.0
sglang,22968,performance,stratified_sample_1000_state_x_month,closed,2026-04,2,4574.0
sglang,22542,performance,stratified_sample_1000_state_x_month,closed,2026-04,2,1389.0
sglang,22339,performance,stratified_sample_1000_state_x_month,closed,2026-04,0,79.0
sglang,22209,performance,stratified_sample_1000_state_x_month,closed,2026-04,1,530.0
sglang,23135,performance,stratified_sample_1000_state_x_month,closed,2026-04,2,4445.0
sglang,23770,performance,stratified_sample_1000_state_x_month,closed,2026-04,0,12.0
sglang,22861,performance,stratified_sample_1000_state_x_month,closed,2026-04,2,1095.0
sglang,21941,performance,stratified_sample_1000_state_x_month,closed,2026-04,1,170.0
sglang,22039,performance,stratified_sample_1000_state_x_month,closed,2026-04,1,611.0
sglang,22415,performance,stratified_sample_1000_state_x_month,closed,2026-04,2,678.0
sglang,21962,performance,stratified_sample_1000_state_x_month,closed,2026-04,0,113.0
sglang,23830,performance,stratified_sample_1000_state_x_month,closed,2026-04,1,342.0
sglang,22488,performance,stratified_sample_1000_state_x_month,closed,2026-04,2,847.0
sglang,22325,performance,stratified_sample_1000_state_x_month,closed,2026-04,0,125.0
sglang,22313,performance,stratified_sample_1000_state_x_month,closed,2026-04,1,522.0
sglang,22392,performance,stratified_sample_1000_state_x_month,closed,2026-04,1,285.0
sglang,22048,performance,stratified_sample_1000_state_x_month,closed,2026-04,2,4186.0
sglang,23011,performance,stratified_sample_1000_state_x_month,closed,2026-04,1,183.0
sglang,21951,performance,stratified_sample_1000_state_x_month,closed,2026-04,2,1483.0
sglang,24098,performance,stratified_sample_1000_state_x_month,closed,2026-04,1,207.0
sglang,21870,performance,stratified_sample_1000_state_x_month,closed,2026-04,2,1274.0
sglang,21889,performance,stratified_sample_1000_state_x_month,closed,2026-04,1,625.0
sglang,24041,performance,stratified_sample_1000_state_x_month,closed,2026-04,1,610.0
sglang,24009,performance,stratified_sample_1000_state_x_month,closed,2026-04,0,121.0
sglang,21862,performance,stratified_sample_1000_state_x_month,closed,2026-04,2,5537.0
sglang,22410,performance,stratified_sample_1000_state_x_month,closed,2026-04,1,520.0
sglang,22805,performance,stratified_sample_1000_state_x_month,closed,2026-04,0,104.0
sglang,26407,performance,stratified_sample_1000_state_x_month,closed,2026-05,0,45.0
sglang,24471,performance,stratified_sample_1000_state_x_month,closed,2026-05,0,57.0
sglang,25222,performance,stratified_sample_1000_state_x_month,closed,2026-05,2,873511.0
sglang,25400,performance,stratified_sample_1000_state_x_month,closed,2026-05,2,911.0
sglang,26488,performance,stratified_sample_1000_state_x_month,closed,2026-05,0,78.0
sglang,24541,performance,stratified_sample_1000_state_x_month,closed,2026-05,0,68.0
sglang,24669,performance,stratified_sample_1000_state_x_month,closed,2026-05,1,307.0
sglang,25850,performance,stratified_sample_1000_state_x_month,closed,2026-05,0,26.0
sglang,26770,performance,stratified_sample_1000_state_x_month,closed,2026-05,2,91101.0
sglang,26568,performance,stratified_sample_1000_state_x_month,closed,2026-05,2,650.0
sglang,25659,performance,stratified_sample_1000_state_x_month,closed,2026-05,2,4902.0
sglang,25096,performance,stratified_sample_1000_state_x_month,closed,2026-05,1,229.0
sglang,26582,performance,stratified_sample_1000_state_x_month,closed,2026-05,0,73.0
sglang,25313,performance,stratified_sample_1000_state_x_month,closed,2026-05,0,105.0
sglang,26226,performance,stratified_sample_1000_state_x_month,closed,2026-05,0,6.0
sglang,25470,performance,stratified_sample_1000_state_x_month,closed,2026-05,1,252.0
sglang,25788,performance,stratified_sample_1000_state_x_month,closed,2026-05,2,741.0
sglang,26027,performance,stratified_sample_1000_state_x_month,closed,2026-05,0,25.0
sglang,25140,performance,stratified_sample_1000_state_x_month,closed,2026-05,1,384.0
sglang,25785,performance,stratified_sample_1000_state_x_month,closed,2026-05,0,1.0
sglang,24672,performance,stratified_sample_1000_state_x_month,closed,2026-05,2,7698.0
sglang,26703,performance,stratified_sample_1000_state_x_month,closed,2026-05,1,196.0
sglang,24909,performance,stratified_sample_1000_state_x_month,closed,2026-05,2,1751.0
sglang,26697,performance,stratified_sample_1000_state_x_month,closed,2026-05,0,89.0
sglang,25841,performance,stratified_sample_1000_state_x_month,closed,2026-05,2,999.0
sglang,24733,performance,stratified_sample_1000_state_x_month,closed,2026-05,0,56.0
sglang,25382,performance,stratified_sample_1000_state_x_month,closed,2026-05,0,8.0
sglang,25970,performance,stratified_sample_1000_state_x_month,closed,2026-05,0,57.0
sglang,24211,performance,stratified_sample_1000_state_x_month,closed,2026-05,2,1298.0
sglang,24822,performance,stratified_sample_1000_state_x_month,closed,2026-05,1,330.0
sglang,26552,performance,stratified_sample_1000_state_x_month,closed,2026-05,1,238.0
sglang,25482,performance,stratified_sample_1000_state_x_month,closed,2026-05,1,280.0
sglang,25696,performance,stratified_sample_1000_state_x_month,closed,2026-05,2,4430.0
sglang,29273,performance,stratified_sample_1000_state_x_month,closed,2026-06,1,551.0
sglang,27301,performance,stratified_sample_1000_state_x_month,closed,2026-06,0,81.0
sglang,28014,performance,stratified_sample_1000_state_x_month,closed,2026-06,1,171.0
sglang,26989,performance,stratified_sample_1000_state_x_month,closed,2026-06,2,2047.0
sglang,29706,performance,stratified_sample_1000_state_x_month,closed,2026-06,2,789.0
sglang,28844,performance,stratified_sample_1000_state_x_month,closed,2026-06,2,2267.0
sglang,29437,performance,stratified_sample_1000_state_x_month,closed,2026-06,1,258.0
sglang,28961,performance,stratified_sample_1000_state_x_month,closed,2026-06,1,170.0
sglang,26892,performance,stratified_sample_1000_state_x_month,closed,2026-06,0,67.0
sglang,28944,performance,stratified_sample_1000_state_x_month,closed,2026-06,1,320.0
sglang,28339,performance,stratified_sample_1000_state_x_month,closed,2026-06,1,172.0
sglang,28839,performance,stratified_sample_1000_state_x_month,closed,2026-06,2,2172.0
sglang,29176,performance,stratified_sample_1000_state_x_month,closed,2026-06,1,551.0
sglang,26899,performance,stratified_sample_1000_state_x_month,closed,2026-06,0,41.0
sglang,27254,performance,stratified_sample_1000_state_x_month,closed,2026-06,0,59.0
sglang,29401,performance,stratified_sample_1000_state_x_month,closed,2026-06,0,2.0
sglang,27734,performance,stratified_sample_1000_state_x_month,closed,2026-06,0,58.0
sglang,28065,performance,stratified_sample_1000_state_x_month,closed,2026-06,0,75.0
sglang,27117,performance,stratified_sample_1000_state_x_month,closed,2026-06,2,7771.0
sglang,27177,performance,stratified_sample_1000_state_x_month,closed,2026-06,0,69.0
sglang,27979,performance,stratified_sample_1000_state_x_month,closed,2026-06,1,148.0
sglang,27112,performance,stratified_sample_1000_state_x_month,closed,2026-06,1,310.0
sglang,29315,performance,stratified_sample_1000_state_x_month,closed,2026-06,2,698.0
sglang,29564,performance,stratified_sample_1000_state_x_month,closed,2026-06,0,14.0
sglang,27498,performance,stratified_sample_1000_state_x_month,closed,2026-06,2,1692.0
sglang,27176,performance,stratified_sample_1000_state_x_month,closed,2026-06,2,875.0
sglang,27818,performance,stratified_sample_1000_state_x_month,closed,2026-06,1,313.0
sglang,27178,performance,stratified_sample_1000_state_x_month,closed,2026-06,1,394.0
sglang,28145,performance,stratified_sample_1000_state_x_month,closed,2026-06,0,70.0
sglang,27389,performance,stratified_sample_1000_state_x_month,closed,2026-06,0,120.0
sglang,28892,performance,stratified_sample_1000_state_x_month,closed,2026-06,1,234.0
sglang,28057,performance,stratified_sample_1000_state_x_month,closed,2026-06,1,154.0
sglang,29399,performance,stratified_sample_1000_state_x_month,closed,2026-06,2,677.0
sglang,28164,performance,stratified_sample_1000_state_x_month,closed,2026-06,0,14.0
sglang,27263,performance,stratified_sample_1000_state_x_month,closed,2026-06,1,173.0
sglang,27791,performance,stratified_sample_1000_state_x_month,closed,2026-06,0,71.0
sglang,29164,performance,stratified_sample_1000_state_x_month,closed,2026-06,1,424.0
sglang,29513,performance,stratified_sample_1000_state_x_month,closed,2026-06,2,4435.0
sglang,27207,performance,stratified_sample_1000_state_x_month,closed,2026-06,2,2502.0
sglang,27809,performance,stratified_sample_1000_state_x_month,closed,2026-06,0,25.0
sglang,27547,performance,stratified_sample_1000_state_x_month,closed,2026-06,0,47.0
sglang,28274,performance,stratified_sample_1000_state_x_month,closed,2026-06,0,6.0
sglang,28303,performance,stratified_sample_1000_state_x_month,closed,2026-06,0,61.0
sglang,28552,performance,stratified_sample_1000_state_x_month,closed,2026-06,2,1896.0
sglang,28880,performance,stratified_sample_1000_state_x_month,closed,2026-06,2,660.0
sglang,30958,performance,stratified_sample_1000_state_x_month,closed,2026-07,0,66.0
sglang,32767,performance,stratified_sample_1000_state_x_month,closed,2026-07,1,410.0
sglang,30382,performance,stratified_sample_1000_state_x_month,closed,2026-07,0,130.0
sglang,32851,performance,stratified_sample_1000_state_x_month,closed,2026-07,2,6581.0
sglang,32624,performance,stratified_sample_1000_state_x_month,closed,2026-07,1,531.0
sglang,32645,performance,stratified_sample_1000_state_x_month,closed,2026-07,2,856.0
sglang,32975,performance,stratified_sample_1000_state_x_month,closed,2026-07,2,2086.0
sglang,31836,performance,stratified_sample_1000_state_x_month,closed,2026-07,1,401.0
sglang,29847,performance,stratified_sample_1000_state_x_month,closed,2026-07,2,1643.0
sglang,32265,performance,stratified_sample_1000_state_x_month,closed,2026-07,1,219.0
sglang,31676,performance,stratified_sample_1000_state_x_month,closed,2026-07,2,6053.0
sglang,31851,performance,stratified_sample_1000_state_x_month,closed,2026-07,1,229.0
sglang,31683,performance,stratified_sample_1000_state_x_month,closed,2026-07,2,2589.0
sglang,32615,performance,stratified_sample_1000_state_x_month,closed,2026-07,1,307.0
sglang,29922,performance,stratified_sample_1000_state_x_month,closed,2026-07,2,961.0
sglang,30258,performance,stratified_sample_1000_state_x_month,closed,2026-07,0,18.0
sglang,33073,performance,stratified_sample_1000_state_x_month,closed,2026-07,2,1193.0
sglang,32870,performance,stratified_sample_1000_state_x_month,closed,2026-07,1,277.0
sglang,29826,performance,stratified_sample_1000_state_x_month,closed,2026-07,1,286.0
sglang,33060,performance,stratified_sample_1000_state_x_month,closed,2026-07,1,148.0
sglang,31852,performance,stratified_sample_1000_state_x_month,closed,2026-07,2,772.0
sglang,31497,performance,stratified_sample_1000_state_x_month,closed,2026-07,2,3152.0
sglang,29803,performance,stratified_sample_1000_state_x_month,closed,2026-07,1,261.0
sglang,31329,performance,stratified_sample_1000_state_x_month,closed,2026-07,1,499.0
sglang,32811,performance,stratified_sample_1000_state_x_month,closed,2026-07,2,1803.0
sglang,31718,performance,stratified_sample_1000_state_x_month,closed,2026-07,2,11726.0
sglang,31322,performance,stratified_sample_1000_state_x_month,closed,2026-07,1,600.0
sglang,30198,performance,stratified_sample_1000_state_x_month,closed,2026-07,2,971.0
sglang,31493,performance,stratified_sample_1000_state_x_month,closed,2026-07,0,7.0
sglang,30807,performance,stratified_sample_1000_state_x_month,closed,2026-07,1,563.0
sglang,37010,performance,stratified_sample_1000_state_x_month,closed,2026-08,0,8.0
sglang,33297,performance,stratified_sample_1000_state_x_month,closed,2026-08,2,1626.0
sglang,33416,performance,stratified_sample_1000_state_x_month,closed,2026-08,0,12.0
sglang,33302,performance,stratified_sample_1000_state_x_month,closed,2026-08,0,7.0
sglang,37117,performance,stratified_sample_1000_state_x_month,closed,2026-08,1,151.0
sglang,35422,performance,stratified_sample_1000_state_x_month,closed,2026-08,1,214.0
sglang,33647,performance,stratified_sample_1000_state_x_month,closed,2026-08,2,1936.0
sglang,34469,performance,stratified_sample_1000_state_x_month,closed,2026-08,0,74.0
sglang,33209,performance,stratified_sample_1000_state_x_month,closed,2026-08,1,211.0
sglang,33957,performance,stratified_sample_1000_state_x_month,closed,2026-08,2,799.0
sglang,37104,performance,stratified_sample_1000_state_x_month,closed,2026-08,1,336.0
sglang,35276,performance,stratified_sample_1000_state_x_month,closed,2026-08,1,366.0
sglang,33216,performance,stratified_sample_1000_state_x_month,closed,2026-08,2,3778.0
sglang,34841,performance,stratified_sample_1000_state_x_month,closed,2026-08,1,417.0
sglang,33947,performance,stratified_sample_1000_state_x_month,closed,2026-08,1,298.0
sglang,37056,performance,stratified_sample_1000_state_x_month,closed,2026-08,0,36.0
sglang,33907,performance,stratified_sample_1000_state_x_month,closed,2026-08,1,620.0
sglang,36043,performance,stratified_sample_1000_state_x_month,closed,2026-08,2,1549.0
sglang,37196,performance,stratified_sample_1000_state_x_month,closed,2026-08,2,947.0
sglang,34784,performance,stratified_sample_1000_state_x_month,closed,2026-08,2,717.0
sglang,34307,performance,stratified_sample_1000_state_x_month,closed,2026-08,1,518.0
sglang,34255,performance,stratified_sample_1000_state_x_month,closed,2026-08,1,548.0
sglang,33342,performance,stratified_sample_1000_state_x_month,closed,2026-08,0,126.0
sglang,36629,performance,stratified_sample_1000_state_x_month,closed,2026-08,2,1210.0
sglang,34554,performance,stratified_sample_1000_state_x_month,closed,2026-08,1,472.0
sglang,33971,performance,stratified_sample_1000_state_x_month,closed,2026-08,2,757.0
sglang,33972,performance,stratified_sample_1000_state_x_month,closed,2026-08,2,2434.0
sglang,40146,performance,stratified_sample_1000_state_x_month,closed,2026-09,1,150.0
sglang,37902,performance,stratified_sample_1000_state_x_month,closed,2026-09,1,353.0
sglang,38852,performance,stratified_sample_1000_state_x_month,closed,2026-09,1,398.0
sglang,38131,performance,stratified_sample_1000_state_x_month,closed,2026-09,0,40.0
sglang,39045,performance,stratified_sample_1000_state_x_month,closed,2026-09,1,498.0
sglang,40207,performance,stratified_sample_1000_state_x_month,closed,2026-09,1,150.0
sglang,39301,performance,stratified_sample_1000_state_x_month,closed,2026-09,2,1062.0
sglang,39041,performance,stratified_sample_1000_state_x_month,closed,2026-09,1,165.0
sglang,39198,performance,stratified_sample_1000_state_x_month,closed,2026-09,1,403.0
sglang,39397,performance,stratified_sample_1000_state_x_month,closed,2026-09,2,27524.0
sglang,39179,performance,stratified_sample_1000_state_x_month,closed,2026-09,2,796.0
sglang,38254,performance,stratified_sample_1000_state_x_month,closed,2026-09,0,72.0
sglang,39248,performance,stratified_sample_1000_state_x_month,closed,2026-09,1,481.0
sglang,40918,performance,stratified_sample_1000_state_x_month,closed,2026-09,2,874.0
sglang,40350,performance,stratified_sample_1000_state_x_month,closed,2026-09,1,451.0
sglang,39187,performance,stratified_sample_1000_state_x_month,closed,2026-09,2,24164.0
sglang,39761,performance,stratified_sample_1000_state_x_month,closed,2026-09,2,33042.0
sglang,38200,performance,stratified_sample_1000_state_x_month,closed,2026-09,2,1875.0
sglang,38168,performance,stratified_sample_1000_state_x_month,closed,2026-09,2,2057.0
sglang,39221,performance,stratified_sample_1000_state_x_month,closed,2026-09,1,191.0
sglang,39057,performance,stratified_sample_1000_state_x_month,closed,2026-09,2,1573.0
sglang,38392,performance,stratified_sample_1000_state_x_month,closed,2026-09,1,294.0
sglang,41086,performance,stratified_sample_1000_state_x_month,closed,2026-09,0,5.0
sglang,39944,performance,stratified_sample_1000_state_x_month,closed,2026-09,2,2161.0
sglang,38674,performance,stratified_sample_1000_state_x_month,closed,2026-09,2,1350.0
sglang,37957,performance,stratified_sample_1000_state_x_month,closed,2026-09,1,146.0
sglang,40189,performance,stratified_sample_1000_state_x_month,closed,2026-09,2,976.0
sglang,39969,performance,stratified_sample_1000_state_x_month,closed,2026-09,0,76.0
sglang,39903,performance,stratified_sample_1000_state_x_month,closed,2026-09,1,193.0
sglang,38476,performance,stratified_sample_1000_state_x_month,closed,2026-09,1,433.0
sglang,37396,performance,stratified_sample_1000_state_x_month,closed,2026-09,2,3192.0
sglang,39350,performance,stratified_sample_1000_state_x_month,closed,2026-09,0,49.0
sglang,11563,performance,stratified_sample_1000_state_x_month,merged,2025-10,0,52.0
sglang,11816,performance,stratified_sample_1000_state_x_month,merged,2025-10,0,141.0
sglang,11565,performance,stratified_sample_1000_state_x_month,merged,2025-10,0,1.0
sglang,11730,performance,stratified_sample_1000_state_x_month,merged,2025-10,1,146.0
sglang,12307,performance,stratified_sample_1000_state_x_month,merged,2025-10,0,7.0
sglang,12239,performance,stratified_sample_1000_state_x_month,merged,2025-10,0,22.0
sglang,11221,performance,stratified_sample_1000_state_x_month,merged,2025-10,0,52.0
sglang,12080,performance,stratified_sample_1000_state_x_month,merged,2025-10,0,8.0
sglang,12294,performance,stratified_sample_1000_state_x_month,merged,2025-10,0,4.0
sglang,11611,performance,stratified_sample_1000_state_x_month,merged,2025-10,0,46.0
sglang,12435,performance,stratified_sample_1000_state_x_month,merged,2025-10,0,135.0
sglang,11482,performance,stratified_sample_1000_state_x_month,merged,2025-10,0,10.0
sglang,11874,performance,stratified_sample_1000_state_x_month,merged,2025-10,0,37.0
sglang,11637,performance,stratified_sample_1000_state_x_month,merged,2025-10,1,177.0
sglang,11398,performance,stratified_sample_1000_state_x_month,merged,2025-10,2,1675.0
sglang,12066,performance,stratified_sample_1000_state_x_month,merged,2025-10,1,514.0
sglang,11432,performance,stratified_sample_1000_state_x_month,merged,2025-10,2,1473.0
sglang,12094,performance,stratified_sample_1000_state_x_month,merged,2025-10,0,132.0
sglang,12199,performance,stratified_sample_1000_state_x_month,merged,2025-10,0,48.0
sglang,11917,performance,stratified_sample_1000_state_x_month,merged,2025-10,1,444.0
sglang,13049,performance,stratified_sample_1000_state_x_month,merged,2025-11,2,992.0
sglang,13747,performance,stratified_sample_1000_state_x_month,merged,2025-11,2,855.0
sglang,13587,performance,stratified_sample_1000_state_x_month,merged,2025-11,0,7.0
sglang,13798,performance,stratified_sample_1000_state_x_month,merged,2025-11,1,241.0
sglang,13087,performance,stratified_sample_1000_state_x_month,merged,2025-11,1,231.0
sglang,13199,performance,stratified_sample_1000_state_x_month,merged,2025-11,0,2.0
sglang,13592,performance,stratified_sample_1000_state_x_month,merged,2025-11,1,294.0
sglang,14044,performance,stratified_sample_1000_state_x_month,merged,2025-11,0,20.0
sglang,12692,performance,stratified_sample_1000_state_x_month,merged,2025-11,1,169.0
sglang,13334,performance,stratified_sample_1000_state_x_month,merged,2025-11,0,46.0
sglang,13455,performance,stratified_sample_1000_state_x_month,merged,2025-11,1,173.0
sglang,12888,performance,stratified_sample_1000_state_x_month,merged,2025-11,0,14.0
sglang,13596,performance,stratified_sample_1000_state_x_month,merged,2025-11,1,508.0
sglang,13977,performance,stratified_sample_1000_state_x_month,merged,2025-11,0,13.0
sglang,12787,performance,stratified_sample_1000_state_x_month,merged,2025-11,1,327.0
sglang,12660,performance,stratified_sample_1000_state_x_month,merged,2025-11,0,42.0
sglang,12491,performance,stratified_sample_1000_state_x_month,merged,2025-11,1,298.0
sglang,13466,performance,stratified_sample_1000_state_x_month,merged,2025-11,0,23.0
sglang,13617,performance,stratified_sample_1000_state_x_month,merged,2025-11,0,76.0
sglang,12921,performance,stratified_sample_1000_state_x_month,merged,2025-11,1,424.0
sglang,13102,performance,stratified_sample_1000_state_x_month,merged,2025-11,1,376.0
sglang,13873,performance,stratified_sample_1000_state_x_month,merged,2025-11,1,276.0
sglang,13453,performance,stratified_sample_1000_state_x_month,merged,2025-11,2,1609.0
sglang,14036,performance,stratified_sample_1000_state_x_month,merged,2025-11,2,696.0
sglang,13705,performance,stratified_sample_1000_state_x_month,merged,2025-11,0,118.0
sglang,13603,performance,stratified_sample_1000_state_x_month,merged,2025-11,0,6.0
sglang,13731,performance,stratified_sample_1000_state_x_month,merged,2025-11,2,1175.0
sglang,15888,performance,stratified_sample_1000_state_x_month,merged,2025-12,1,561.0
sglang,15812,performance,stratified_sample_1000_state_x_month,merged,2025-12,1,517.0
sglang,16043,performance,stratified_sample_1000_state_x_month,merged,2025-12,1,383.0
sglang,15712,performance,stratified_sample_1000_state_x_month,merged,2025-12,0,41.0
sglang,15836,performance,stratified_sample_1000_state_x_month,merged,2025-12,0,126.0
sglang,15640,performance,stratified_sample_1000_state_x_month,merged,2025-12,0,36.0
sglang,14422,performance,stratified_sample_1000_state_x_month,merged,2025-12,2,721.0
sglang,15040,performance,stratified_sample_1000_state_x_month,merged,2025-12,0,96.0
sglang,15347,performance,stratified_sample_1000_state_x_month,merged,2025-12,1,177.0
sglang,16040,performance,stratified_sample_1000_state_x_month,merged,2025-12,1,246.0
sglang,14644,performance,stratified_sample_1000_state_x_month,merged,2025-12,1,165.0
sglang,14572,performance,stratified_sample_1000_state_x_month,merged,2025-12,1,209.0
sglang,14956,performance,stratified_sample_1000_state_x_month,merged,2025-12,0,6.0
sglang,15896,performance,stratified_sample_1000_state_x_month,merged,2025-12,0,70.0
sglang,14906,performance,stratified_sample_1000_state_x_month,merged,2025-12,1,195.0
sglang,15087,performance,stratified_sample_1000_state_x_month,merged,2025-12,1,226.0
sglang,15141,performance,stratified_sample_1000_state_x_month,merged,2025-12,0,118.0
sglang,16062,performance,stratified_sample_1000_state_x_month,merged,2025-12,0,72.0
sglang,15168,performance,stratified_sample_1000_state_x_month,merged,2025-12,1,403.0
sglang,14717,performance,stratified_sample_1000_state_x_month,merged,2025-12,2,1451.0
sglang,14736,performance,stratified_sample_1000_state_x_month,merged,2025-12,0,133.0
sglang,14505,performance,stratified_sample_1000_state_x_month,merged,2025-12,1,161.0
sglang,15316,performance,stratified_sample_1000_state_x_month,merged,2025-12,1,338.0
sglang,15569,performance,stratified_sample_1000_state_x_month,merged,2025-12,1,146.0
sglang,15464,performance,stratified_sample_1000_state_x_month,merged,2025-12,0,76.0
sglang,15009,performance,stratified_sample_1000_state_x_month,merged,2025-12,0,9.0
sglang,15948,performance,stratified_sample_1000_state_x_month,merged,2025-12,1,292.0
sglang,14758,performance,stratified_sample_1000_state_x_month,merged,2025-12,2,806.0
sglang,14658,performance,stratified_sample_1000_state_x_month,merged,2025-12,1,493.0
sglang,14416,performance,stratified_sample_1000_state_x_month,merged,2025-12,1,191.0
sglang,15835,performance,stratified_sample_1000_state_x_month,merged,2025-12,2,954.0
sglang,14793,performance,stratified_sample_1000_state_x_month,merged,2025-12,1,260.0
sglang,17883,performance,stratified_sample_1000_state_x_month,merged,2026-01,2,849.0
sglang,16878,performance,stratified_sample_1000_state_x_month,merged,2026-01,2,631.0
sglang,16720,performance,stratified_sample_1000_state_x_month,merged,2026-01,0,69.0
sglang,17387,performance,stratified_sample_1000_state_x_month,merged,2026-01,0,120.0
sglang,16879,performance,stratified_sample_1000_state_x_month,merged,2026-01,1,434.0
sglang,17575,performance,stratified_sample_1000_state_x_month,merged,2026-01,0,9.0
sglang,17891,performance,stratified_sample_1000_state_x_month,merged,2026-01,1,146.0
sglang,17654,performance,stratified_sample_1000_state_x_month,merged,2026-01,0,140.0
sglang,16758,performance,stratified_sample_1000_state_x_month,merged,2026-01,1,149.0
sglang,17747,performance,stratified_sample_1000_state_x_month,merged,2026-01,0,5.0
sglang,16483,performance,stratified_sample_1000_state_x_month,merged,2026-01,0,10.0
sglang,16438,performance,stratified_sample_1000_state_x_month,merged,2026-01,0,73.0
sglang,17449,performance,stratified_sample_1000_state_x_month,merged,2026-01,2,756.0
sglang,16273,performance,stratified_sample_1000_state_x_month,merged,2026-01,1,549.0
sglang,16804,performance,stratified_sample_1000_state_x_month,merged,2026-01,1,275.0
sglang,17756,performance,stratified_sample_1000_state_x_month,merged,2026-01,0,28.0
sglang,17812,performance,stratified_sample_1000_state_x_month,merged,2026-01,1,345.0
sglang,17688,performance,stratified_sample_1000_state_x_month,merged,2026-01,0,8.0
sglang,17205,performance,stratified_sample_1000_state_x_month,merged,2026-01,0,9.0
sglang,16668,performance,stratified_sample_1000_state_x_month,merged,2026-01,0,41.0
sglang,17327,performance,stratified_sample_1000_state_x_month,merged,2026-01,0,4.0
sglang,17377,performance,stratified_sample_1000_state_x_month,merged,2026-01,0,6.0
sglang,16299,performance,stratified_sample_1000_state_x_month,merged,2026-01,0,123.0
sglang,16637,performance,stratified_sample_1000_state_x_month,merged,2026-01,0,86.0
sglang,17467,performance,stratified_sample_1000_state_x_month,merged,2026-01,0,73.0
sglang,17228,performance,stratified_sample_1000_state_x_month,merged,2026-01,0,5.0
sglang,19493,performance,stratified_sample_1000_state_x_month,merged,2026-02,0,12.0
sglang,18282,performance,stratified_sample_1000_state_x_month,merged,2026-02,0,16.0
sglang,18833,performance,stratified_sample_1000_state_x_month,merged,2026-02,1,146.0
sglang,19103,performance,stratified_sample_1000_state_x_month,merged,2026-02,2,641.0
sglang,18917,performance,stratified_sample_1000_state_x_month,merged,2026-02,0,8.0
sglang,18488,performance,stratified_sample_1000_state_x_month,merged,2026-02,1,257.0
sglang,19248,performance,stratified_sample_1000_state_x_month,merged,2026-02,2,769.0
sglang,18437,performance,stratified_sample_1000_state_x_month,merged,2026-02,0,23.0
sglang,18882,performance,stratified_sample_1000_state_x_month,merged,2026-02,1,207.0
sglang,18764,performance,stratified_sample_1000_state_x_month,merged,2026-02,2,2573.0
sglang,18851,performance,stratified_sample_1000_state_x_month,merged,2026-02,1,146.0
sglang,19290,performance,stratified_sample_1000_state_x_month,merged,2026-02,2,788.0
sglang,18992,performance,stratified_sample_1000_state_x_month,merged,2026-02,1,180.0
sglang,18361,performance,stratified_sample_1000_state_x_month,merged,2026-02,1,379.0
sglang,19434,performance,stratified_sample_1000_state_x_month,merged,2026-02,2,710.0
sglang,18389,performance,stratified_sample_1000_state_x_month,merged,2026-02,1,535.0
sglang,19419,performance,stratified_sample_1000_state_x_month,merged,2026-02,0,40.0
sglang,19416,performance,stratified_sample_1000_state_x_month,merged,2026-02,0,4.0
sglang,18073,performance,stratified_sample_1000_state_x_month,merged,2026-02,1,462.0
sglang,18195,performance,stratified_sample_1000_state_x_month,merged,2026-02,1,146.0
sglang,19320,performance,stratified_sample_1000_state_x_month,merged,2026-02,1,441.0
sglang,18253,performance,stratified_sample_1000_state_x_month,merged,2026-02,1,290.0
sglang,18088,performance,stratified_sample_1000_state_x_month,merged,2026-02,1,620.0
sglang,18161,performance,stratified_sample_1000_state_x_month,merged,2026-02,0,119.0
sglang,20406,performance,stratified_sample_1000_state_x_month,merged,2026-03,0,11.0
sglang,19711,performance,stratified_sample_1000_state_x_month,merged,2026-03,2,1072.0
sglang,19813,performance,stratified_sample_1000_state_x_month,merged,2026-03,0,10.0
sglang,20477,performance,stratified_sample_1000_state_x_month,merged,2026-03,0,37.0
sglang,21232,performance,stratified_sample_1000_state_x_month,merged,2026-03,1,426.0
sglang,20368,performance,stratified_sample_1000_state_x_month,merged,2026-03,1,322.0
sglang,20410,performance,stratified_sample_1000_state_x_month,merged,2026-03,0,11.0
sglang,21421,performance,stratified_sample_1000_state_x_month,merged,2026-03,0,25.0
sglang,21240,performance,stratified_sample_1000_state_x_month,merged,2026-03,1,170.0
sglang,21318,performance,stratified_sample_1000_state_x_month,merged,2026-03,0,98.0
sglang,20673,performance,stratified_sample_1000_state_x_month,merged,2026-03,2,1005.0
sglang,21019,performance,stratified_sample_1000_state_x_month,merged,2026-03,2,799.0
sglang,21339,performance,stratified_sample_1000_state_x_month,merged,2026-03,2,1439.0
sglang,20479,performance,stratified_sample_1000_state_x_month,merged,2026-03,0,117.0
sglang,20012,performance,stratified_sample_1000_state_x_month,merged,2026-03,2,3617.0
sglang,20736,performance,stratified_sample_1000_state_x_month,merged,2026-03,1,226.0
sglang,20396,performance,stratified_sample_1000_state_x_month,merged,2026-03,0,20.0
sglang,21403,performance,stratified_sample_1000_state_x_month,merged,2026-03,1,162.0
sglang,20978,performance,stratified_sample_1000_state_x_month,merged,2026-03,0,18.0
sglang,21465,performance,stratified_sample_1000_state_x_month,merged,2026-03,0,102.0
sglang,19945,performance,stratified_sample_1000_state_x_month,merged,2026-03,1,236.0
sglang,21314,performance,stratified_sample_1000_state_x_month,merged,2026-03,2,1718.0
sglang,20897,performance,stratified_sample_1000_state_x_month,merged,2026-03,0,44.0
sglang,21771,performance,stratified_sample_1000_state_x_month,merged,2026-03,0,5.0
sglang,20395,performance,stratified_sample_1000_state_x_month,merged,2026-03,2,913.0
sglang,20972,performance,stratified_sample_1000_state_x_month,merged,2026-03,0,24.0
sglang,20501,performance,stratified_sample_1000_state_x_month,merged,2026-03,2,792.0
sglang,20796,performance,stratified_sample_1000_state_x_month,merged,2026-03,2,2017.0
sglang,20319,performance,stratified_sample_1000_state_x_month,merged,2026-03,1,303.0
sglang,20187,performance,stratified_sample_1000_state_x_month,merged,2026-03,1,231.0
sglang,21020,performance,stratified_sample_1000_state_x_month,merged,2026-03,0,33.0
sglang,21503,performance,stratified_sample_1000_state_x_month,merged,2026-03,0,113.0
sglang,22669,performance,stratified_sample_1000_state_x_month,merged,2026-04,1,314.0
sglang,22342,performance,stratified_sample_1000_state_x_month,merged,2026-04,0,43.0
sglang,22791,performance,stratified_sample_1000_state_x_month,merged,2026-04,2,3852.0
sglang,21986,performance,stratified_sample_1000_state_x_month,merged,2026-04,1,319.0
sglang,23938,performance,stratified_sample_1000_state_x_month,merged,2026-04,1,377.0
sglang,22180,performance,stratified_sample_1000_state_x_month,merged,2026-04,0,139.0
sglang,24028,performance,stratified_sample_1000_state_x_month,merged,2026-04,0,68.0
sglang,23682,performance,stratified_sample_1000_state_x_month,merged,2026-04,1,146.0
sglang,22587,performance,stratified_sample_1000_state_x_month,merged,2026-04,2,1675.0
sglang,22734,performance,stratified_sample_1000_state_x_month,merged,2026-04,2,2174.0
sglang,23707,performance,stratified_sample_1000_state_x_month,merged,2026-04,1,425.0
sglang,23833,performance,stratified_sample_1000_state_x_month,merged,2026-04,2,1444.0
sglang,22921,performance,stratified_sample_1000_state_x_month,merged,2026-04,1,187.0
sglang,23765,performance,stratified_sample_1000_state_x_month,merged,2026-04,0,1.0
sglang,23118,performance,stratified_sample_1000_state_x_month,merged,2026-04,1,195.0
sglang,23648,performance,stratified_sample_1000_state_x_month,merged,2026-04,0,24.0
sglang,22416,performance,stratified_sample_1000_state_x_month,merged,2026-04,2,1200.0
sglang,23929,performance,stratified_sample_1000_state_x_month,merged,2026-04,0,26.0
sglang,24133,performance,stratified_sample_1000_state_x_month,merged,2026-04,0,41.0
sglang,24117,performance,stratified_sample_1000_state_x_month,merged,2026-04,0,109.0
sglang,24048,performance,stratified_sample_1000_state_x_month,merged,2026-04,1,164.0
sglang,23186,performance,stratified_sample_1000_state_x_month,merged,2026-04,0,12.0
sglang,22515,performance,stratified_sample_1000_state_x_month,merged,2026-04,0,8.0
sglang,22122,performance,stratified_sample_1000_state_x_month,merged,2026-04,2,1254.0
sglang,22417,performance,stratified_sample_1000_state_x_month,merged,2026-04,0,2.0
sglang,22386,performance,stratified_sample_1000_state_x_month,merged,2026-04,1,448.0
sglang,22911,performance,stratified_sample_1000_state_x_month,merged,2026-04,0,117.0
sglang,23146,performance,stratified_sample_1000_state_x_month,merged,2026-04,2,736.0
sglang,22574,performance,stratified_sample_1000_state_x_month,merged,2026-04,2,945.0
sglang,22258,performance,stratified_sample_1000_state_x_month,merged,2026-04,0,93.0
sglang,23038,performance,stratified_sample_1000_state_x_month,merged,2026-04,2,736.0
sglang,22672,performance,stratified_sample_1000_state_x_month,merged,2026-04,2,1038.0
sglang,25860,performance,stratified_sample_1000_state_x_month,merged,2026-05,0,15.0
sglang,26348,performance,stratified_sample_1000_state_x_month,merged,2026-05,2,1800.0
sglang,24550,performance,stratified_sample_1000_state_x_month,merged,2026-05,0,27.0
sglang,24816,performance,stratified_sample_1000_state_x_month,merged,2026-05,2,1545.0
sglang,24616,performance,stratified_sample_1000_state_x_month,merged,2026-05,1,311.0
sglang,25460,performance,stratified_sample_1000_state_x_month,merged,2026-05,1,321.0
sglang,26626,performance,stratified_sample_1000_state_x_month,merged,2026-05,2,3144.0
sglang,26241,performance,stratified_sample_1000_state_x_month,merged,2026-05,0,19.0
sglang,25953,performance,stratified_sample_1000_state_x_month,merged,2026-05,0,48.0
sglang,26083,performance,stratified_sample_1000_state_x_month,merged,2026-05,2,800.0
sglang,26209,performance,stratified_sample_1000_state_x_month,merged,2026-05,2,1210.0
sglang,25569,performance,stratified_sample_1000_state_x_month,merged,2026-05,0,6.0
sglang,26200,performance,stratified_sample_1000_state_x_month,merged,2026-05,2,3775.0
sglang,26318,performance,stratified_sample_1000_state_x_month,merged,2026-05,2,652.0
sglang,26235,performance,stratified_sample_1000_state_x_month,merged,2026-05,0,32.0
sglang,24732,performance,stratified_sample_1000_state_x_month,merged,2026-05,0,38.0
sglang,25265,performance,stratified_sample_1000_state_x_month,merged,2026-05,0,13.0
sglang,25189,performance,stratified_sample_1000_state_x_month,merged,2026-05,0,17.0
sglang,25002,performance,stratified_sample_1000_state_x_month,merged,2026-05,0,84.0
sglang,24897,performance,stratified_sample_1000_state_x_month,merged,2026-05,0,57.0
sglang,25054,performance,stratified_sample_1000_state_x_month,merged,2026-05,1,389.0
sglang,25976,performance,stratified_sample_1000_state_x_month,merged,2026-05,2,923.0
sglang,25532,performance,stratified_sample_1000_state_x_month,merged,2026-05,2,1907.0
sglang,25327,performance,stratified_sample_1000_state_x_month,merged,2026-05,0,13.0
sglang,26424,performance,stratified_sample_1000_state_x_month,merged,2026-05,1,190.0
sglang,24355,performance,stratified_sample_1000_state_x_month,merged,2026-05,0,129.0
sglang,24262,performance,stratified_sample_1000_state_x_month,merged,2026-05,1,189.0
sglang,26208,performance,stratified_sample_1000_state_x_month,merged,2026-05,2,8978.0
sglang,25855,performance,stratified_sample_1000_state_x_month,merged,2026-05,2,699.0
sglang,25820,performance,stratified_sample_1000_state_x_month,merged,2026-05,1,402.0
sglang,24947,performance,stratified_sample_1000_state_x_month,merged,2026-05,2,2006.0
sglang,25220,performance,stratified_sample_1000_state_x_month,merged,2026-05,2,3471.0
sglang,25773,performance,stratified_sample_1000_state_x_month,merged,2026-05,0,39.0
sglang,25751,performance,stratified_sample_1000_state_x_month,merged,2026-05,2,2500.0
sglang,25514,performance,stratified_sample_1000_state_x_month,merged,2026-05,0,125.0
sglang,24491,performance,stratified_sample_1000_state_x_month,merged,2026-05,2,2266.0
sglang,25020,performance,stratified_sample_1000_state_x_month,merged,2026-05,1,328.0
sglang,26188,performance,stratified_sample_1000_state_x_month,merged,2026-05,2,1054.0
sglang,24246,performance,stratified_sample_1000_state_x_month,merged,2026-05,0,129.0
sglang,24710,performance,stratified_sample_1000_state_x_month,merged,2026-05,0,54.0
sglang,25251,performance,stratified_sample_1000_state_x_month,merged,2026-05,1,315.0
sglang,25835,performance,stratified_sample_1000_state_x_month,merged,2026-05,1,560.0
sglang,26397,performance,stratified_sample_1000_state_x_month,merged,2026-05,0,43.0
sglang,24651,performance,stratified_sample_1000_state_x_month,merged,2026-05,2,1200.0
sglang,28451,performance,stratified_sample_1000_state_x_month,merged,2026-06,2,1785.0
sglang,27041,performance,stratified_sample_1000_state_x_month,merged,2026-06,0,91.0
sglang,29202,performance,stratified_sample_1000_state_x_month,merged,2026-06,0,49.0
sglang,28085,performance,stratified_sample_1000_state_x_month,merged,2026-06,0,56.0
sglang,29509,performance,stratified_sample_1000_state_x_month,merged,2026-06,0,52.0
sglang,28723,performance,stratified_sample_1000_state_x_month,merged,2026-06,1,459.0
sglang,28363,performance,stratified_sample_1000_state_x_month,merged,2026-06,0,73.0
sglang,29077,performance,stratified_sample_1000_state_x_month,merged,2026-06,0,19.0
sglang,29117,performance,stratified_sample_1000_state_x_month,merged,2026-06,2,2250.0
sglang,29735,performance,stratified_sample_1000_state_x_month,merged,2026-06,1,356.0
sglang,28204,performance,stratified_sample_1000_state_x_month,merged,2026-06,1,193.0
sglang,27826,performance,stratified_sample_1000_state_x_month,merged,2026-06,1,370.0
sglang,29692,performance,stratified_sample_1000_state_x_month,merged,2026-06,0,108.0
sglang,26914,performance,stratified_sample_1000_state_x_month,merged,2026-06,0,63.0
sglang,27096,performance,stratified_sample_1000_state_x_month,merged,2026-06,1,346.0
sglang,29533,performance,stratified_sample_1000_state_x_month,merged,2026-06,2,2279.0
sglang,28982,performance,stratified_sample_1000_state_x_month,merged,2026-06,0,20.0
sglang,29678,performance,stratified_sample_1000_state_x_month,merged,2026-06,2,8929.0
sglang,27928,performance,stratified_sample_1000_state_x_month,merged,2026-06,1,218.0
sglang,27926,performance,stratified_sample_1000_state_x_month,merged,2026-06,1,486.0
sglang,28166,performance,stratified_sample_1000_state_x_month,merged,2026-06,1,146.0
sglang,28073,performance,stratified_sample_1000_state_x_month,merged,2026-06,0,121.0
sglang,29382,performance,stratified_sample_1000_state_x_month,merged,2026-06,0,2.0
sglang,29734,performance,stratified_sample_1000_state_x_month,merged,2026-06,1,249.0
sglang,28106,performance,stratified_sample_1000_state_x_month,merged,2026-06,1,485.0
sglang,29053,performance,stratified_sample_1000_state_x_month,merged,2026-06,2,929.0
sglang,28275,performance,stratified_sample_1000_state_x_month,merged,2026-06,1,158.0
sglang,28975,performance,stratified_sample_1000_state_x_month,merged,2026-06,1,201.0
sglang,29350,performance,stratified_sample_1000_state_x_month,merged,2026-06,0,46.0
sglang,27297,performance,stratified_sample_1000_state_x_month,merged,2026-06,1,581.0
sglang,27089,performance,stratified_sample_1000_state_x_month,merged,2026-06,0,121.0
sglang,27854,performance,stratified_sample_1000_state_x_month,merged,2026-06,0,2.0
sglang,27988,performance,stratified_sample_1000_state_x_month,merged,2026-06,1,520.0
sglang,28304,performance,stratified_sample_1000_state_x_month,merged,2026-06,0,68.0
sglang,28450,performance,stratified_sample_1000_state_x_month,merged,2026-06,1,388.0
sglang,28056,performance,stratified_sample_1000_state_x_month,merged,2026-06,0,54.0
sglang,27053,performance,stratified_sample_1000_state_x_month,merged,2026-06,2,918.0
sglang,29421,performance,stratified_sample_1000_state_x_month,merged,2026-06,2,1579.0
sglang,27349,performance,stratified_sample_1000_state_x_month,merged,2026-06,1,619.0
sglang,28185,performance,stratified_sample_1000_state_x_month,merged,2026-06,2,1028.0
sglang,29498,performance,stratified_sample_1000_state_x_month,merged,2026-06,2,1262.0
sglang,27705,performance,stratified_sample_1000_state_x_month,merged,2026-06,2,1265.0
sglang,28666,performance,stratified_sample_1000_state_x_month,merged,2026-06,2,708.0
sglang,27277,performance,stratified_sample_1000_state_x_month,merged,2026-06,2,1543.0
sglang,27745,performance,stratified_sample_1000_state_x_month,merged,2026-06,1,371.0
sglang,27630,performance,stratified_sample_1000_state_x_month,merged,2026-06,0,134.0
sglang,28354,performance,stratified_sample_1000_state_x_month,merged,2026-06,1,534.0
sglang,28780,performance,stratified_sample_1000_state_x_month,merged,2026-06,0,76.0
sglang,29390,performance,stratified_sample_1000_state_x_month,merged,2026-06,1,359.0
sglang,27870,performance,stratified_sample_1000_state_x_month,merged,2026-06,0,26.0
sglang,28076,performance,stratified_sample_1000_state_x_month,merged,2026-06,0,44.0
sglang,29027,performance,stratified_sample_1000_state_x_month,merged,2026-06,0,60.0
sglang,27084,performance,stratified_sample_1000_state_x_month,merged,2026-06,0,7.0
sglang,29778,performance,stratified_sample_1000_state_x_month,merged,2026-06,2,2171.0
sglang,29075,performance,stratified_sample_1000_state_x_month,merged,2026-06,0,100.0
sglang,32219,performance,stratified_sample_1000_state_x_month,merged,2026-07,1,564.0
sglang,32162,performance,stratified_sample_1000_state_x_month,merged,2026-07,2,2187.0
sglang,31301,performance,stratified_sample_1000_state_x_month,merged,2026-07,1,145.0
sglang,32166,performance,stratified_sample_1000_state_x_month,merged,2026-07,0,82.0
sglang,32304,performance,stratified_sample_1000_state_x_month,merged,2026-07,0,111.0
sglang,32667,performance,stratified_sample_1000_state_x_month,merged,2026-07,2,1132.0
sglang,30878,performance,stratified_sample_1000_state_x_month,merged,2026-07,0,100.0
sglang,32886,performance,stratified_sample_1000_state_x_month,merged,2026-07,0,140.0
sglang,32887,performance,stratified_sample_1000_state_x_month,merged,2026-07,0,137.0
sglang,33021,performance,stratified_sample_1000_state_x_month,merged,2026-07,0,41.0
sglang,33137,performance,stratified_sample_1000_state_x_month,merged,2026-07,1,206.0
sglang,30315,performance,stratified_sample_1000_state_x_month,merged,2026-07,2,950.0
sglang,30117,performance,stratified_sample_1000_state_x_month,merged,2026-07,2,1506.0
sglang,30707,performance,stratified_sample_1000_state_x_month,merged,2026-07,0,47.0
sglang,31250,performance,stratified_sample_1000_state_x_month,merged,2026-07,0,7.0
sglang,32784,performance,stratified_sample_1000_state_x_month,merged,2026-07,1,527.0
sglang,32577,performance,stratified_sample_1000_state_x_month,merged,2026-07,2,933.0
sglang,30954,performance,stratified_sample_1000_state_x_month,merged,2026-07,0,87.0
sglang,30247,performance,stratified_sample_1000_state_x_month,merged,2026-07,1,343.0
sglang,31479,performance,stratified_sample_1000_state_x_month,merged,2026-07,1,302.0
sglang,31755,performance,stratified_sample_1000_state_x_month,merged,2026-07,0,48.0
sglang,31382,performance,stratified_sample_1000_state_x_month,merged,2026-07,0,112.0
sglang,30427,performance,stratified_sample_1000_state_x_month,merged,2026-07,0,85.0
sglang,32731,performance,stratified_sample_1000_state_x_month,merged,2026-07,2,1610.0
sglang,31856,performance,stratified_sample_1000_state_x_month,merged,2026-07,1,317.0
sglang,33128,performance,stratified_sample_1000_state_x_month,merged,2026-07,1,520.0
sglang,33085,performance,stratified_sample_1000_state_x_month,merged,2026-07,0,123.0
sglang,32109,performance,stratified_sample_1000_state_x_month,merged,2026-07,1,215.0
sglang,33023,performance,stratified_sample_1000_state_x_month,merged,2026-07,2,1634.0
sglang,32699,performance,stratified_sample_1000_state_x_month,merged,2026-07,2,651.0
sglang,29843,performance,stratified_sample_1000_state_x_month,merged,2026-07,2,862.0
sglang,30448,performance,stratified_sample_1000_state_x_month,merged,2026-07,2,5829.0
sglang,31574,performance,stratified_sample_1000_state_x_month,merged,2026-07,1,398.0
sglang,32941,performance,stratified_sample_1000_state_x_month,merged,2026-07,2,2493.0
sglang,29862,performance,stratified_sample_1000_state_x_month,merged,2026-07,1,164.0
sglang,32697,performance,stratified_sample_1000_state_x_month,merged,2026-07,0,111.0
sglang,31083,performance,stratified_sample_1000_state_x_month,merged,2026-07,2,698.0
sglang,31370,performance,stratified_sample_1000_state_x_month,merged,2026-07,0,84.0
sglang,32971,performance,stratified_sample_1000_state_x_month,merged,2026-07,2,1211.0
sglang,31128,performance,stratified_sample_1000_state_x_month,merged,2026-07,0,16.0
sglang,32944,performance,stratified_sample_1000_state_x_month,merged,2026-07,1,422.0
sglang,30575,performance,stratified_sample_1000_state_x_month,merged,2026-07,2,2006.0
sglang,31241,performance,stratified_sample_1000_state_x_month,merged,2026-07,0,106.0
sglang,32110,performance,stratified_sample_1000_state_x_month,merged,2026-07,0,12.0
sglang,30090,performance,stratified_sample_1000_state_x_month,merged,2026-07,1,159.0
sglang,32616,performance,stratified_sample_1000_state_x_month,merged,2026-07,0,2.0
sglang,32813,performance,stratified_sample_1000_state_x_month,merged,2026-07,1,573.0
sglang,32395,performance,stratified_sample_1000_state_x_month,merged,2026-07,1,410.0
sglang,33349,performance,stratified_sample_1000_state_x_month,merged,2026-08,2,940.0
sglang,35318,performance,stratified_sample_1000_state_x_month,merged,2026-08,2,1547.0
sglang,37144,performance,stratified_sample_1000_state_x_month,merged,2026-08,1,197.0
sglang,33667,performance,stratified_sample_1000_state_x_month,merged,2026-08,1,223.0
sglang,34563,performance,stratified_sample_1000_state_x_month,merged,2026-08,1,407.0
sglang,34938,performance,stratified_sample_1000_state_x_month,merged,2026-08,0,28.0
sglang,36821,performance,stratified_sample_1000_state_x_month,merged,2026-08,2,985.0
sglang,36624,performance,stratified_sample_1000_state_x_month,merged,2026-08,1,213.0
sglang,33655,performance,stratified_sample_1000_state_x_month,merged,2026-08,1,211.0
sglang,35628,performance,stratified_sample_1000_state_x_month,merged,2026-08,0,5.0
sglang,33871,performance,stratified_sample_1000_state_x_month,merged,2026-08,1,382.0
sglang,35207,performance,stratified_sample_1000_state_x_month,merged,2026-08,0,85.0
sglang,35573,performance,stratified_sample_1000_state_x_month,merged,2026-08,0,10.0
sglang,34315,performance,stratified_sample_1000_state_x_month,merged,2026-08,0,131.0
sglang,37075,performance,stratified_sample_1000_state_x_month,merged,2026-08,1,416.0
sglang,35071,performance,stratified_sample_1000_state_x_month,merged,2026-08,0,130.0
sglang,33451,performance,stratified_sample_1000_state_x_month,merged,2026-08,2,815.0
sglang,34461,performance,stratified_sample_1000_state_x_month,merged,2026-08,0,33.0
sglang,33981,performance,stratified_sample_1000_state_x_month,merged,2026-08,2,674.0
sglang,34915,performance,stratified_sample_1000_state_x_month,merged,2026-08,1,352.0
sglang,34306,performance,stratified_sample_1000_state_x_month,merged,2026-08,1,384.0
sglang,36505,performance,stratified_sample_1000_state_x_month,merged,2026-08,1,215.0
sglang,37156,performance,stratified_sample_1000_state_x_month,merged,2026-08,2,778.0
sglang,35882,performance,stratified_sample_1000_state_x_month,merged,2026-08,1,492.0
sglang,34008,performance,stratified_sample_1000_state_x_month,merged,2026-08,2,730.0
sglang,36543,performance,stratified_sample_1000_state_x_month,merged,2026-08,1,313.0
sglang,34930,performance,stratified_sample_1000_state_x_month,merged,2026-08,0,29.0
sglang,33857,performance,stratified_sample_1000_state_x_month,merged,2026-08,0,25.0
sglang,33775,performance,stratified_sample_1000_state_x_month,merged,2026-08,1,281.0
sglang,34490,performance,stratified_sample_1000_state_x_month,merged,2026-08,2,993.0
sglang,33623,performance,stratified_sample_1000_state_x_month,merged,2026-08,1,185.0
sglang,36607,performance,stratified_sample_1000_state_x_month,merged,2026-08,2,2218.0
sglang,36546,performance,stratified_sample_1000_state_x_month,merged,2026-08,2,1088.0
sglang,36758,performance,stratified_sample_1000_state_x_month,merged,2026-08,0,103.0
sglang,34507,performance,stratified_sample_1000_state_x_month,merged,2026-08,0,12.0
sglang,34693,performance,stratified_sample_1000_state_x_month,merged,2026-08,2,1084.0
sglang,34517,performance,stratified_sample_1000_state_x_month,merged,2026-08,1,355.0
sglang,33237,performance,stratified_sample_1000_state_x_month,merged,2026-08,1,364.0
sglang,35336,performance,stratified_sample_1000_state_x_month,merged,2026-08,1,181.0
sglang,36576,performance,stratified_sample_1000_state_x_month,merged,2026-08,0,28.0
sglang,36534,performance,stratified_sample_1000_state_x_month,merged,2026-08,1,367.0
sglang,36267,performance,stratified_sample_1000_state_x_month,merged,2026-08,1,403.0
sglang,34890,performance,stratified_sample_1000_state_x_month,merged,2026-08,0,98.0
sglang,33662,performance,stratified_sample_1000_state_x_month,merged,2026-08,0,20.0
sglang,35872,performance,stratified_sample_1000_state_x_month,merged,2026-08,0,84.0
sglang,34973,performance,stratified_sample_1000_state_x_month,merged,2026-08,0,57.0
sglang,34421,performance,stratified_sample_1000_state_x_month,merged,2026-08,0,29.0
sglang,35728,performance,stratified_sample_1000_state_x_month,merged,2026-08,1,169.0
sglang,33734,performance,stratified_sample_1000_state_x_month,merged,2026-08,0,85.0
sglang,34462,performance,stratified_sample_1000_state_x_month,merged,2026-08,0,11.0
sglang,34314,performance,stratified_sample_1000_state_x_month,merged,2026-08,1,261.0
sglang,34893,performance,stratified_sample_1000_state_x_month,merged,2026-08,2,2591.0
sglang,34620,performance,stratified_sample_1000_state_x_month,merged,2026-08,1,314.0
sglang,34722,performance,stratified_sample_1000_state_x_month,merged,2026-08,0,53.0
sglang,33819,performance,stratified_sample_1000_state_x_month,merged,2026-08,0,140.0
sglang,35505,performance,stratified_sample_1000_state_x_month,merged,2026-08,0,132.0
sglang,36560,performance,stratified_sample_1000_state_x_month,merged,2026-08,1,396.0
sglang,36527,performance,stratified_sample_1000_state_x_month,merged,2026-08,1,406.0
sglang,37159,performance,stratified_sample_1000_state_x_month,merged,2026-08,0,58.0
sglang,36571,performance,stratified_sample_1000_state_x_month,merged,2026-08,0,83.0
sglang,36094,performance,stratified_sample_1000_state_x_month,merged,2026-08,1,165.0
sglang,36862,performance,stratified_sample_1000_state_x_month,merged,2026-08,0,18.0
sglang,34318,performance,stratified_sample_1000_state_x_month,merged,2026-08,1,186.0
sglang,34015,performance,stratified_sample_1000_state_x_month,merged,2026-08,1,243.0
sglang,33911,performance,stratified_sample_1000_state_x_month,merged,2026-08,2,795.0
sglang,33354,performance,stratified_sample_1000_state_x_month,merged,2026-08,1,310.0
sglang,34256,performance,stratified_sample_1000_state_x_month,merged,2026-08,1,298.0
sglang,36577,performance,stratified_sample_1000_state_x_month,merged,2026-08,0,37.0
sglang,36397,performance,stratified_sample_1000_state_x_month,merged,2026-08,0,64.0
sglang,34296,performance,stratified_sample_1000_state_x_month,merged,2026-08,0,6.0
sglang,37123,performance,stratified_sample_1000_state_x_month,merged,2026-08,2,1162.0
sglang,34888,performance,stratified_sample_1000_state_x_month,merged,2026-08,0,119.0
sglang,38080,performance,stratified_sample_1000_state_x_month,merged,2026-09,2,813.0
sglang,39200,performance,stratified_sample_1000_state_x_month,merged,2026-09,1,165.0
sglang,39123,performance,stratified_sample_1000_state_x_month,merged,2026-09,2,2560.0
sglang,39445,performance,stratified_sample_1000_state_x_month,merged,2026-09,1,241.0
sglang,40371,performance,stratified_sample_1000_state_x_month,merged,2026-09,0,7.0
sglang,41223,performance,stratified_sample_1000_state_x_month,merged,2026-09,0,2.0
sglang,39957,performance,stratified_sample_1000_state_x_month,merged,2026-09,2,1097.0
sglang,39438,performance,stratified_sample_1000_state_x_month,merged,2026-09,1,584.0
sglang,40943,performance,stratified_sample_1000_state_x_month,merged,2026-09,0,4.0
sglang,39486,performance,stratified_sample_1000_state_x_month,merged,2026-09,0,95.0
sglang,39705,performance,stratified_sample_1000_state_x_month,merged,2026-09,0,17.0
sglang,40204,performance,stratified_sample_1000_state_x_month,merged,2026-09,2,960.0
sglang,40116,performance,stratified_sample_1000_state_x_month,merged,2026-09,1,321.0
sglang,39059,performance,stratified_sample_1000_state_x_month,merged,2026-09,1,532.0
sglang,37889,performance,stratified_sample_1000_state_x_month,merged,2026-09,1,485.0
sglang,38182,performance,stratified_sample_1000_state_x_month,merged,2026-09,1,450.0
sglang,39987,performance,stratified_sample_1000_state_x_month,merged,2026-09,0,84.0
sglang,38042,performance,stratified_sample_1000_state_x_month,merged,2026-09,0,132.0
sglang,37667,performance,stratified_sample_1000_state_x_month,merged,2026-09,2,6374.0
sglang,41020,performance,stratified_sample_1000_state_x_month,merged,2026-09,2,2586.0
sglang,40854,performance,stratified_sample_1000_state_x_month,merged,2026-09,2,631.0
sglang,38396,performance,stratified_sample_1000_state_x_month,merged,2026-09,1,169.0
sglang,39778,performance,stratified_sample_1000_state_x_month,merged,2026-09,0,8.0
sglang,38227,performance,stratified_sample_1000_state_x_month,merged,2026-09,0,1.0
sglang,38340,performance,stratified_sample_1000_state_x_month,merged,2026-09,1,245.0
sglang,37629,performance,stratified_sample_1000_state_x_month,merged,2026-09,2,1364.0
sglang,37507,performance,stratified_sample_1000_state_x_month,merged,2026-09,2,1310.0
sglang,41339,performance,stratified_sample_1000_state_x_month,merged,2026-09,2,1509.0
sglang,39116,performance,stratified_sample_1000_state_x_month,merged,2026-09,1,239.0
sglang,40494,performance,stratified_sample_1000_state_x_month,merged,2026-09,1,416.0
sglang,37810,performance,stratified_sample_1000_state_x_month,merged,2026-09,2,835.0
sglang,39172,performance,stratified_sample_1000_state_x_month,merged,2026-09,1,467.0
sglang,39414,performance,stratified_sample_1000_state_x_month,merged,2026-09,2,2002.0
sglang,38116,performance,stratified_sample_1000_state_x_month,merged,2026-09,1,147.0
sglang,37658,performance,stratified_sample_1000_state_x_month,merged,2026-09,1,242.0
sglang,40481,performance,stratified_sample_1000_state_x_month,merged,2026-09,0,65.0
sglang,39688,performance,stratified_sample_1000_state_x_month,merged,2026-09,2,1114.0
sglang,37938,performance,stratified_sample_1000_state_x_month,merged,2026-09,0,106.0
sglang,39968,performance,stratified_sample_1000_state_x_month,merged,2026-09,0,64.0
sglang,41309,performance,stratified_sample_1000_state_x_month,merged,2026-09,1,150.0
sglang,39704,performance,stratified_sample_1000_state_x_month,merged,2026-09,2,1098.0
sglang,39775,performance,stratified_sample_1000_state_x_month,merged,2026-09,0,4.0
sglang,39657,performance,stratified_sample_1000_state_x_month,merged,2026-09,1,295.0
sglang,37324,performance,stratified_sample_1000_state_x_month,merged,2026-09,0,50.0
sglang,39382,performance,stratified_sample_1000_state_x_month,merged,2026-09,2,1533.0
sglang,39138,performance,stratified_sample_1000_state_x_month,merged,2026-09,1,279.0
sglang,37622,performance,stratified_sample_1000_state_x_month,merged,2026-09,2,661.0
sglang,38944,performance,stratified_sample_1000_state_x_month,merged,2026-09,2,2727.0
sglang,12892,performance,stratified_sample_1000_state_x_month,open,2025-11,1,413.0
sglang,15755,performance,stratified_sample_1000_state_x_month,open,2025-12,1,495.0
sglang,14832,performance,stratified_sample_1000_state_x_month,open,2025-12,0,55.0
sglang,14302,performance,stratified_sample_1000_state_x_month,open,2025-12,2,71487.0
sglang,17945,performance,stratified_sample_1000_state_x_month,open,2026-01,1,512.0
sglang,17459,performance,stratified_sample_1000_state_x_month,open,2026-01,1,252.0
sglang,18156,performance,stratified_sample_1000_state_x_month,open,2026-02,0,13.0
sglang,19990,performance,stratified_sample_1000_state_x_month,open,2026-03,1,152.0
sglang,20772,performance,stratified_sample_1000_state_x_month,open,2026-03,2,1674.0
sglang,22520,performance,stratified_sample_1000_state_x_month,open,2026-04,2,11311.0
sglang,23913,performance,stratified_sample_1000_state_x_month,open,2026-04,0,21.0
sglang,22351,performance,stratified_sample_1000_state_x_month,open,2026-04,2,2476.0
sglang,23935,performance,stratified_sample_1000_state_x_month,open,2026-04,2,906.0
sglang,23515,performance,stratified_sample_1000_state_x_month,open,2026-04,2,1173.0
sglang,25924,performance,stratified_sample_1000_state_x_month,open,2026-05,2,1118.0
sglang,26602,performance,stratified_sample_1000_state_x_month,open,2026-05,2,10574.0
sglang,24531,performance,stratified_sample_1000_state_x_month,open,2026-05,2,851.0
sglang,26274,performance,stratified_sample_1000_state_x_month,open,2026-05,2,980.0
sglang,24373,performance,stratified_sample_1000_state_x_month,open,2026-05,2,1246.0
sglang,25461,performance,stratified_sample_1000_state_x_month,open,2026-05,2,759.0
sglang,26319,performance,stratified_sample_1000_state_x_month,open,2026-05,1,192.0
sglang,29723,performance,stratified_sample_1000_state_x_month,open,2026-06,2,1412.0
sglang,27658,performance,stratified_sample_1000_state_x_month,open,2026-06,2,1229.0
sglang,29344,performance,stratified_sample_1000_state_x_month,open,2026-06,0,98.0
sglang,28842,performance,stratified_sample_1000_state_x_month,open,2026-06,0,81.0
sglang,28876,performance,stratified_sample_1000_state_x_month,open,2026-06,0,3.0
sglang,28756,performance,stratified_sample_1000_state_x_month,open,2026-06,2,891.0
sglang,27992,performance,stratified_sample_1000_state_x_month,open,2026-06,2,1489.0
sglang,28655,performance,stratified_sample_1000_state_x_month,open,2026-06,1,427.0
sglang,29209,performance,stratified_sample_1000_state_x_month,open,2026-06,0,23.0
sglang,27653,performance,stratified_sample_1000_state_x_month,open,2026-06,0,68.0
sglang,28994,performance,stratified_sample_1000_state_x_month,open,2026-06,2,1174.0
sglang,28690,performance,stratified_sample_1000_state_x_month,open,2026-06,2,6356.0
sglang,28187,performance,stratified_sample_1000_state_x_month,open,2026-06,2,962.0
sglang,33144,performance,stratified_sample_1000_state_x_month,open,2026-07,2,998.0
sglang,31305,performance,stratified_sample_1000_state_x_month,open,2026-07,2,3312.0
sglang,32159,performance,stratified_sample_1000_state_x_month,open,2026-07,0,9.0
sglang,32479,performance,stratified_sample_1000_state_x_month,open,2026-07,1,511.0
sglang,32978,performance,stratified_sample_1000_state_x_month,open,2026-07,1,454.0
sglang,30993,performance,stratified_sample_1000_state_x_month,open,2026-07,0,91.0
sglang,33080,performance,stratified_sample_1000_state_x_month,open,2026-07,0,16.0
sglang,32741,performance,stratified_sample_1000_state_x_month,open,2026-07,2,6414.0
sglang,32474,performance,stratified_sample_1000_state_x_month,open,2026-07,2,683.0
sglang,32497,performance,stratified_sample_1000_state_x_month,open,2026-07,0,28.0
sglang,33009,performance,stratified_sample_1000_state_x_month,open,2026-07,1,304.0
sglang,33095,performance,stratified_sample_1000_state_x_month,open,2026-07,0,79.0
sglang,30403,performance,stratified_sample_1000_state_x_month,open,2026-07,0,9.0
sglang,31447,performance,stratified_sample_1000_state_x_month,open,2026-07,1,351.0
sglang,31472,performance,stratified_sample_1000_state_x_month,open,2026-07,2,1977.0
sglang,29804,performance,stratified_sample_1000_state_x_month,open,2026-07,2,1996.0
sglang,30362,performance,stratified_sample_1000_state_x_month,open,2026-07,0,8.0
sglang,30266,performance,stratified_sample_1000_state_x_month,open,2026-07,1,600.0
sglang,33113,performance,stratified_sample_1000_state_x_month,open,2026-07,1,540.0
sglang,30797,performance,stratified_sample_1000_state_x_month,open,2026-07,2,1201.0
sglang,29970,performance,stratified_sample_1000_state_x_month,open,2026-07,2,1767.0
sglang,29825,performance,stratified_sample_1000_state_x_month,open,2026-07,0,134.0
sglang,31689,performance,stratified_sample_1000_state_x_month,open,2026-07,0,80.0
sglang,30373,performance,stratified_sample_1000_state_x_month,open,2026-07,1,156.0
sglang,30715,performance,stratified_sample_1000_state_x_month,open,2026-07,1,376.0
sglang,30218,performance,stratified_sample_1000_state_x_month,open,2026-07,0,4.0
sglang,30497,performance,stratified_sample_1000_state_x_month,open,2026-07,1,266.0
sglang,31628,performance,stratified_sample_1000_state_x_month,open,2026-07,1,509.0
sglang,32656,performance,stratified_sample_1000_state_x_month,open,2026-07,1,418.0
sglang,31197,performance,stratified_sample_1000_state_x_month,open,2026-07,2,812.0
sglang,30967,performance,stratified_sample_1000_state_x_month,open,2026-07,2,1551.0
sglang,32220,performance,stratified_sample_1000_state_x_month,open,2026-07,0,29.0
sglang,31172,performance,stratified_sample_1000_state_x_month,open,2026-07,1,255.0
sglang,32946,performance,stratified_sample_1000_state_x_month,open,2026-07,1,177.0
sglang,32885,performance,stratified_sample_1000_state_x_month,open,2026-07,0,101.0
sglang,32714,performance,stratified_sample_1000_state_x_month,open,2026-07,2,2947.0
sglang,33022,performance,stratified_sample_1000_state_x_month,open,2026-07,2,925.0
sglang,32190,performance,stratified_sample_1000_state_x_month,open,2026-07,0,78.0
sglang,32494,performance,stratified_sample_1000_state_x_month,open,2026-07,0,47.0
sglang,30949,performance,stratified_sample_1000_state_x_month,open,2026-07,0,119.0
sglang,32133,performance,stratified_sample_1000_state_x_month,open,2026-07,1,353.0
sglang,31247,performance,stratified_sample_1000_state_x_month,open,2026-07,1,467.0
sglang,34437,performance,stratified_sample_1000_state_x_month,open,2026-08,0,2.0
sglang,33673,performance,stratified_sample_1000_state_x_month,open,2026-08,1,541.0
sglang,35807,performance,stratified_sample_1000_state_x_month,open,2026-08,2,1511.0
sglang,35389,performance,stratified_sample_1000_state_x_month,open,2026-08,0,107.0
sglang,34905,performance,stratified_sample_1000_state_x_month,open,2026-08,2,4635.0
sglang,35567,performance,stratified_sample_1000_state_x_month,open,2026-08,1,320.0
sglang,33295,performance,stratified_sample_1000_state_x_month,open,2026-08,2,2924.0
sglang,36990,performance,stratified_sample_1000_state_x_month,open,2026-08,2,1231.0
sglang,36530,performance,stratified_sample_1000_state_x_month,open,2026-08,0,40.0
sglang,36563,performance,stratified_sample_1000_state_x_month,open,2026-08,0,108.0
sglang,33291,performance,stratified_sample_1000_state_x_month,open,2026-08,2,23107.0
sglang,33570,performance,stratified_sample_1000_state_x_month,open,2026-08,1,590.0
sglang,36788,performance,stratified_sample_1000_state_x_month,open,2026-08,2,1405.0
sglang,34578,performance,stratified_sample_1000_state_x_month,open,2026-08,0,69.0
sglang,33390,performance,stratified_sample_1000_state_x_month,open,2026-08,0,98.0
sglang,33950,performance,stratified_sample_1000_state_x_month,open,2026-08,1,209.0
sglang,34355,performance,stratified_sample_1000_state_x_month,open,2026-08,2,2086.0
sglang,34750,performance,stratified_sample_1000_state_x_month,open,2026-08,1,146.0
sglang,35155,performance,stratified_sample_1000_state_x_month,open,2026-08,2,2593.0
sglang,34775,performance,stratified_sample_1000_state_x_month,open,2026-08,2,2671.0
sglang,33881,performance,stratified_sample_1000_state_x_month,open,2026-08,1,321.0
sglang,34583,performance,stratified_sample_1000_state_x_month,open,2026-08,1,417.0
sglang,37180,performance,stratified_sample_1000_state_x_month,open,2026-08,2,4332.0
sglang,34805,performance,stratified_sample_1000_state_x_month,open,2026-08,2,781.0
sglang,35637,performance,stratified_sample_1000_state_x_month,open,2026-08,2,1341.0
sglang,35187,performance,stratified_sample_1000_state_x_month,open,2026-08,0,127.0
sglang,33418,performance,stratified_sample_1000_state_x_month,open,2026-08,2,1121.0
sglang,35874,performance,stratified_sample_1000_state_x_month,open,2026-08,2,677.0
sglang,34059,performance,stratified_sample_1000_state_x_month,open,2026-08,2,3064.0
sglang,37237,performance,stratified_sample_1000_state_x_month,open,2026-08,2,3244.0
sglang,36779,performance,stratified_sample_1000_state_x_month,open,2026-08,2,4046.0
sglang,35522,performance,stratified_sample_1000_state_x_month,open,2026-08,1,246.0
sglang,33226,performance,stratified_sample_1000_state_x_month,open,2026-08,1,314.0
sglang,36318,performance,stratified_sample_1000_state_x_month,open,2026-08,1,362.0
sglang,34387,performance,stratified_sample_1000_state_x_month,open,2026-08,2,1121.0
sglang,34682,performance,stratified_sample_1000_state_x_month,open,2026-08,2,12734.0
sglang,35846,performance,stratified_sample_1000_state_x_month,open,2026-08,2,5101.0
sglang,33802,performance,stratified_sample_1000_state_x_month,open,2026-08,0,15.0
sglang,34317,performance,stratified_sample_1000_state_x_month,open,2026-08,2,677.0
sglang,35074,performance,stratified_sample_1000_state_x_month,open,2026-08,2,931.0
sglang,33686,performance,stratified_sample_1000_state_x_month,open,2026-08,1,284.0
sglang,35078,performance,stratified_sample_1000_state_x_month,open,2026-08,2,10664.0
sglang,35429,performance,stratified_sample_1000_state_x_month,open,2026-08,2,2555.0
sglang,34727,performance,stratified_sample_1000_state_x_month,open,2026-08,2,2135.0
sglang,34839,performance,stratified_sample_1000_state_x_month,open,2026-08,2,981.0
sglang,33937,performance,stratified_sample_1000_state_x_month,open,2026-08,0,98.0
sglang,36501,performance,stratified_sample_1000_state_x_month,open,2026-08,2,1242.0
sglang,33364,performance,stratified_sample_1000_state_x_month,open,2026-08,2,2880.0
sglang,34454,performance,stratified_sample_1000_state_x_month,open,2026-08,2,2736.0
sglang,33533,performance,stratified_sample_1000_state_x_month,open,2026-08,2,821.0
sglang,34838,performance,stratified_sample_1000_state_x_month,open,2026-08,2,913.0
sglang,36964,performance,stratified_sample_1000_state_x_month,open,2026-08,0,99.0
sglang,35124,performance,stratified_sample_1000_state_x_month,open,2026-08,0,6.0
sglang,35373,performance,stratified_sample_1000_state_x_month,open,2026-08,1,236.0
sglang,34438,performance,stratified_sample_1000_state_x_month,open,2026-08,1,342.0
sglang,36191,performance,stratified_sample_1000_state_x_month,open,2026-08,2,5734.0
sglang,37261,performance,stratified_sample_1000_state_x_month,open,2026-08,1,473.0
sglang,34946,performance,stratified_sample_1000_state_x_month,open,2026-08,2,7371.0
sglang,34018,performance,stratified_sample_1000_state_x_month,open,2026-08,0,30.0
sglang,34200,performance,stratified_sample_1000_state_x_month,open,2026-08,2,653.0
sglang,36652,performance,stratified_sample_1000_state_x_month,open,2026-08,2,1620.0
sglang,36059,performance,stratified_sample_1000_state_x_month,open,2026-08,2,2664.0
sglang,35192,performance,stratified_sample_1000_state_x_month,open,2026-08,2,853.0
sglang,34165,performance,stratified_sample_1000_state_x_month,open,2026-08,0,122.0
sglang,35040,performance,stratified_sample_1000_state_x_month,open,2026-08,1,175.0
sglang,38921,performance,stratified_sample_1000_state_x_month,open,2026-09,2,2027.0
sglang,40588,performance,stratified_sample_1000_state_x_month,open,2026-09,0,89.0
sglang,38289,performance,stratified_sample_1000_state_x_month,open,2026-09,1,255.0
sglang,38583,performance,stratified_sample_1000_state_x_month,open,2026-09,2,3180.0
sglang,40491,performance,stratified_sample_1000_state_x_month,open,2026-09,2,8285.0
sglang,41301,performance,stratified_sample_1000_state_x_month,open,2026-09,2,2257.0
sglang,40910,performance,stratified_sample_1000_state_x_month,open,2026-09,0,17.0
sglang,38043,performance,stratified_sample_1000_state_x_month,open,2026-09,2,1191.0
sglang,40363,performance,stratified_sample_1000_state_x_month,open,2026-09,1,366.0
sglang,40492,performance,stratified_sample_1000_state_x_month,open,2026-09,2,8595.0
sglang,40519,performance,stratified_sample_1000_state_x_month,open,2026-09,0,36.0
sglang,41294,performance,stratified_sample_1000_state_x_month,open,2026-09,1,450.0
sglang,39962,performance,stratified_sample_1000_state_x_month,open,2026-09,1,267.0
sglang,37357,performance,stratified_sample_1000_state_x_month,open,2026-09,2,1585.0
sglang,38683,performance,stratified_sample_1000_state_x_month,open,2026-09,2,6780.0
sglang,39372,performance,stratified_sample_1000_state_x_month,open,2026-09,2,710.0
sglang,38397,performance,stratified_sample_1000_state_x_month,open,2026-09,2,6375.0
sglang,39296,performance,stratified_sample_1000_state_x_month,open,2026-09,2,742.0
sglang,40594,performance,stratified_sample_1000_state_x_month,open,2026-09,1,289.0
sglang,40451,performance,stratified_sample_1000_state_x_month,open,2026-09,1,216.0
sglang,38401,performance,stratified_sample_1000_state_x_month,open,2026-09,1,162.0
sglang,39365,performance,stratified_sample_1000_state_x_month,open,2026-09,1,190.0
sglang,39931,performance,stratified_sample_1000_state_x_month,open,2026-09,1,437.0
sglang,40074,performance,stratified_sample_1000_state_x_month,open,2026-09,1,627.0
sglang,37970,performance,stratified_sample_1000_state_x_month,open,2026-09,2,823.0
sglang,37314,performance,stratified_sample_1000_state_x_month,open,2026-09,0,14.0
sglang,40335,performance,stratified_sample_1000_state_x_month,open,2026-09,0,8.0
sglang,38310,performance,stratified_sample_1000_state_x_month,open,2026-09,1,397.0
sglang,41340,performance,stratified_sample_1000_state_x_month,open,2026-09,2,2011.0
sglang,40874,performance,stratified_sample_1000_state_x_month,open,2026-09,2,2546.0
sglang,37812,performance,stratified_sample_1000_state_x_month,open,2026-09,1,517.0
sglang,41093,performance,stratified_sample_1000_state_x_month,open,2026-09,0,6.0
sglang,40596,performance,stratified_sample_1000_state_x_month,open,2026-09,2,864.0
sglang,40998,performance,stratified_sample_1000_state_x_month,open,2026-09,2,641.0
sglang,39314,performance,stratified_sample_1000_state_x_month,open,2026-09,1,153.0
sglang,39994,performance,stratified_sample_1000_state_x_month,open,2026-09,2,835.0
sglang,40583,performance,stratified_sample_1000_state_x_month,open,2026-09,0,111.0
sglang,40367,performance,stratified_sample_1000_state_x_month,open,2026-09,0,39.0
sglang,41171,performance,stratified_sample_1000_state_x_month,open,2026-09,1,518.0
sglang,38294,performance,stratified_sample_1000_state_x_month,open,2026-09,0,15.0
sglang,37595,performance,stratified_sample_1000_state_x_month,open,2026-09,0,57.0
sglang,41561,performance,stratified_sample_1000_state_x_month,open,2026-09,1,221.0
sglang,38266,performance,stratified_sample_1000_state_x_month,open,2026-09,1,175.0
sglang,40029,performance,stratified_sample_1000_state_x_month,open,2026-09,0,28.0
sglang,37535,performance,stratified_sample_1000_state_x_month,open,2026-09,2,863.0
sglang,39542,performance,stratified_sample_1000_state_x_month,open,2026-09,1,246.0
sglang,41134,performance,stratified_sample_1000_state_x_month,open,2026-09,1,531.0
sglang,39062,performance,stratified_sample_1000_state_x_month,open,2026-09,2,994.0
sglang,39071,performance,stratified_sample_1000_state_x_month,open,2026-09,1,161.0
sglang,38146,performance,stratified_sample_1000_state_x_month,open,2026-09,0,12.0
sglang,41459,performance,stratified_sample_1000_state_x_month,open,2026-09,2,997.0
sglang,38650,performance,stratified_sample_1000_state_x_month,open,2026-09,1,595.0
sglang,41587,performance,stratified_sample_1000_state_x_month,open,2026-09,2,1637.0
sglang,39978,performance,stratified_sample_1000_state_x_month,open,2026-09,1,454.0
sglang,38454,performance,stratified_sample_1000_state_x_month,open,2026-09,1,306.0
sglang,37766,performance,stratified_sample_1000_state_x_month,open,2026-09,0,125.0
sglang,41401,performance,stratified_sample_1000_state_x_month,open,2026-09,0,60.0
sglang,38272,performance,stratified_sample_1000_state_x_month,open,2026-09,2,1114.0
sglang,37797,performance,stratified_sample_1000_state_x_month,open,2026-09,2,3142.0
sglang,41365,performance,stratified_sample_1000_state_x_month,open,2026-09,2,2069.0
sglang,38101,performance,stratified_sample_1000_state_x_month,open,2026-09,2,717.0
sglang,40782,performance,stratified_sample_1000_state_x_month,open,2026-09,2,1041.0
sglang,41278,performance,stratified_sample_1000_state_x_month,open,2026-09,1,154.0
sglang,37796,performance,stratified_sample_1000_state_x_month,open,2026-09,2,2072.0
sglang,40421,performance,stratified_sample_1000_state_x_month,open,2026-09,1,209.0
sglang,38084,performance,stratified_sample_1000_state_x_month,open,2026-09,2,2067.0
sglang,38601,performance,stratified_sample_1000_state_x_month,open,2026-09,2,2233.0
sglang,41288,performance,stratified_sample_1000_state_x_month,open,2026-09,2,1729.0
sglang,39258,performance,stratified_sample_1000_state_x_month,open,2026-09,1,169.0
sglang,40150,performance,stratified_sample_1000_state_x_month,open,2026-09,0,118.0
sglang,37756,performance,stratified_sample_1000_state_x_month,open,2026-09,1,432.0
sglang,40863,performance,stratified_sample_1000_state_x_month,open,2026-09,1,409.0
sglang,39025,performance,stratified_sample_1000_state_x_month,open,2026-09,2,930.0
sglang,39642,performance,stratified_sample_1000_state_x_month,open,2026-09,0,96.0
sglang,39825,performance,stratified_sample_1000_state_x_month,open,2026-09,1,334.0
sglang,38905,performance,stratified_sample_1000_state_x_month,open,2026-09,1,153.0
sglang,37309,performance,stratified_sample_1000_state_x_month,open,2026-09,1,205.0
sglang,39425,performance,stratified_sample_1000_state_x_month,open,2026-09,0,42.0
sglang,40548,performance,stratified_sample_1000_state_x_month,open,2026-09,2,2722.0
sglang,37828,performance,stratified_sample_1000_state_x_month,open,2026-09,0,20.0
sglang,39856,performance,stratified_sample_1000_state_x_month,open,2026-09,1,490.0
sglang,37851,performance,stratified_sample_1000_state_x_month,open,2026-09,2,1176.0
sglang,39546,performance,stratified_sample_1000_state_x_month,open,2026-09,2,10325.0
sglang,39608,performance,stratified_sample_1000_state_x_month,open,2026-09,2,705.0
sglang,40783,performance,stratified_sample_1000_state_x_month,open,2026-09,2,1401.0
sglang,40100,performance,stratified_sample_1000_state_x_month,open,2026-09,2,1884.0
sglang,41371,performance,stratified_sample_1000_state_x_month,open,2026-09,2,1063.0
sglang,38701,performance,stratified_sample_1000_state_x_month,open,2026-09,1,499.0
sglang,38170,performance,stratified_sample_1000_state_x_month,open,2026-09,0,133.0
sglang,39770,performance,stratified_sample_1000_state_x_month,open,2026-09,2,647.0
sglang,39130,performance,stratified_sample_1000_state_x_month,open,2026-09,1,478.0
sglang,40585,performance,stratified_sample_1000_state_x_month,open,2026-09,0,42.0
sglang,41519,performance,stratified_sample_1000_state_x_month,open,2026-09,2,2318.0
sglang,40528,performance,stratified_sample_1000_state_x_month,open,2026-09,2,663.0
sglang,41057,performance,stratified_sample_1000_state_x_month,open,2026-09,2,779.0
sglang,38115,performance,stratified_sample_1000_state_x_month,open,2026-09,2,1863.0
sglang,38303,performance,stratified_sample_1000_state_x_month,open,2026-09,2,1458.0
sglang,40261,performance,stratified_sample_1000_state_x_month,open,2026-09,0,9.0
sglang,41035,performance,stratified_sample_1000_state_x_month,open,2026-09,2,1777.0
sglang,40096,performance,stratified_sample_1000_state_x_month,open,2026-09,1,162.0
sglang,39210,performance,stratified_sample_1000_state_x_month,open,2026-09,2,1496.0
sglang,37362,performance,stratified_sample_1000_state_x_month,open,2026-09,2,1227.0
sglang,38301,performance,stratified_sample_1000_state_x_month,open,2026-09,2,4707.0
sglang,37569,performance,stratified_sample_1000_state_x_month,open,2026-09,1,231.0
sglang,39249,performance,stratified_sample_1000_state_x_month,open,2026-09,1,242.0
sglang,37323,performance,stratified_sample_1000_state_x_month,open,2026-09,1,423.0
sglang,38213,performance,stratified_sample_1000_state_x_month,open,2026-09,2,748.0
sglang,41496,performance,stratified_sample_1000_state_x_month,open,2026-09,0,109.0
sglang,38444,performance,stratified_sample_1000_state_x_month,open,2026-09,2,2084.0
sglang,39873,performance,stratified_sample_1000_state_x_month,open,2026-09,1,374.0
sglang,40160,performance,stratified_sample_1000_state_x_month,open,2026-09,2,1166.0
sglang,38153,performance,stratified_sample_1000_state_x_month,open,2026-09,1,307.0
sglang,36665,performance,stratified_sample_1000_state_x_month,open,2026-08,1,520.0
sglang,11397,comparison,matched_month_x_sizebin_x_state,closed,2025-10,0,6.0
sglang,11908,comparison,matched_month_x_sizebin_x_state,merged,2025-10,0,10.0
sglang,12348,comparison,matched_month_x_sizebin_x_state,merged,2025-10,0,56.0
sglang,12412,comparison,matched_month_x_sizebin_x_state,merged,2025-10,0,55.0
sglang,11687,comparison,matched_month_x_sizebin_x_state,merged,2025-10,0,83.0
sglang,11692,comparison,matched_month_x_sizebin_x_state,merged,2025-10,0,6.0
sglang,12034,comparison,matched_month_x_sizebin_x_state,merged,2025-10,0,11.0
sglang,12060,comparison,matched_month_x_sizebin_x_state,merged,2025-10,0,8.0
sglang,12087,comparison,matched_month_x_sizebin_x_state,merged,2025-10,0,41.0
sglang,11704,comparison,matched_month_x_sizebin_x_state,closed,2025-10,1,327.0
sglang,11370,comparison,matched_month_x_sizebin_x_state,merged,2025-10,1,337.0
sglang,11368,comparison,matched_month_x_sizebin_x_state,merged,2025-10,1,174.0
sglang,11872,comparison,matched_month_x_sizebin_x_state,closed,2025-10,2,1469.0
sglang,12346,comparison,matched_month_x_sizebin_x_state,merged,2025-10,2,943.0
sglang,14041,comparison,matched_month_x_sizebin_x_state,closed,2025-11,0,20.0
sglang,13517,comparison,matched_month_x_sizebin_x_state,closed,2025-11,0,11.0
sglang,12889,comparison,matched_month_x_sizebin_x_state,merged,2025-11,0,8.0
sglang,12597,comparison,matched_month_x_sizebin_x_state,merged,2025-11,0,6.0
sglang,13135,comparison,matched_month_x_sizebin_x_state,merged,2025-11,0,17.0
sglang,13312,comparison,matched_month_x_sizebin_x_state,merged,2025-11,0,4.0
sglang,12940,comparison,matched_month_x_sizebin_x_state,merged,2025-11,0,19.0
sglang,13532,comparison,matched_month_x_sizebin_x_state,merged,2025-11,0,9.0
sglang,12624,comparison,matched_month_x_sizebin_x_state,closed,2025-11,1,559.0
sglang,12843,comparison,matched_month_x_sizebin_x_state,merged,2025-11,1,406.0
sglang,13833,comparison,matched_month_x_sizebin_x_state,merged,2025-11,1,292.0
sglang,13937,comparison,matched_month_x_sizebin_x_state,merged,2025-11,1,480.0
sglang,12662,comparison,matched_month_x_sizebin_x_state,merged,2025-11,1,285.0
sglang,12656,comparison,matched_month_x_sizebin_x_state,merged,2025-11,1,215.0
sglang,14080,comparison,matched_month_x_sizebin_x_state,merged,2025-11,1,190.0
sglang,12703,comparison,matched_month_x_sizebin_x_state,open,2025-11,1,150.0
sglang,13569,comparison,matched_month_x_sizebin_x_state,closed,2025-11,2,673.0
sglang,13636,comparison,matched_month_x_sizebin_x_state,closed,2025-11,2,1718.0
sglang,14056,comparison,matched_month_x_sizebin_x_state,closed,2025-11,2,1668.0
sglang,14000,comparison,matched_month_x_sizebin_x_state,merged,2025-11,2,2856.0
sglang,12677,comparison,matched_month_x_sizebin_x_state,merged,2025-11,2,1413.0
sglang,14143,comparison,matched_month_x_sizebin_x_state,merged,2025-11,2,1286.0
sglang,15980,comparison,matched_month_x_sizebin_x_state,closed,2025-12,0,5.0
sglang,16073,comparison,matched_month_x_sizebin_x_state,closed,2025-12,0,22.0
sglang,16126,comparison,matched_month_x_sizebin_x_state,closed,2025-12,0,9.0
sglang,15594,comparison,matched_month_x_sizebin_x_state,closed,2025-12,0,35.0
sglang,15327,comparison,matched_month_x_sizebin_x_state,closed,2025-12,0,46.0
sglang,14455,comparison,matched_month_x_sizebin_x_state,merged,2025-12,0,4.0
sglang,15111,comparison,matched_month_x_sizebin_x_state,merged,2025-12,0,52.0
sglang,14518,comparison,matched_month_x_sizebin_x_state,merged,2025-12,0,6.0
sglang,15613,comparison,matched_month_x_sizebin_x_state,merged,2025-12,0,103.0
sglang,16118,comparison,matched_month_x_sizebin_x_state,merged,2025-12,0,7.0
sglang,16183,comparison,matched_month_x_sizebin_x_state,merged,2025-12,0,10.0
sglang,15614,comparison,matched_month_x_sizebin_x_state,open,2025-12,0,2.0
sglang,15161,comparison,matched_month_x_sizebin_x_state,closed,2025-12,1,367.0
sglang,14410,comparison,matched_month_x_sizebin_x_state,closed,2025-12,1,247.0
sglang,15956,comparison,matched_month_x_sizebin_x_state,closed,2025-12,1,266.0
sglang,15607,comparison,matched_month_x_sizebin_x_state,merged,2025-12,1,271.0
sglang,15469,comparison,matched_month_x_sizebin_x_state,merged,2025-12,1,222.0
sglang,16213,comparison,matched_month_x_sizebin_x_state,merged,2025-12,1,340.0
sglang,14326,comparison,matched_month_x_sizebin_x_state,merged,2025-12,1,317.0
sglang,15842,comparison,matched_month_x_sizebin_x_state,merged,2025-12,1,621.0
sglang,15233,comparison,matched_month_x_sizebin_x_state,merged,2025-12,1,202.0
sglang,15151,comparison,matched_month_x_sizebin_x_state,merged,2025-12,1,509.0
sglang,15190,comparison,matched_month_x_sizebin_x_state,merged,2025-12,1,212.0
sglang,14921,comparison,matched_month_x_sizebin_x_state,merged,2025-12,1,308.0
sglang,15038,comparison,matched_month_x_sizebin_x_state,open,2025-12,1,202.0
sglang,14947,comparison,matched_month_x_sizebin_x_state,closed,2025-12,2,405284.0
sglang,15766,comparison,matched_month_x_sizebin_x_state,closed,2025-12,2,709.0
sglang,15499,comparison,matched_month_x_sizebin_x_state,closed,2025-12,2,644.0
sglang,15106,comparison,matched_month_x_sizebin_x_state,merged,2025-12,2,774.0
sglang,16227,comparison,matched_month_x_sizebin_x_state,merged,2025-12,2,2959.0
sglang,15041,comparison,matched_month_x_sizebin_x_state,open,2025-12,2,1217.0
sglang,16346,comparison,matched_month_x_sizebin_x_state,closed,2026-01,0,68.0
sglang,18027,comparison,matched_month_x_sizebin_x_state,closed,2026-01,0,18.0
sglang,17832,comparison,matched_month_x_sizebin_x_state,closed,2026-01,0,89.0
sglang,17258,comparison,matched_month_x_sizebin_x_state,closed,2026-01,0,2.0
sglang,17595,comparison,matched_month_x_sizebin_x_state,closed,2026-01,0,36.0
sglang,17120,comparison,matched_month_x_sizebin_x_state,closed,2026-01,0,20.0
sglang,17819,comparison,matched_month_x_sizebin_x_state,merged,2026-01,0,7.0
sglang,17248,comparison,matched_month_x_sizebin_x_state,merged,2026-01,0,6.0
sglang,16844,comparison,matched_month_x_sizebin_x_state,merged,2026-01,0,19.0
sglang,17382,comparison,matched_month_x_sizebin_x_state,merged,2026-01,0,13.0
sglang,16908,comparison,matched_month_x_sizebin_x_state,merged,2026-01,0,16.0
sglang,16567,comparison,matched_month_x_sizebin_x_state,merged,2026-01,0,91.0
sglang,17339,comparison,matched_month_x_sizebin_x_state,merged,2026-01,0,42.0
sglang,17245,comparison,matched_month_x_sizebin_x_state,merged,2026-01,0,4.0
sglang,17317,comparison,matched_month_x_sizebin_x_state,merged,2026-01,0,7.0
sglang,17150,comparison,matched_month_x_sizebin_x_state,closed,2026-01,1,165.0
sglang,17881,comparison,matched_month_x_sizebin_x_state,closed,2026-01,1,432.0
sglang,16443,comparison,matched_month_x_sizebin_x_state,closed,2026-01,1,562.0
sglang,17800,comparison,matched_month_x_sizebin_x_state,closed,2026-01,1,210.0
sglang,16357,comparison,matched_month_x_sizebin_x_state,merged,2026-01,1,224.0
sglang,16947,comparison,matched_month_x_sizebin_x_state,merged,2026-01,1,145.0
sglang,16395,comparison,matched_month_x_sizebin_x_state,merged,2026-01,1,214.0
sglang,18048,comparison,matched_month_x_sizebin_x_state,open,2026-01,1,236.0
sglang,17507,comparison,matched_month_x_sizebin_x_state,merged,2026-01,2,755.0
sglang,16597,comparison,matched_month_x_sizebin_x_state,merged,2026-01,2,3006.0
sglang,18536,comparison,matched_month_x_sizebin_x_state,closed,2026-02,0,2.0
sglang,19334,comparison,matched_month_x_sizebin_x_state,closed,2026-02,0,98.0
sglang,18947,comparison,matched_month_x_sizebin_x_state,merged,2026-02,0,5.0
sglang,18280,comparison,matched_month_x_sizebin_x_state,merged,2026-02,0,26.0
sglang,18657,comparison,matched_month_x_sizebin_x_state,merged,2026-02,0,6.0
sglang,19190,comparison,matched_month_x_sizebin_x_state,merged,2026-02,0,129.0
sglang,19324,comparison,matched_month_x_sizebin_x_state,open,2026-02,0,57.0
sglang,19110,comparison,matched_month_x_sizebin_x_state,closed,2026-02,1,215.0
sglang,19261,comparison,matched_month_x_sizebin_x_state,closed,2026-02,1,182.0
sglang,18806,comparison,matched_month_x_sizebin_x_state,closed,2026-02,1,211.0
sglang,19319,comparison,matched_month_x_sizebin_x_state,merged,2026-02,1,461.0
sglang,19279,comparison,matched_month_x_sizebin_x_state,merged,2026-02,1,463.0
sglang,19396,comparison,matched_month_x_sizebin_x_state,merged,2026-02,1,302.0
sglang,19362,comparison,matched_month_x_sizebin_x_state,merged,2026-02,1,214.0
sglang,18805,comparison,matched_month_x_sizebin_x_state,merged,2026-02,1,413.0
sglang,18555,comparison,matched_month_x_sizebin_x_state,merged,2026-02,1,516.0
sglang,18355,comparison,matched_month_x_sizebin_x_state,merged,2026-02,1,287.0
sglang,18158,comparison,matched_month_x_sizebin_x_state,closed,2026-02,2,1667.0
sglang,18093,comparison,matched_month_x_sizebin_x_state,closed,2026-02,2,1566.0
sglang,19061,comparison,matched_month_x_sizebin_x_state,closed,2026-02,2,977.0
sglang,19375,comparison,matched_month_x_sizebin_x_state,merged,2026-02,2,1127.0
sglang,19540,comparison,matched_month_x_sizebin_x_state,merged,2026-02,2,1552.0
sglang,19059,comparison,matched_month_x_sizebin_x_state,merged,2026-02,2,1130.0
sglang,20421,comparison,matched_month_x_sizebin_x_state,closed,2026-03,0,33.0
sglang,19808,comparison,matched_month_x_sizebin_x_state,closed,2026-03,0,89.0
sglang,20128,comparison,matched_month_x_sizebin_x_state,closed,2026-03,0,6.0
sglang,20596,comparison,matched_month_x_sizebin_x_state,merged,2026-03,0,1.0
sglang,21003,comparison,matched_month_x_sizebin_x_state,merged,2026-03,0,21.0
sglang,20940,comparison,matched_month_x_sizebin_x_state,merged,2026-03,0,3.0
sglang,20412,comparison,matched_month_x_sizebin_x_state,merged,2026-03,0,3.0
sglang,20885,comparison,matched_month_x_sizebin_x_state,merged,2026-03,0,93.0
sglang,21008,comparison,matched_month_x_sizebin_x_state,merged,2026-03,0,114.0
sglang,21565,comparison,matched_month_x_sizebin_x_state,merged,2026-03,0,8.0
sglang,21764,comparison,matched_month_x_sizebin_x_state,merged,2026-03,0,24.0
sglang,21720,comparison,matched_month_x_sizebin_x_state,closed,2026-03,1,294.0
sglang,19876,comparison,matched_month_x_sizebin_x_state,closed,2026-03,1,591.0
sglang,21355,comparison,matched_month_x_sizebin_x_state,closed,2026-03,1,304.0
sglang,20136,comparison,matched_month_x_sizebin_x_state,closed,2026-03,1,161.0
sglang,20330,comparison,matched_month_x_sizebin_x_state,merged,2026-03,1,204.0
sglang,20058,comparison,matched_month_x_sizebin_x_state,merged,2026-03,1,170.0
sglang,19731,comparison,matched_month_x_sizebin_x_state,merged,2026-03,1,510.0
sglang,19614,comparison,matched_month_x_sizebin_x_state,merged,2026-03,1,253.0
sglang,20516,comparison,matched_month_x_sizebin_x_state,open,2026-03,1,156.0
sglang,21577,comparison,matched_month_x_sizebin_x_state,closed,2026-03,2,935.0
sglang,20133,comparison,matched_month_x_sizebin_x_state,closed,2026-03,2,1207.0
sglang,21643,comparison,matched_month_x_sizebin_x_state,closed,2026-03,2,638.0
sglang,20810,comparison,matched_month_x_sizebin_x_state,closed,2026-03,2,728.0
sglang,20666,comparison,matched_month_x_sizebin_x_state,closed,2026-03,2,12221.0
sglang,20045,comparison,matched_month_x_sizebin_x_state,closed,2026-03,2,32445.0
sglang,21369,comparison,matched_month_x_sizebin_x_state,closed,2026-03,2,796.0
sglang,21219,comparison,matched_month_x_sizebin_x_state,merged,2026-03,2,1048.0
sglang,20137,comparison,matched_month_x_sizebin_x_state,merged,2026-03,2,1443.0
sglang,19682,comparison,matched_month_x_sizebin_x_state,merged,2026-03,2,1328.0
sglang,20036,comparison,matched_month_x_sizebin_x_state,merged,2026-03,2,762.0
sglang,21722,comparison,matched_month_x_sizebin_x_state,merged,2026-03,2,971.0
sglang,21661,comparison,matched_month_x_sizebin_x_state,open,2026-03,2,902.0
sglang,24039,comparison,matched_month_x_sizebin_x_state,closed,2026-04,0,27.0
sglang,22027,comparison,matched_month_x_sizebin_x_state,closed,2026-04,0,6.0
sglang,22356,comparison,matched_month_x_sizebin_x_state,closed,2026-04,0,12.0
sglang,22367,comparison,matched_month_x_sizebin_x_state,merged,2026-04,0,84.0
sglang,22727,comparison,matched_month_x_sizebin_x_state,merged,2026-04,0,66.0
sglang,23590,comparison,matched_month_x_sizebin_x_state,merged,2026-04,0,118.0
sglang,22322,comparison,matched_month_x_sizebin_x_state,merged,2026-04,0,38.0
sglang,22112,comparison,matched_month_x_sizebin_x_state,merged,2026-04,0,57.0
sglang,21974,comparison,matched_month_x_sizebin_x_state,merged,2026-04,0,2.0
sglang,22140,comparison,matched_month_x_sizebin_x_state,merged,2026-04,0,24.0
sglang,23823,comparison,matched_month_x_sizebin_x_state,open,2026-04,0,39.0
sglang,22201,comparison,matched_month_x_sizebin_x_state,closed,2026-04,1,190.0
sglang,24123,comparison,matched_month_x_sizebin_x_state,closed,2026-04,1,156.0
sglang,22619,comparison,matched_month_x_sizebin_x_state,closed,2026-04,1,495.0
sglang,22636,comparison,matched_month_x_sizebin_x_state,closed,2026-04,1,321.0
sglang,22538,comparison,matched_month_x_sizebin_x_state,closed,2026-04,1,552.0
sglang,22839,comparison,matched_month_x_sizebin_x_state,closed,2026-04,1,306.0
sglang,21864,comparison,matched_month_x_sizebin_x_state,merged,2026-04,1,253.0
sglang,22815,comparison,matched_month_x_sizebin_x_state,merged,2026-04,1,167.0
sglang,22312,comparison,matched_month_x_sizebin_x_state,merged,2026-04,1,280.0
sglang,23241,comparison,matched_month_x_sizebin_x_state,merged,2026-04,1,454.0
sglang,23052,comparison,matched_month_x_sizebin_x_state,merged,2026-04,1,163.0
sglang,23560,comparison,matched_month_x_sizebin_x_state,closed,2026-04,2,1163.0
sglang,23766,comparison,matched_month_x_sizebin_x_state,closed,2026-04,2,1561.0
sglang,22781,comparison,matched_month_x_sizebin_x_state,closed,2026-04,2,4369.0
sglang,22451,comparison,matched_month_x_sizebin_x_state,closed,2026-04,2,1047.0
sglang,22197,comparison,matched_month_x_sizebin_x_state,closed,2026-04,2,5780.0
sglang,22524,comparison,matched_month_x_sizebin_x_state,closed,2026-04,2,3429.0
sglang,23956,comparison,matched_month_x_sizebin_x_state,merged,2026-04,2,718.0
sglang,22854,comparison,matched_month_x_sizebin_x_state,merged,2026-04,2,4510.0
sglang,22091,comparison,matched_month_x_sizebin_x_state,merged,2026-04,2,3101.0
sglang,23906,comparison,matched_month_x_sizebin_x_state,merged,2026-04,2,8265.0
sglang,22182,comparison,matched_month_x_sizebin_x_state,merged,2026-04,2,2524.0
sglang,23835,comparison,matched_month_x_sizebin_x_state,merged,2026-04,2,665.0
sglang,23350,comparison,matched_month_x_sizebin_x_state,open,2026-04,2,5117.0
sglang,22731,comparison,matched_month_x_sizebin_x_state,open,2026-04,2,689.0
sglang,24300,comparison,matched_month_x_sizebin_x_state,closed,2026-05,0,129.0
sglang,24267,comparison,matched_month_x_sizebin_x_state,closed,2026-05,0,119.0
sglang,26777,comparison,matched_month_x_sizebin_x_state,closed,2026-05,0,2.0
sglang,24280,comparison,matched_month_x_sizebin_x_state,closed,2026-05,0,33.0
sglang,24792,comparison,matched_month_x_sizebin_x_state,closed,2026-05,0,7.0
sglang,25834,comparison,matched_month_x_sizebin_x_state,closed,2026-05,0,69.0
sglang,25053,comparison,matched_month_x_sizebin_x_state,closed,2026-05,0,9.0
sglang,25066,comparison,matched_month_x_sizebin_x_state,closed,2026-05,0,8.0
sglang,25750,comparison,matched_month_x_sizebin_x_state,merged,2026-05,0,9.0
sglang,24374,comparison,matched_month_x_sizebin_x_state,merged,2026-05,0,6.0
sglang,26338,comparison,matched_month_x_sizebin_x_state,merged,2026-05,0,64.0
sglang,25221,comparison,matched_month_x_sizebin_x_state,merged,2026-05,0,1.0
sglang,25674,comparison,matched_month_x_sizebin_x_state,merged,2026-05,0,19.0
sglang,25713,comparison,matched_month_x_sizebin_x_state,merged,2026-05,0,26.0
sglang,26170,comparison,matched_month_x_sizebin_x_state,merged,2026-05,0,5.0
sglang,26288,comparison,matched_month_x_sizebin_x_state,merged,2026-05,0,73.0
sglang,25287,comparison,matched_month_x_sizebin_x_state,merged,2026-05,0,61.0
sglang,25308,comparison,matched_month_x_sizebin_x_state,merged,2026-05,0,51.0
sglang,25503,comparison,matched_month_x_sizebin_x_state,closed,2026-05,1,270.0
sglang,25421,comparison,matched_month_x_sizebin_x_state,closed,2026-05,1,262.0
sglang,25280,comparison,matched_month_x_sizebin_x_state,closed,2026-05,1,297.0
sglang,25302,comparison,matched_month_x_sizebin_x_state,closed,2026-05,1,483.0
sglang,25843,comparison,matched_month_x_sizebin_x_state,merged,2026-05,1,306.0
sglang,25115,comparison,matched_month_x_sizebin_x_state,merged,2026-05,1,226.0
sglang,25318,comparison,matched_month_x_sizebin_x_state,merged,2026-05,1,587.0
sglang,24270,comparison,matched_month_x_sizebin_x_state,merged,2026-05,1,302.0
sglang,24904,comparison,matched_month_x_sizebin_x_state,merged,2026-05,1,286.0
sglang,26010,comparison,matched_month_x_sizebin_x_state,open,2026-05,1,197.0
sglang,25936,comparison,matched_month_x_sizebin_x_state,closed,2026-05,2,2639.0
sglang,26691,comparison,matched_month_x_sizebin_x_state,closed,2026-05,2,761.0
sglang,24780,comparison,matched_month_x_sizebin_x_state,closed,2026-05,2,1286.0
sglang,26409,comparison,matched_month_x_sizebin_x_state,closed,2026-05,2,724.0
sglang,25952,comparison,matched_month_x_sizebin_x_state,closed,2026-05,2,680.0
sglang,24953,comparison,matched_month_x_sizebin_x_state,closed,2026-05,2,980.0
sglang,26676,comparison,matched_month_x_sizebin_x_state,merged,2026-05,2,778.0
sglang,24932,comparison,matched_month_x_sizebin_x_state,merged,2026-05,2,971.0
sglang,24203,comparison,matched_month_x_sizebin_x_state,merged,2026-05,2,972.0
sglang,26278,comparison,matched_month_x_sizebin_x_state,merged,2026-05,2,1425.0
sglang,24890,comparison,matched_month_x_sizebin_x_state,merged,2026-05,2,5639.0
sglang,24931,comparison,matched_month_x_sizebin_x_state,merged,2026-05,2,1250.0
sglang,25197,comparison,matched_month_x_sizebin_x_state,merged,2026-05,2,681.0
sglang,25224,comparison,matched_month_x_sizebin_x_state,merged,2026-05,2,861483.0
sglang,26295,comparison,matched_month_x_sizebin_x_state,merged,2026-05,2,846.0
sglang,24917,comparison,matched_month_x_sizebin_x_state,open,2026-05,2,12532.0
sglang,26073,comparison,matched_month_x_sizebin_x_state,open,2026-05,2,1240.0
sglang,26317,comparison,matched_month_x_sizebin_x_state,open,2026-05,2,10238.0
sglang,29178,comparison,matched_month_x_sizebin_x_state,closed,2026-06,0,12.0
sglang,27245,comparison,matched_month_x_sizebin_x_state,closed,2026-06,0,16.0
sglang,29517,comparison,matched_month_x_sizebin_x_state,closed,2026-06,0,27.0
sglang,26872,comparison,matched_month_x_sizebin_x_state,closed,2026-06,0,22.0
sglang,28225,comparison,matched_month_x_sizebin_x_state,closed,2026-06,0,19.0
sglang,28452,comparison,matched_month_x_sizebin_x_state,closed,2026-06,0,2.0
sglang,28398,comparison,matched_month_x_sizebin_x_state,closed,2026-06,0,124.0
sglang,28248,comparison,matched_month_x_sizebin_x_state,closed,2026-06,0,8.0
sglang,27675,comparison,matched_month_x_sizebin_x_state,closed,2026-06,0,119.0
sglang,27647,comparison,matched_month_x_sizebin_x_state,merged,2026-06,0,7.0
sglang,29654,comparison,matched_month_x_sizebin_x_state,merged,2026-06,0,16.0
sglang,29017,comparison,matched_month_x_sizebin_x_state,merged,2026-06,0,75.0
sglang,27287,comparison,matched_month_x_sizebin_x_state,merged,2026-06,0,23.0
sglang,29675,comparison,matched_month_x_sizebin_x_state,merged,2026-06,0,28.0
sglang,28309,comparison,matched_month_x_sizebin_x_state,merged,2026-06,0,125.0
sglang,26903,comparison,matched_month_x_sizebin_x_state,merged,2026-06,0,4.0
sglang,27715,comparison,matched_month_x_sizebin_x_state,merged,2026-06,0,16.0
sglang,27947,comparison,matched_month_x_sizebin_x_state,merged,2026-06,0,22.0
sglang,27080,comparison,matched_month_x_sizebin_x_state,merged,2026-06,0,59.0
sglang,27671,comparison,matched_month_x_sizebin_x_state,merged,2026-06,0,8.0
sglang,28541,comparison,matched_month_x_sizebin_x_state,merged,2026-06,0,21.0
sglang,27885,comparison,matched_month_x_sizebin_x_state,merged,2026-06,0,10.0
sglang,27255,comparison,matched_month_x_sizebin_x_state,open,2026-06,0,14.0
sglang,29733,comparison,matched_month_x_sizebin_x_state,open,2026-06,0,111.0
sglang,27508,comparison,matched_month_x_sizebin_x_state,open,2026-06,0,128.0
sglang,27158,comparison,matched_month_x_sizebin_x_state,closed,2026-06,1,204.0
sglang,27099,comparison,matched_month_x_sizebin_x_state,closed,2026-06,1,405.0
sglang,28253,comparison,matched_month_x_sizebin_x_state,closed,2026-06,1,344.0
sglang,27266,comparison,matched_month_x_sizebin_x_state,closed,2026-06,1,320.0
sglang,27448,comparison,matched_month_x_sizebin_x_state,closed,2026-06,1,352.0
sglang,28584,comparison,matched_month_x_sizebin_x_state,closed,2026-06,1,223.0
sglang,29046,comparison,matched_month_x_sizebin_x_state,closed,2026-06,1,280.0
sglang,27304,comparison,matched_month_x_sizebin_x_state,closed,2026-06,1,177.0
sglang,27749,comparison,matched_month_x_sizebin_x_state,merged,2026-06,1,341.0
sglang,29432,comparison,matched_month_x_sizebin_x_state,merged,2026-06,1,609.0
sglang,28594,comparison,matched_month_x_sizebin_x_state,merged,2026-06,1,267.0
sglang,27496,comparison,matched_month_x_sizebin_x_state,merged,2026-06,1,620.0
sglang,27198,comparison,matched_month_x_sizebin_x_state,merged,2026-06,1,511.0
sglang,29688,comparison,matched_month_x_sizebin_x_state,merged,2026-06,1,190.0
sglang,29428,comparison,matched_month_x_sizebin_x_state,merged,2026-06,1,275.0
sglang,27964,comparison,matched_month_x_sizebin_x_state,merged,2026-06,1,363.0
sglang,29066,comparison,matched_month_x_sizebin_x_state,merged,2026-06,1,462.0
sglang,27248,comparison,matched_month_x_sizebin_x_state,merged,2026-06,1,564.0
sglang,27746,comparison,matched_month_x_sizebin_x_state,open,2026-06,1,437.0
sglang,28217,comparison,matched_month_x_sizebin_x_state,closed,2026-06,2,932.0
sglang,27509,comparison,matched_month_x_sizebin_x_state,closed,2026-06,2,1715.0
sglang,29762,comparison,matched_month_x_sizebin_x_state,closed,2026-06,2,1339.0
sglang,27326,comparison,matched_month_x_sizebin_x_state,closed,2026-06,2,790.0
sglang,28847,comparison,matched_month_x_sizebin_x_state,closed,2026-06,2,1231.0
sglang,29192,comparison,matched_month_x_sizebin_x_state,closed,2026-06,2,1246.0
sglang,29107,comparison,matched_month_x_sizebin_x_state,closed,2026-06,2,13865.0
sglang,28830,comparison,matched_month_x_sizebin_x_state,merged,2026-06,2,773.0
sglang,27313,comparison,matched_month_x_sizebin_x_state,merged,2026-06,2,716.0
sglang,27449,comparison,matched_month_x_sizebin_x_state,merged,2026-06,2,888.0
sglang,29189,comparison,matched_month_x_sizebin_x_state,merged,2026-06,2,1373.0
sglang,28688,comparison,matched_month_x_sizebin_x_state,merged,2026-06,2,1046.0
sglang,26908,comparison,matched_month_x_sizebin_x_state,merged,2026-06,2,776.0
sglang,29383,comparison,matched_month_x_sizebin_x_state,merged,2026-06,2,6027.0
sglang,28353,comparison,matched_month_x_sizebin_x_state,open,2026-06,2,3430.0
sglang,27831,comparison,matched_month_x_sizebin_x_state,open,2026-06,2,1558.0
sglang,28767,comparison,matched_month_x_sizebin_x_state,open,2026-06,2,1763.0
sglang,28315,comparison,matched_month_x_sizebin_x_state,open,2026-06,2,765.0
sglang,32630,comparison,matched_month_x_sizebin_x_state,closed,2026-07,0,40.0
sglang,29863,comparison,matched_month_x_sizebin_x_state,closed,2026-07,0,33.0
sglang,31275,comparison,matched_month_x_sizebin_x_state,merged,2026-07,0,62.0
sglang,32180,comparison,matched_month_x_sizebin_x_state,merged,2026-07,0,1.0
sglang,30896,comparison,matched_month_x_sizebin_x_state,merged,2026-07,0,41.0
sglang,31643,comparison,matched_month_x_sizebin_x_state,merged,2026-07,0,128.0
sglang,32718,comparison,matched_month_x_sizebin_x_state,merged,2026-07,0,4.0
sglang,31507,comparison,matched_month_x_sizebin_x_state,merged,2026-07,0,9.0
sglang,32592,comparison,matched_month_x_sizebin_x_state,merged,2026-07,0,114.0
sglang,31369,comparison,matched_month_x_sizebin_x_state,merged,2026-07,0,26.0
sglang,32402,comparison,matched_month_x_sizebin_x_state,merged,2026-07,0,103.0
sglang,30730,comparison,matched_month_x_sizebin_x_state,merged,2026-07,0,8.0
sglang,32170,comparison,matched_month_x_sizebin_x_state,open,2026-07,0,35.0
sglang,30950,comparison,matched_month_x_sizebin_x_state,open,2026-07,0,59.0
sglang,31256,comparison,matched_month_x_sizebin_x_state,open,2026-07,0,87.0
sglang,31872,comparison,matched_month_x_sizebin_x_state,open,2026-07,0,97.0
sglang,32138,comparison,matched_month_x_sizebin_x_state,open,2026-07,0,35.0
sglang,30031,comparison,matched_month_x_sizebin_x_state,open,2026-07,0,49.0
sglang,32815,comparison,matched_month_x_sizebin_x_state,open,2026-07,0,41.0
sglang,30705,comparison,matched_month_x_sizebin_x_state,open,2026-07,0,137.0
sglang,30129,comparison,matched_month_x_sizebin_x_state,closed,2026-07,1,219.0
sglang,29947,comparison,matched_month_x_sizebin_x_state,closed,2026-07,1,230.0
sglang,32675,comparison,matched_month_x_sizebin_x_state,closed,2026-07,1,286.0
sglang,33017,comparison,matched_month_x_sizebin_x_state,closed,2026-07,1,357.0
sglang,32003,comparison,matched_month_x_sizebin_x_state,closed,2026-07,1,180.0
sglang,32740,comparison,matched_month_x_sizebin_x_state,closed,2026-07,1,300.0
sglang,32027,comparison,matched_month_x_sizebin_x_state,closed,2026-07,1,153.0
sglang,32123,comparison,matched_month_x_sizebin_x_state,merged,2026-07,1,224.0
sglang,29789,comparison,matched_month_x_sizebin_x_state,merged,2026-07,1,145.0
sglang,31744,comparison,matched_month_x_sizebin_x_state,merged,2026-07,1,355.0
sglang,29852,comparison,matched_month_x_sizebin_x_state,merged,2026-07,1,542.0
sglang,31391,comparison,matched_month_x_sizebin_x_state,merged,2026-07,1,171.0
sglang,29828,comparison,matched_month_x_sizebin_x_state,merged,2026-07,1,560.0
sglang,32148,comparison,matched_month_x_sizebin_x_state,merged,2026-07,1,389.0
sglang,30839,comparison,matched_month_x_sizebin_x_state,merged,2026-07,1,408.0
sglang,32136,comparison,matched_month_x_sizebin_x_state,open,2026-07,1,269.0
sglang,33040,comparison,matched_month_x_sizebin_x_state,open,2026-07,1,249.0
sglang,31725,comparison,matched_month_x_sizebin_x_state,open,2026-07,1,597.0
sglang,30771,comparison,matched_month_x_sizebin_x_state,open,2026-07,1,423.0
sglang,31478,comparison,matched_month_x_sizebin_x_state,open,2026-07,1,192.0
sglang,33045,comparison,matched_month_x_sizebin_x_state,open,2026-07,1,352.0
sglang,32278,comparison,matched_month_x_sizebin_x_state,open,2026-07,1,437.0
sglang,31529,comparison,matched_month_x_sizebin_x_state,open,2026-07,1,335.0
sglang,31947,comparison,matched_month_x_sizebin_x_state,closed,2026-07,2,9976.0
sglang,30304,comparison,matched_month_x_sizebin_x_state,closed,2026-07,2,2017.0
sglang,30507,comparison,matched_month_x_sizebin_x_state,closed,2026-07,2,1007.0
sglang,32510,comparison,matched_month_x_sizebin_x_state,closed,2026-07,2,8384.0
sglang,32923,comparison,matched_month_x_sizebin_x_state,closed,2026-07,2,52629.0
sglang,31818,comparison,matched_month_x_sizebin_x_state,closed,2026-07,2,1761.0
sglang,30192,comparison,matched_month_x_sizebin_x_state,closed,2026-07,2,1112.0
sglang,30272,comparison,matched_month_x_sizebin_x_state,merged,2026-07,2,743.0
sglang,32114,comparison,matched_month_x_sizebin_x_state,merged,2026-07,2,12702.0
sglang,33125,comparison,matched_month_x_sizebin_x_state,merged,2026-07,2,1279.0
sglang,30044,comparison,matched_month_x_sizebin_x_state,merged,2026-07,2,3742.0
sglang,32242,comparison,matched_month_x_sizebin_x_state,merged,2026-07,2,1606.0
sglang,32692,comparison,matched_month_x_sizebin_x_state,merged,2026-07,2,1251.0
sglang,31049,comparison,matched_month_x_sizebin_x_state,merged,2026-07,2,3401.0
sglang,30246,comparison,matched_month_x_sizebin_x_state,merged,2026-07,2,864.0
sglang,30929,comparison,matched_month_x_sizebin_x_state,open,2026-07,2,792.0
sglang,31097,comparison,matched_month_x_sizebin_x_state,open,2026-07,2,1233.0
sglang,32517,comparison,matched_month_x_sizebin_x_state,open,2026-07,2,779.0
sglang,32398,comparison,matched_month_x_sizebin_x_state,open,2026-07,2,903.0
sglang,32565,comparison,matched_month_x_sizebin_x_state,open,2026-07,2,5544.0
sglang,32848,comparison,matched_month_x_sizebin_x_state,open,2026-07,2,3141.0
sglang,32883,comparison,matched_month_x_sizebin_x_state,open,2026-07,2,1142.0
sglang,33231,comparison,matched_month_x_sizebin_x_state,closed,2026-08,0,2.0
sglang,34049,comparison,matched_month_x_sizebin_x_state,closed,2026-08,0,50.0
sglang,33381,comparison,matched_month_x_sizebin_x_state,closed,2026-08,0,2.0
sglang,36005,comparison,matched_month_x_sizebin_x_state,merged,2026-08,0,8.0
sglang,37108,comparison,matched_month_x_sizebin_x_state,merged,2026-08,0,82.0
sglang,33608,comparison,matched_month_x_sizebin_x_state,merged,2026-08,0,7.0
sglang,33634,comparison,matched_month_x_sizebin_x_state,merged,2026-08,0,84.0
sglang,34158,comparison,matched_month_x_sizebin_x_state,merged,2026-08,0,133.0
sglang,33473,comparison,matched_month_x_sizebin_x_state,merged,2026-08,0,70.0
sglang,33847,comparison,matched_month_x_sizebin_x_state,merged,2026-08,0,9.0
sglang,33405,comparison,matched_month_x_sizebin_x_state,merged,2026-08,0,31.0
sglang,36056,comparison,matched_month_x_sizebin_x_state,merged,2026-08,0,140.0
sglang,36407,comparison,matched_month_x_sizebin_x_state,merged,2026-08,0,57.0
sglang,33276,comparison,matched_month_x_sizebin_x_state,merged,2026-08,0,8.0
sglang,37167,comparison,matched_month_x_sizebin_x_state,merged,2026-08,0,76.0
sglang,35446,comparison,matched_month_x_sizebin_x_state,merged,2026-08,0,1.0
sglang,33772,comparison,matched_month_x_sizebin_x_state,merged,2026-08,0,2.0
sglang,33940,comparison,matched_month_x_sizebin_x_state,merged,2026-08,0,74.0
sglang,33527,comparison,matched_month_x_sizebin_x_state,merged,2026-08,0,16.0
sglang,34154,comparison,matched_month_x_sizebin_x_state,open,2026-08,0,114.0
sglang,34948,comparison,matched_month_x_sizebin_x_state,open,2026-08,0,16.0
sglang,36280,comparison,matched_month_x_sizebin_x_state,open,2026-08,0,74.0
sglang,33590,comparison,matched_month_x_sizebin_x_state,open,2026-08,0,50.0
sglang,37002,comparison,matched_month_x_sizebin_x_state,open,2026-08,0,34.0
sglang,35733,comparison,matched_month_x_sizebin_x_state,open,2026-08,0,4.0
sglang,34511,comparison,matched_month_x_sizebin_x_state,open,2026-08,0,2.0
sglang,36634,comparison,matched_month_x_sizebin_x_state,closed,2026-08,1,187.0
sglang,35240,comparison,matched_month_x_sizebin_x_state,closed,2026-08,1,354.0
sglang,34029,comparison,matched_month_x_sizebin_x_state,closed,2026-08,1,287.0
sglang,35675,comparison,matched_month_x_sizebin_x_state,closed,2026-08,1,315.0
sglang,33263,comparison,matched_month_x_sizebin_x_state,closed,2026-08,1,250.0
sglang,36370,comparison,matched_month_x_sizebin_x_state,closed,2026-08,1,315.0
sglang,35597,comparison,matched_month_x_sizebin_x_state,merged,2026-08,1,463.0
sglang,34855,comparison,matched_month_x_sizebin_x_state,merged,2026-08,1,420.0
sglang,33704,comparison,matched_month_x_sizebin_x_state,merged,2026-08,1,182.0
sglang,35588,comparison,matched_month_x_sizebin_x_state,merged,2026-08,1,213.0
sglang,35463,comparison,matched_month_x_sizebin_x_state,merged,2026-08,1,314.0
sglang,36982,comparison,matched_month_x_sizebin_x_state,merged,2026-08,1,285.0
sglang,36622,comparison,matched_month_x_sizebin_x_state,merged,2026-08,1,359.0
sglang,35455,comparison,matched_month_x_sizebin_x_state,merged,2026-08,1,160.0
sglang,35021,comparison,matched_month_x_sizebin_x_state,merged,2026-08,1,209.0
sglang,36241,comparison,matched_month_x_sizebin_x_state,merged,2026-08,1,238.0
sglang,35023,comparison,matched_month_x_sizebin_x_state,merged,2026-08,1,520.0
sglang,35707,comparison,matched_month_x_sizebin_x_state,merged,2026-08,1,186.0
sglang,34484,comparison,matched_month_x_sizebin_x_state,merged,2026-08,1,189.0
sglang,35451,comparison,matched_month_x_sizebin_x_state,merged,2026-08,1,225.0
sglang,37134,comparison,matched_month_x_sizebin_x_state,merged,2026-08,1,320.0
sglang,34797,comparison,matched_month_x_sizebin_x_state,merged,2026-08,1,149.0
sglang,36438,comparison,matched_month_x_sizebin_x_state,open,2026-08,1,153.0
sglang,34625,comparison,matched_month_x_sizebin_x_state,open,2026-08,1,289.0
sglang,34385,comparison,matched_month_x_sizebin_x_state,open,2026-08,1,247.0
sglang,33476,comparison,matched_month_x_sizebin_x_state,open,2026-08,1,364.0
sglang,35837,comparison,matched_month_x_sizebin_x_state,open,2026-08,1,398.0
sglang,36158,comparison,matched_month_x_sizebin_x_state,open,2026-08,1,262.0
sglang,34681,comparison,matched_month_x_sizebin_x_state,open,2026-08,1,202.0
sglang,36335,comparison,matched_month_x_sizebin_x_state,open,2026-08,1,474.0
sglang,34925,comparison,matched_month_x_sizebin_x_state,open,2026-08,1,561.0
sglang,37271,comparison,matched_month_x_sizebin_x_state,closed,2026-08,2,741.0
sglang,33211,comparison,matched_month_x_sizebin_x_state,closed,2026-08,2,967.0
sglang,35517,comparison,matched_month_x_sizebin_x_state,closed,2026-08,2,633.0
sglang,34087,comparison,matched_month_x_sizebin_x_state,closed,2026-08,2,2380.0
sglang,35960,comparison,matched_month_x_sizebin_x_state,closed,2026-08,2,4028.0
sglang,33790,comparison,matched_month_x_sizebin_x_state,closed,2026-08,2,1151.0
sglang,35026,comparison,matched_month_x_sizebin_x_state,merged,2026-08,2,1437.0
sglang,35679,comparison,matched_month_x_sizebin_x_state,merged,2026-08,2,770.0
sglang,35269,comparison,matched_month_x_sizebin_x_state,merged,2026-08,2,697.0
sglang,36063,comparison,matched_month_x_sizebin_x_state,merged,2026-08,2,788.0
sglang,36255,comparison,matched_month_x_sizebin_x_state,merged,2026-08,2,1588.0
sglang,33889,comparison,matched_month_x_sizebin_x_state,merged,2026-08,2,1908.0
sglang,35016,comparison,matched_month_x_sizebin_x_state,merged,2026-08,2,2835.0
sglang,36848,comparison,matched_month_x_sizebin_x_state,merged,2026-08,2,3252.0
sglang,36610,comparison,matched_month_x_sizebin_x_state,open,2026-08,2,1275.0
sglang,37277,comparison,matched_month_x_sizebin_x_state,open,2026-08,2,2428.0
sglang,33716,comparison,matched_month_x_sizebin_x_state,open,2026-08,2,706.0
sglang,36133,comparison,matched_month_x_sizebin_x_state,open,2026-08,2,1580.0
sglang,36664,comparison,matched_month_x_sizebin_x_state,open,2026-08,2,13929.0
sglang,36670,comparison,matched_month_x_sizebin_x_state,open,2026-08,2,1411.0
sglang,35413,comparison,matched_month_x_sizebin_x_state,open,2026-08,2,1437.0
sglang,36601,comparison,matched_month_x_sizebin_x_state,open,2026-08,2,644.0
sglang,36703,comparison,matched_month_x_sizebin_x_state,open,2026-08,2,3536.0
sglang,34814,comparison,matched_month_x_sizebin_x_state,open,2026-08,2,891.0
sglang,36345,comparison,matched_month_x_sizebin_x_state,open,2026-08,2,688.0
sglang,35173,comparison,matched_month_x_sizebin_x_state,open,2026-08,2,1080.0
sglang,33221,comparison,matched_month_x_sizebin_x_state,open,2026-08,2,1284.0
sglang,36733,comparison,matched_month_x_sizebin_x_state,open,2026-08,2,690.0
sglang,37135,comparison,matched_month_x_sizebin_x_state,open,2026-08,2,1165.0
sglang,33979,comparison,matched_month_x_sizebin_x_state,open,2026-08,2,672.0
sglang,34313,comparison,matched_month_x_sizebin_x_state,open,2026-08,2,1424.0
sglang,34140,comparison,matched_month_x_sizebin_x_state,open,2026-08,2,2269.0
sglang,35959,comparison,matched_month_x_sizebin_x_state,open,2026-08,2,12731.0
sglang,36261,comparison,matched_month_x_sizebin_x_state,open,2026-08,2,1181.0
sglang,38248,comparison,matched_month_x_sizebin_x_state,closed,2026-09,0,19.0
sglang,40615,comparison,matched_month_x_sizebin_x_state,closed,2026-09,0,0.0
sglang,40050,comparison,matched_month_x_sizebin_x_state,closed,2026-09,0,1.0
sglang,39230,comparison,matched_month_x_sizebin_x_state,merged,2026-09,0,35.0
sglang,38346,comparison,matched_month_x_sizebin_x_state,merged,2026-09,0,1.0
sglang,37760,comparison,matched_month_x_sizebin_x_state,merged,2026-09,0,106.0
sglang,40456,comparison,matched_month_x_sizebin_x_state,merged,2026-09,0,47.0
sglang,37695,comparison,matched_month_x_sizebin_x_state,merged,2026-09,0,5.0
sglang,39678,comparison,matched_month_x_sizebin_x_state,merged,2026-09,0,80.0
sglang,40604,comparison,matched_month_x_sizebin_x_state,merged,2026-09,0,111.0
sglang,41345,comparison,matched_month_x_sizebin_x_state,merged,2026-09,0,8.0
sglang,38705,comparison,matched_month_x_sizebin_x_state,open,2026-09,0,47.0
sglang,38717,comparison,matched_month_x_sizebin_x_state,open,2026-09,0,97.0
sglang,37943,comparison,matched_month_x_sizebin_x_state,open,2026-09,0,92.0
sglang,40940,comparison,matched_month_x_sizebin_x_state,open,2026-09,0,9.0
sglang,40981,comparison,matched_month_x_sizebin_x_state,open,2026-09,0,13.0
sglang,41219,comparison,matched_month_x_sizebin_x_state,open,2026-09,0,29.0
sglang,39947,comparison,matched_month_x_sizebin_x_state,open,2026-09,0,134.0
sglang,39263,comparison,matched_month_x_sizebin_x_state,open,2026-09,0,84.0
sglang,39281,comparison,matched_month_x_sizebin_x_state,open,2026-09,0,16.0
sglang,40016,comparison,matched_month_x_sizebin_x_state,open,2026-09,0,50.0
sglang,40183,comparison,matched_month_x_sizebin_x_state,open,2026-09,0,4.0
sglang,38678,comparison,matched_month_x_sizebin_x_state,open,2026-09,0,119.0
sglang,39844,comparison,matched_month_x_sizebin_x_state,closed,2026-09,1,366.0
sglang,39893,comparison,matched_month_x_sizebin_x_state,closed,2026-09,1,583.0
sglang,40188,comparison,matched_month_x_sizebin_x_state,closed,2026-09,1,189.0
sglang,37416,comparison,matched_month_x_sizebin_x_state,closed,2026-09,1,245.0
sglang,39239,comparison,matched_month_x_sizebin_x_state,closed,2026-09,1,555.0
sglang,38716,comparison,matched_month_x_sizebin_x_state,closed,2026-09,1,145.0
sglang,40682,comparison,matched_month_x_sizebin_x_state,closed,2026-09,1,167.0
sglang,39028,comparison,matched_month_x_sizebin_x_state,closed,2026-09,1,450.0
sglang,38964,comparison,matched_month_x_sizebin_x_state,merged,2026-09,1,551.0
sglang,41195,comparison,matched_month_x_sizebin_x_state,merged,2026-09,1,324.0
sglang,39956,comparison,matched_month_x_sizebin_x_state,merged,2026-09,1,315.0
sglang,38455,comparison,matched_month_x_sizebin_x_state,merged,2026-09,1,254.0
sglang,37469,comparison,matched_month_x_sizebin_x_state,merged,2026-09,1,436.0
sglang,41436,comparison,matched_month_x_sizebin_x_state,merged,2026-09,1,381.0
sglang,37461,comparison,matched_month_x_sizebin_x_state,merged,2026-09,1,248.0
sglang,39781,comparison,matched_month_x_sizebin_x_state,merged,2026-09,1,249.0
sglang,39420,comparison,matched_month_x_sizebin_x_state,merged,2026-09,1,164.0
sglang,41040,comparison,matched_month_x_sizebin_x_state,open,2026-09,1,222.0
sglang,39827,comparison,matched_month_x_sizebin_x_state,open,2026-09,1,524.0
sglang,38208,comparison,matched_month_x_sizebin_x_state,open,2026-09,1,363.0
sglang,38883,comparison,matched_month_x_sizebin_x_state,open,2026-09,1,571.0
sglang,40407,comparison,matched_month_x_sizebin_x_state,open,2026-09,1,418.0
sglang,40702,comparison,matched_month_x_sizebin_x_state,open,2026-09,1,273.0
sglang,41532,comparison,matched_month_x_sizebin_x_state,open,2026-09,1,225.0
sglang,41520,comparison,matched_month_x_sizebin_x_state,open,2026-09,1,413.0
sglang,38524,comparison,matched_month_x_sizebin_x_state,open,2026-09,1,167.0
sglang,38263,comparison,matched_month_x_sizebin_x_state,open,2026-09,1,188.0
sglang,38873,comparison,matched_month_x_sizebin_x_state,open,2026-09,1,315.0
sglang,40893,comparison,matched_month_x_sizebin_x_state,open,2026-09,1,266.0
sglang,39533,comparison,matched_month_x_sizebin_x_state,open,2026-09,1,443.0
sglang,38943,comparison,matched_month_x_sizebin_x_state,open,2026-09,1,271.0
sglang,39639,comparison,matched_month_x_sizebin_x_state,open,2026-09,1,509.0
sglang,39676,comparison,matched_month_x_sizebin_x_state,open,2026-09,1,212.0
sglang,41473,comparison,matched_month_x_sizebin_x_state,open,2026-09,1,333.0
sglang,41232,comparison,matched_month_x_sizebin_x_state,open,2026-09,1,409.0
sglang,39188,comparison,matched_month_x_sizebin_x_state,open,2026-09,1,145.0
sglang,37491,comparison,matched_month_x_sizebin_x_state,open,2026-09,1,272.0
sglang,40396,comparison,matched_month_x_sizebin_x_state,open,2026-09,1,396.0
sglang,38106,comparison,matched_month_x_sizebin_x_state,closed,2026-09,2,9303.0
sglang,40132,comparison,matched_month_x_sizebin_x_state,closed,2026-09,2,33589.0
sglang,39229,comparison,matched_month_x_sizebin_x_state,closed,2026-09,2,1290.0
sglang,40192,comparison,matched_month_x_sizebin_x_state,closed,2026-09,2,1383.0
sglang,38405,comparison,matched_month_x_sizebin_x_state,closed,2026-09,2,1583.0
sglang,39974,comparison,matched_month_x_sizebin_x_state,closed,2026-09,2,1493.0
sglang,40581,comparison,matched_month_x_sizebin_x_state,closed,2026-09,2,655.0
sglang,39318,comparison,matched_month_x_sizebin_x_state,merged,2026-09,2,928.0
sglang,38434,comparison,matched_month_x_sizebin_x_state,merged,2026-09,2,631.0
sglang,41067,comparison,matched_month_x_sizebin_x_state,merged,2026-09,2,2412.0
sglang,40556,comparison,matched_month_x_sizebin_x_state,merged,2026-09,2,5024.0
sglang,41429,comparison,matched_month_x_sizebin_x_state,merged,2026-09,2,856.0
sglang,39671,comparison,matched_month_x_sizebin_x_state,merged,2026-09,2,665.0
sglang,38577,comparison,matched_month_x_sizebin_x_state,merged,2026-09,2,648.0
sglang,39378,comparison,matched_month_x_sizebin_x_state,merged,2026-09,2,732.0
sglang,40988,comparison,matched_month_x_sizebin_x_state,merged,2026-09,2,665.0
sglang,37627,comparison,matched_month_x_sizebin_x_state,open,2026-09,2,5240.0
sglang,39256,comparison,matched_month_x_sizebin_x_state,open,2026-09,2,826.0
sglang,38895,comparison,matched_month_x_sizebin_x_state,open,2026-09,2,790.0
sglang,40663,comparison,matched_month_x_sizebin_x_state,open,2026-09,2,7429.0
sglang,38317,comparison,matched_month_x_sizebin_x_state,open,2026-09,2,2932.0
sglang,38643,comparison,matched_month_x_sizebin_x_state,open,2026-09,2,1377.0
sglang,39401,comparison,matched_month_x_sizebin_x_state,open,2026-09,2,3580.0
sglang,40330,comparison,matched_month_x_sizebin_x_state,open,2026-09,2,5512.0
sglang,38302,comparison,matched_month_x_sizebin_x_state,open,2026-09,2,745.0
sglang,37359,comparison,matched_month_x_sizebin_x_state,open,2026-09,2,1720.0
sglang,40806,comparison,matched_month_x_sizebin_x_state,open,2026-09,2,876.0
sglang,39475,comparison,matched_month_x_sizebin_x_state,open,2026-09,2,14375.0
sglang,38711,comparison,matched_month_x_sizebin_x_state,open,2026-09,2,772.0
sglang,38634,comparison,matched_month_x_sizebin_x_state,open,2026-09,2,1301.0
sglang,40591,comparison,matched_month_x_sizebin_x_state,open,2026-09,2,832.0
sglang,38897,comparison,matched_month_x_sizebin_x_state,open,2026-09,2,715.0
sglang,41548,comparison,matched_month_x_sizebin_x_state,open,2026-09,2,1048.0
sglang,41491,comparison,matched_month_x_sizebin_x_state,open,2026-09,2,2208.0
sglang,38962,comparison,matched_month_x_sizebin_x_state,open,2026-09,2,19657.0
sglang,40697,comparison,matched_month_x_sizebin_x_state,open,2026-09,2,646.0
sglang,40876,comparison,matched_month_x_sizebin_x_state,open,2026-09,2,2381.0
sglang,37918,comparison,matched_month_x_sizebin_x_state,open,2026-09,2,8601.0
sglang,40219,comparison,matched_month_x_sizebin_x_state,open,2026-09,2,2047.0
sglang,40816,comparison,matched_month_x_sizebin_x_state,open,2026-09,2,759.0
sglang,38054,comparison,matched_month_x_sizebin_x_state,open,2026-09,2,1259.0
sglang,41259,comparison,matched_month_x_sizebin_x_state,open,2026-09,2,773.0
sglang,40738,comparison,matched_month_x_sizebin_x_state,open,2026-09,2,4111.0
sglang,39143,comparison,matched_month_x_sizebin_x_state,open,2026-09,2,16305.0
