repo,number,group,state,merged,title_bracket_tag,approval_by_write_role_before_merge,any_nonauthor_approval_before_merge,tests_changed,kernel_paths_changed,kernel_change_with_numerical_test_evidence,perf_evidence_reported,template_purpose_filled,template_test_plan_filled,template_test_result_filled,ready_label_before_merge,template_accuracy_tests_filled,template_benchmarking_filled,run_ci_label_before_merge,aot_kernel_change,aot_change_with_tests_and_benchmark
vllm,25972,performance,closed,0,1,,,0,1,0,0,0,0,0,,,,,,
vllm,25860,performance,closed,0,1,,,0,0,,0,1,0,0,,,,,,
vllm,27376,performance,closed,0,1,,,1,0,,0,0,0,0,,,,,,
vllm,26504,performance,closed,0,1,,,0,0,,1,1,1,1,,,,,,
vllm,27407,performance,closed,0,1,,,0,0,,1,1,0,1,,,,,,
vllm,26391,performance,closed,0,0,,,1,1,0,0,1,0,1,,,,,,
vllm,27192,performance,closed,0,1,,,1,1,1,0,1,1,1,,,,,,
vllm,27900,performance,closed,0,1,,,1,1,0,1,1,1,1,,,,,,
vllm,26056,performance,closed,0,1,,,1,0,,0,0,0,0,,,,,,
vllm,26021,performance,closed,0,1,,,0,1,1,1,0,1,1,,,,,,
vllm,27216,performance,closed,0,1,,,0,0,,1,1,0,1,,,,,,
vllm,27299,performance,closed,0,1,,,1,1,1,1,1,1,1,,,,,,
vllm,27097,performance,closed,0,0,,,1,0,,0,1,1,1,,,,,,
vllm,26495,performance,closed,0,1,,,1,0,,0,1,1,1,,,,,,
vllm,27037,performance,closed,0,0,,,1,1,1,0,1,1,1,,,,,,
vllm,27736,performance,closed,0,1,,,0,0,,1,1,0,1,,,,,,
vllm,26337,performance,closed,0,0,,,0,1,0,1,1,1,1,,,,,,
vllm,27813,performance,closed,0,1,,,1,0,,1,1,1,0,,,,,,
vllm,28106,performance,closed,0,0,,,0,1,0,0,1,0,1,,,,,,
vllm,28922,performance,closed,0,0,,,0,0,,0,0,0,0,,,,,,
vllm,29051,performance,closed,0,1,,,1,0,,1,0,0,0,,,,,,
vllm,29438,performance,closed,0,1,,,0,1,1,1,1,1,1,,,,,,
vllm,28497,performance,closed,0,1,,,0,1,0,1,1,0,0,,,,,,
vllm,29502,performance,closed,0,1,,,1,0,,1,1,1,0,,,,,,
vllm,27943,performance,closed,0,1,,,0,0,,1,0,0,1,,,,,,
vllm,29237,performance,closed,0,1,,,1,1,0,1,1,1,1,,,,,,
vllm,28571,performance,closed,0,1,,,0,0,,0,0,0,0,,,,,,
vllm,28850,performance,closed,0,1,,,0,0,,0,1,1,1,,,,,,
vllm,28790,performance,closed,0,1,,,0,0,,0,1,1,1,,,,,,
vllm,29211,performance,closed,0,0,,,1,1,0,1,0,0,0,,,,,,
vllm,31487,performance,closed,0,1,,,0,0,,0,0,0,0,,,,,,
vllm,31442,performance,closed,0,1,,,0,1,0,1,1,0,0,,,,,,
vllm,30984,performance,closed,0,0,,,1,1,0,0,1,0,1,,,,,,
vllm,29957,performance,closed,0,1,,,0,0,,1,0,0,1,,,,,,
vllm,29886,performance,closed,0,0,,,0,0,,0,0,0,1,,,,,,
vllm,31548,performance,closed,0,1,,,1,1,1,0,1,1,0,,,,,,
vllm,30274,performance,closed,0,1,,,1,0,,0,0,0,0,,,,,,
vllm,30471,performance,closed,0,1,,,1,1,0,0,1,1,1,,,,,,
vllm,29807,performance,closed,0,0,,,1,1,0,0,0,0,1,,,,,,
vllm,30377,performance,closed,0,0,,,0,0,,1,1,1,1,,,,,,
vllm,31354,performance,closed,0,1,,,0,1,1,1,0,0,0,,,,,,
vllm,30891,performance,closed,0,1,,,0,1,1,1,1,1,0,,,,,,
vllm,31512,performance,closed,0,1,,,0,1,0,1,0,1,0,,,,,,
vllm,30045,performance,closed,0,1,,,0,0,,0,1,0,1,,,,,,
vllm,30718,performance,closed,0,1,,,1,1,0,1,1,0,0,,,,,,
vllm,30783,performance,closed,0,1,,,0,0,,1,0,0,0,,,,,,
vllm,30022,performance,closed,0,0,,,0,1,0,1,0,0,1,,,,,,
vllm,30030,performance,closed,0,1,,,1,0,,0,1,0,0,,,,,,
vllm,31875,performance,closed,0,1,,,0,0,,0,1,0,1,,,,,,
vllm,33216,performance,closed,0,1,,,1,1,1,1,1,0,1,,,,,,
vllm,32906,performance,closed,0,1,,,1,1,0,1,1,0,1,,,,,,
vllm,33354,performance,closed,0,1,,,0,0,,0,0,0,0,,,,,,
vllm,32450,performance,closed,0,1,,,1,1,0,0,1,1,1,,,,,,
vllm,33232,performance,closed,0,1,,,1,0,,1,1,1,1,,,,,,
vllm,31598,performance,closed,0,1,,,0,0,,0,1,0,0,,,,,,
vllm,33228,performance,closed,0,1,,,1,1,1,1,1,0,1,,,,,,
vllm,31743,performance,closed,0,1,,,0,1,0,1,1,1,1,,,,,,
vllm,31723,performance,closed,0,1,,,0,0,,1,0,0,0,,,,,,
vllm,31851,performance,closed,0,1,,,1,1,0,0,0,0,1,,,,,,
vllm,31690,performance,closed,0,1,,,1,0,,1,1,1,1,,,,,,
vllm,31938,performance,closed,0,0,,,0,1,0,0,0,0,0,,,,,,
vllm,31846,performance,closed,0,0,,,0,0,,0,1,0,1,,,,,,
vllm,31653,performance,closed,0,1,,,0,0,,1,0,1,0,,,,,,
vllm,32217,performance,closed,0,1,,,1,1,0,0,1,0,1,,,,,,
vllm,32526,performance,closed,0,1,,,0,0,,0,0,0,0,,,,,,
vllm,32941,performance,closed,0,0,,,0,0,,0,0,0,1,,,,,,
vllm,32174,performance,closed,0,0,,,0,1,1,1,0,0,0,,,,,,
vllm,34632,performance,closed,0,1,,,0,1,0,0,0,0,0,,,,,,
vllm,35301,performance,closed,0,1,,,0,0,,1,1,0,0,,,,,,
vllm,35363,performance,closed,0,1,,,0,0,,1,0,0,0,,,,,,
vllm,33740,performance,closed,0,1,,,1,0,,1,0,0,1,,,,,,
vllm,35279,performance,closed,0,1,,,1,0,,1,1,1,1,,,,,,
vllm,34920,performance,closed,0,0,,,0,1,0,1,1,0,1,,,,,,
vllm,34346,performance,closed,0,0,,,1,1,1,1,0,0,0,,,,,,
vllm,34462,performance,closed,0,1,,,1,0,,1,1,1,0,,,,,,
vllm,33691,performance,closed,0,1,,,1,1,0,1,1,1,1,,,,,,
vllm,33815,performance,closed,0,1,,,0,1,1,0,1,1,1,,,,,,
vllm,35245,performance,closed,0,1,,,0,0,,0,0,0,1,,,,,,
vllm,35166,performance,closed,0,1,,,0,0,,1,1,1,1,,,,,,
vllm,34838,performance,closed,0,1,,,0,1,0,1,0,0,0,,,,,,
vllm,34037,performance,closed,0,1,,,1,1,1,0,0,1,0,,,,,,
vllm,35370,performance,closed,0,1,,,0,0,,1,0,0,0,,,,,,
vllm,35435,performance,closed,0,0,,,0,1,1,1,0,0,0,,,,,,
vllm,33862,performance,closed,0,0,,,0,0,,1,1,0,0,,,,,,
vllm,34801,performance,closed,0,1,,,1,1,1,1,0,0,0,,,,,,
vllm,33890,performance,closed,0,1,,,0,1,0,1,1,1,1,,,,,,
vllm,37239,performance,closed,0,1,,,0,0,,1,1,0,0,,,,,,
vllm,37496,performance,closed,0,1,,,1,0,,0,0,0,1,,,,,,
vllm,37936,performance,closed,0,1,,,0,0,,0,1,0,1,,,,,,
vllm,36447,performance,closed,0,1,,,0,0,,1,0,0,0,,,,,,
vllm,35879,performance,closed,0,1,,,1,1,1,0,0,0,0,,,,,,
vllm,36893,performance,closed,0,1,,,1,1,0,1,0,0,0,,,,,,
vllm,35739,performance,closed,0,1,,,1,1,1,1,1,0,0,,,,,,
vllm,37450,performance,closed,0,1,,,0,0,,0,0,0,0,,,,,,
vllm,35677,performance,closed,0,1,,,1,0,,1,0,0,0,,,,,,
vllm,36689,performance,closed,0,1,,,1,1,1,1,1,1,1,,,,,,
vllm,37316,performance,closed,0,1,,,0,0,,0,0,0,0,,,,,,
vllm,36277,performance,closed,0,1,,,1,0,,0,0,0,0,,,,,,
vllm,36083,performance,closed,0,0,,,0,0,,1,1,1,1,,,,,,
vllm,37789,performance,closed,0,1,,,0,0,,1,1,1,1,,,,,,
vllm,38216,performance,closed,0,1,,,0,1,0,1,0,0,0,,,,,,
vllm,37192,performance,closed,0,0,,,1,1,1,0,0,0,0,,,,,,
vllm,37281,performance,closed,0,1,,,1,0,,1,0,0,0,,,,,,
vllm,35958,performance,closed,0,0,,,1,1,1,0,0,0,1,,,,,,
vllm,36007,performance,closed,0,0,,,0,0,,0,0,0,0,,,,,,
vllm,38028,performance,closed,0,1,,,1,1,1,1,1,1,0,,,,,,
vllm,38595,performance,closed,0,1,,,0,0,,0,0,0,0,,,,,,
vllm,37800,performance,closed,0,1,,,0,0,,0,0,0,0,,,,,,
vllm,37227,performance,closed,0,1,,,0,0,,1,0,0,0,,,,,,
vllm,36899,performance,closed,0,1,,,0,1,0,1,1,0,0,,,,,,
vllm,38211,performance,closed,0,1,,,1,1,1,0,1,1,1,,,,,,
vllm,37078,performance,closed,0,1,,,0,0,,0,0,0,0,,,,,,
vllm,37825,performance,closed,0,1,,,1,0,,0,1,0,0,,,,,,
vllm,38020,performance,closed,0,1,,,0,0,,0,1,1,0,,,,,,
vllm,38026,performance,closed,0,0,,,1,1,1,1,1,1,1,,,,,,
vllm,38368,performance,closed,0,1,,,0,0,,1,1,1,1,,,,,,
vllm,39995,performance,closed,0,1,,,1,1,1,0,0,0,0,,,,,,
vllm,39633,performance,closed,0,1,,,0,0,,1,0,0,0,,,,,,
vllm,38787,performance,closed,0,1,,,0,0,,1,0,0,0,,,,,,
vllm,39095,performance,closed,0,1,,,0,1,0,0,0,0,0,,,,,,
vllm,40098,performance,closed,0,0,,,0,0,,1,0,1,0,,,,,,
vllm,41020,performance,closed,0,1,,,0,1,0,1,1,0,0,,,,,,
vllm,40614,performance,closed,0,1,,,0,1,0,0,0,0,0,,,,,,
vllm,39533,performance,closed,0,1,,,1,0,,1,1,0,0,,,,,,
vllm,41138,performance,closed,0,1,,,1,1,1,0,1,1,1,,,,,,
vllm,40021,performance,closed,0,0,,,0,0,,0,0,0,0,,,,,,
vllm,40557,performance,closed,0,1,,,0,0,,0,1,0,0,,,,,,
vllm,41304,performance,closed,0,1,,,1,0,,0,1,0,1,,,,,,
vllm,41222,performance,closed,0,1,,,0,0,,1,0,1,0,,,,,,
vllm,41305,performance,closed,0,1,,,0,0,,1,1,1,1,,,,,,
vllm,40670,performance,closed,0,1,,,0,0,,1,1,1,1,,,,,,
vllm,39331,performance,closed,0,0,,,0,1,0,1,0,0,0,,,,,,
vllm,40174,performance,closed,0,1,,,1,0,,1,1,0,0,,,,,,
vllm,40031,performance,closed,0,1,,,0,1,0,1,1,1,1,,,,,,
vllm,41150,performance,closed,0,1,,,1,1,0,0,0,0,0,,,,,,
vllm,40370,performance,closed,0,0,,,0,1,1,1,0,0,1,,,,,,
vllm,40170,performance,closed,0,1,,,0,1,1,1,0,0,0,,,,,,
vllm,40009,performance,closed,0,1,,,0,0,,1,0,0,1,,,,,,
vllm,40655,performance,closed,0,1,,,0,0,,1,0,0,0,,,,,,
vllm,40798,performance,closed,0,1,,,1,0,,1,0,0,0,,,,,,
vllm,40188,performance,closed,0,1,,,0,0,,1,1,1,1,,,,,,
vllm,41260,performance,closed,0,1,,,0,1,0,0,1,0,1,,,,,,
vllm,40773,performance,closed,0,1,,,1,0,,0,0,0,0,,,,,,
vllm,40843,performance,closed,0,0,,,1,1,0,0,0,0,0,,,,,,
vllm,41195,performance,closed,0,1,,,0,0,,1,1,1,1,,,,,,
vllm,38983,performance,closed,0,1,,,1,0,,0,1,0,1,,,,,,
vllm,41118,performance,closed,0,1,,,1,1,1,1,1,0,0,,,,,,
vllm,41194,performance,closed,0,1,,,1,0,,0,1,0,1,,,,,,
vllm,38888,performance,closed,0,1,,,1,1,1,0,1,0,0,,,,,,
vllm,41679,performance,closed,0,0,,,1,0,,1,0,0,0,,,,,,
vllm,43250,performance,closed,0,1,,,0,1,0,1,1,0,0,,,,,,
vllm,41500,performance,closed,0,1,,,0,0,,1,1,1,1,,,,,,
vllm,42733,performance,closed,0,1,,,1,1,0,0,0,0,0,,,,,,
vllm,42408,performance,closed,0,0,,,0,0,,0,0,0,0,,,,,,
vllm,43788,performance,closed,0,1,,,1,0,,1,1,1,1,,,,,,
vllm,43036,performance,closed,0,0,,,1,0,,0,1,1,0,,,,,,
vllm,41539,performance,closed,0,1,,,1,0,,1,0,0,0,,,,,,
vllm,43101,performance,closed,0,1,,,1,0,,1,1,0,0,,,,,,
vllm,42732,performance,closed,0,1,,,0,1,0,0,0,0,1,,,,,,
vllm,42294,performance,closed,0,1,,,0,0,,1,0,0,0,,,,,,
vllm,43306,performance,closed,0,1,,,1,1,1,1,0,0,0,,,,,,
vllm,42230,performance,closed,0,1,,,1,1,0,1,0,0,0,,,,,,
vllm,42086,performance,closed,0,1,,,1,0,,1,0,1,0,,,,,,
vllm,42818,performance,closed,0,0,,,1,1,0,1,0,0,0,,,,,,
vllm,42815,performance,closed,0,0,,,1,1,1,1,0,0,0,,,,,,
vllm,42352,performance,closed,0,1,,,0,0,,1,0,1,0,,,,,,
vllm,43642,performance,closed,0,1,,,1,0,,0,1,1,1,,,,,,
vllm,42500,performance,closed,0,1,,,1,0,,0,0,0,0,,,,,,
vllm,42218,performance,closed,0,1,,,1,1,0,1,0,1,1,,,,,,
vllm,42241,performance,closed,0,1,,,0,0,,1,1,1,1,,,,,,
vllm,42957,performance,closed,0,0,,,0,0,,0,0,0,0,,,,,,
vllm,43278,performance,closed,0,1,,,1,0,,0,0,1,0,,,,,,
vllm,42556,performance,closed,0,0,,,0,0,,0,0,0,0,,,,,,
vllm,44071,performance,closed,0,0,,,0,0,,0,0,0,0,,,,,,
vllm,42251,performance,closed,0,1,,,0,0,,1,0,0,0,,,,,,
vllm,43675,performance,closed,0,1,,,0,1,0,1,1,0,0,,,,,,
vllm,41737,performance,closed,0,1,,,0,1,0,0,0,0,0,,,,,,
vllm,43137,performance,closed,0,1,,,1,1,1,1,1,0,0,,,,,,
vllm,46597,performance,closed,0,1,,,1,0,,1,1,0,0,,,,,,
vllm,45788,performance,closed,0,0,,,1,1,0,0,0,0,0,,,,,,
vllm,46234,performance,closed,0,1,,,0,0,,1,0,0,0,,,,,,
vllm,46848,performance,closed,0,0,,,1,1,0,1,0,0,0,,,,,,
vllm,47084,performance,closed,0,1,,,1,1,0,1,0,0,0,,,,,,
vllm,46911,performance,closed,0,1,,,0,0,,1,0,0,1,,,,,,
vllm,45284,performance,closed,0,1,,,0,0,,1,0,1,0,,,,,,
vllm,46391,performance,closed,0,1,,,1,1,0,0,0,0,1,,,,,,
vllm,44389,performance,closed,0,1,,,1,1,1,1,1,0,0,,,,,,
vllm,46035,performance,closed,0,1,,,0,0,,1,0,1,0,,,,,,
vllm,45226,performance,closed,0,1,,,1,1,1,0,1,1,1,,,,,,
vllm,45426,performance,closed,0,1,,,1,0,,1,1,1,0,,,,,,
vllm,45639,performance,closed,0,1,,,0,0,,0,0,0,0,,,,,,
vllm,46864,performance,closed,0,1,,,0,0,,0,0,0,0,,,,,,
vllm,46191,performance,closed,0,1,,,0,0,,1,1,1,1,,,,,,
vllm,44738,performance,closed,0,1,,,0,0,,0,0,0,0,,,,,,
vllm,45726,performance,closed,0,1,,,1,1,1,1,1,0,0,,,,,,
vllm,46094,performance,closed,0,0,,,0,0,,1,0,0,0,,,,,,
vllm,44452,performance,closed,0,1,,,0,1,1,1,0,0,0,,,,,,
vllm,46903,performance,closed,0,0,,,1,1,1,0,1,1,1,,,,,,
vllm,49978,performance,closed,0,1,,,1,0,,1,1,1,1,,,,,,
vllm,47622,performance,closed,0,1,,,1,0,,0,0,0,0,,,,,,
vllm,47774,performance,closed,0,1,,,0,1,1,1,1,1,1,,,,,,
vllm,50395,performance,closed,0,1,,,1,1,1,1,1,1,0,,,,,,
vllm,47807,performance,closed,0,0,,,1,1,1,1,1,0,1,,,,,,
vllm,50315,performance,closed,0,0,,,0,0,,0,1,0,0,,,,,,
vllm,50554,performance,closed,0,1,,,1,0,,1,1,1,0,,,,,,
vllm,49099,performance,closed,0,0,,,1,1,0,1,0,0,0,,,,,,
vllm,47712,performance,closed,0,1,,,0,1,1,1,1,1,0,,,,,,
vllm,47441,performance,closed,0,1,,,1,1,1,0,1,0,1,,,,,,
vllm,50379,performance,closed,0,1,,,1,0,,1,1,1,1,,,,,,
vllm,48737,performance,closed,0,1,,,1,0,,1,1,0,0,,,,,,
vllm,49168,performance,closed,0,0,,,1,0,,1,1,1,0,,,,,,
vllm,47599,performance,closed,0,1,,,1,0,,1,1,1,0,,,,,,
vllm,48893,performance,closed,0,1,,,0,1,1,1,0,0,0,,,,,,
vllm,48813,performance,closed,0,1,,,0,0,,0,1,1,1,,,,,,
vllm,49503,performance,closed,0,1,,,0,0,,0,0,0,0,,,,,,
vllm,48537,performance,closed,0,1,,,1,1,0,1,1,0,0,,,,,,
vllm,47556,performance,closed,0,1,,,1,0,,0,0,0,0,,,,,,
vllm,47565,performance,closed,0,1,,,0,1,0,1,1,0,1,,,,,,
vllm,47882,performance,closed,0,1,,,1,0,,1,0,0,0,,,,,,
vllm,50469,performance,closed,0,1,,,0,1,0,1,1,0,0,,,,,,
vllm,50061,performance,closed,0,1,,,1,1,1,1,0,0,0,,,,,,
vllm,48935,performance,closed,0,1,,,1,1,0,1,1,0,1,,,,,,
vllm,48804,performance,closed,0,1,,,1,0,,1,0,0,0,,,,,,
vllm,47686,performance,closed,0,1,,,1,0,,1,1,1,1,,,,,,
vllm,52683,performance,closed,0,1,,,1,0,,1,1,0,0,,,,,,
vllm,51991,performance,closed,0,1,,,1,0,,1,0,1,0,,,,,,
vllm,53599,performance,closed,0,1,,,0,0,,0,0,0,1,,,,,,
vllm,52740,performance,closed,0,1,,,1,1,0,1,1,1,1,,,,,,
vllm,50771,performance,closed,0,0,,,0,0,,0,0,0,0,,,,,,
vllm,50664,performance,closed,0,1,,,1,0,,1,1,1,1,,,,,,
vllm,53126,performance,closed,0,0,,,1,1,1,1,1,1,1,,,,,,
vllm,53185,performance,closed,0,1,,,1,1,0,0,0,0,0,,,,,,
vllm,51333,performance,closed,0,1,,,1,0,,1,0,0,0,,,,,,
vllm,51990,performance,closed,0,1,,,1,0,,1,0,1,0,,,,,,
vllm,52584,performance,closed,0,0,,,1,1,0,0,0,0,0,,,,,,
vllm,54266,performance,closed,0,1,,,0,0,,0,0,0,0,,,,,,
vllm,53791,performance,closed,0,1,,,0,0,,1,0,0,0,,,,,,
vllm,51544,performance,closed,0,1,,,1,0,,0,0,0,0,,,,,,
vllm,54410,performance,closed,0,1,,,1,1,1,0,1,1,0,,,,,,
vllm,52856,performance,closed,0,1,,,1,0,,1,1,0,0,,,,,,
vllm,53001,performance,closed,0,1,,,1,1,0,1,1,1,1,,,,,,
vllm,54524,performance,closed,0,1,,,1,1,1,1,1,1,0,,,,,,
vllm,52971,performance,closed,0,1,,,1,1,0,1,1,0,0,,,,,,
vllm,50724,performance,closed,0,1,,,1,1,1,0,1,1,1,,,,,,
vllm,50663,performance,closed,0,0,,,1,1,1,1,1,1,1,,,,,,
vllm,52964,performance,closed,0,1,,,1,1,0,0,0,0,1,,,,,,
vllm,51088,performance,closed,0,1,,,0,0,,0,0,0,0,,,,,,
vllm,51238,performance,closed,0,1,,,1,0,,1,0,0,0,,,,,,
vllm,52218,performance,closed,0,1,,,1,1,1,1,1,1,1,,,,,,
vllm,54121,performance,closed,0,1,,,1,1,1,1,0,0,0,,,,,,
vllm,54594,performance,closed,0,1,,,1,1,1,1,1,1,0,,,,,,
vllm,53526,performance,closed,0,1,,,1,1,1,1,1,1,1,,,,,,
vllm,51543,performance,closed,0,1,,,1,0,,0,0,0,0,,,,,,
vllm,52878,performance,closed,0,1,,,0,0,,1,1,0,0,,,,,,
vllm,55194,performance,closed,0,1,,,1,1,1,1,1,1,0,,,,,,
vllm,56344,performance,closed,0,1,,,1,1,1,1,1,1,0,,,,,,
vllm,56435,performance,closed,0,1,,,1,1,0,1,0,0,0,,,,,,
vllm,57711,performance,closed,0,1,,,0,0,,1,1,1,0,,,,,,
vllm,58661,performance,closed,0,1,,,0,0,,1,1,1,0,,,,,,
vllm,55582,performance,closed,0,1,,,0,0,,1,1,0,0,,,,,,
vllm,55149,performance,closed,0,1,,,1,0,,0,1,1,1,,,,,,
vllm,56827,performance,closed,0,1,,,0,1,0,1,0,0,0,,,,,,
vllm,58827,performance,closed,0,1,,,1,1,1,1,1,0,0,,,,,,
vllm,57962,performance,closed,0,1,,,1,1,0,1,0,0,0,,,,,,
vllm,56751,performance,closed,0,1,,,1,1,1,1,1,1,1,,,,,,
vllm,55024,performance,closed,0,1,,,1,0,,1,1,1,1,,,,,,
vllm,55652,performance,closed,0,1,,,1,0,,1,1,1,1,,,,,,
vllm,57344,performance,closed,0,1,,,1,1,1,1,0,0,1,,,,,,
vllm,55892,performance,closed,0,0,,,1,0,,0,0,0,0,,,,,,
vllm,55289,performance,closed,0,1,,,1,0,,1,1,1,1,,,,,,
vllm,56544,performance,closed,0,1,,,0,0,,1,0,0,0,,,,,,
vllm,56220,performance,closed,0,1,,,1,1,1,1,1,1,0,,,,,,
vllm,56572,performance,closed,0,1,,,1,0,,0,0,0,0,,,,,,
vllm,56436,performance,closed,0,1,,,1,1,1,0,0,0,0,,,,,,
vllm,55045,performance,closed,0,1,,,1,0,,0,0,0,0,,,,,,
vllm,56320,performance,closed,0,1,,,1,1,1,1,1,1,1,,,,,,
vllm,57886,performance,closed,0,1,,,1,0,,1,1,1,1,,,,,,
vllm,59091,performance,closed,0,0,,,1,0,,0,0,0,0,,,,,,
vllm,55978,performance,closed,0,1,,,0,0,,1,1,1,1,,,,,,
vllm,57097,performance,closed,0,1,,,1,0,,1,0,1,1,,,,,,
vllm,57437,performance,closed,0,1,,,0,0,,1,1,1,1,,,,,,
vllm,56163,performance,closed,0,1,,,0,1,0,0,1,0,1,,,,,,
vllm,57704,performance,closed,0,1,,,0,0,,0,1,1,1,,,,,,
vllm,58230,performance,closed,0,1,,,1,0,,1,1,1,0,,,,,,
vllm,25945,performance,merged,1,0,1,1,1,1,0,1,1,0,0,1,,,,,
vllm,25858,performance,merged,1,1,1,1,0,1,0,0,1,1,1,0,,,,,
vllm,25955,performance,merged,1,1,1,1,0,1,1,1,1,0,0,1,,,,,
vllm,27512,performance,merged,1,1,1,1,0,0,,1,1,0,0,1,,,,,
vllm,27402,performance,merged,1,1,1,1,0,1,0,1,1,0,0,1,,,,,
vllm,26313,performance,merged,1,1,1,1,0,0,,1,1,1,1,1,,,,,
vllm,26680,performance,merged,1,0,1,1,0,1,0,1,0,0,0,1,,,,,
vllm,27532,performance,merged,1,1,1,1,1,1,1,1,0,0,0,1,,,,,
vllm,26145,performance,merged,1,1,1,1,0,1,0,0,1,1,0,1,,,,,
vllm,27897,performance,merged,1,1,1,1,0,1,0,1,1,1,1,1,,,,,
vllm,26714,performance,merged,1,1,1,1,1,1,0,1,1,1,1,1,,,,,
vllm,26647,performance,merged,1,1,1,1,0,0,,1,1,1,0,1,,,,,
vllm,26763,performance,merged,1,1,1,1,1,1,0,1,1,0,1,1,,,,,
vllm,26051,performance,merged,1,1,1,1,0,0,,1,0,0,0,1,,,,,
vllm,27694,performance,merged,1,1,1,1,0,1,0,1,1,0,1,1,,,,,
vllm,26084,performance,merged,1,1,1,1,0,0,,1,1,1,1,1,,,,,
vllm,27284,performance,merged,1,1,1,1,0,1,1,1,1,1,1,1,,,,,
vllm,26961,performance,merged,1,1,1,1,0,0,,1,0,0,0,1,,,,,
vllm,27131,performance,merged,1,0,1,1,1,1,0,0,1,1,1,1,,,,,
vllm,26682,performance,merged,1,0,1,1,0,0,,0,0,0,0,1,,,,,
vllm,26426,performance,merged,1,1,1,1,0,0,,0,0,0,0,1,,,,,
vllm,26146,performance,merged,1,1,1,1,1,0,,1,1,1,0,1,,,,,
vllm,27323,performance,merged,1,1,1,1,0,1,0,1,1,1,0,0,,,,,
vllm,26132,performance,merged,1,1,1,1,0,1,1,1,1,0,0,1,,,,,
vllm,27435,performance,merged,1,0,1,1,1,1,0,1,1,1,1,1,,,,,
vllm,26666,performance,merged,1,1,1,1,0,1,0,0,1,0,1,1,,,,,
vllm,29553,performance,merged,1,1,1,1,0,1,0,0,1,0,0,1,,,,,
vllm,28479,performance,merged,1,1,1,1,0,1,0,0,1,1,0,1,,,,,
vllm,28769,performance,merged,1,1,1,1,0,0,,1,1,1,1,1,,,,,
vllm,28406,performance,merged,1,1,1,1,0,1,1,0,0,0,0,1,,,,,
vllm,29193,performance,merged,1,1,1,1,0,1,1,1,1,1,0,1,,,,,
vllm,28373,performance,merged,1,1,1,1,0,1,0,0,1,1,1,1,,,,,
vllm,28095,performance,merged,1,1,1,1,0,0,,1,1,0,0,1,,,,,
vllm,29708,performance,merged,1,1,1,1,1,1,1,1,1,1,0,1,,,,,
vllm,28306,performance,merged,1,1,1,1,1,1,1,0,1,1,1,1,,,,,
vllm,28032,performance,merged,1,1,1,1,0,0,,1,1,1,0,1,,,,,
vllm,29512,performance,merged,1,1,0,0,0,1,0,1,1,0,1,1,,,,,
vllm,28892,performance,merged,1,0,1,1,0,0,,1,1,0,0,1,,,,,
vllm,29322,performance,merged,1,1,1,1,1,1,0,0,1,0,1,1,,,,,
vllm,28492,performance,merged,1,1,1,1,0,0,,1,0,0,0,1,,,,,
vllm,29600,performance,merged,1,1,1,1,0,1,0,1,1,1,1,1,,,,,
vllm,29642,performance,merged,1,1,1,1,1,1,1,1,0,0,0,1,,,,,
vllm,29691,performance,merged,1,1,1,1,1,1,1,0,1,1,1,1,,,,,
vllm,29222,performance,merged,1,1,1,1,1,1,0,0,1,0,1,1,,,,,
vllm,28672,performance,merged,1,1,1,1,1,0,,1,1,0,0,1,,,,,
vllm,29627,performance,merged,1,1,1,1,1,0,,1,0,1,0,1,,,,,
vllm,28171,performance,merged,1,1,1,1,1,0,,1,1,1,0,1,,,,,
vllm,28164,performance,merged,1,1,1,1,0,1,0,1,1,0,0,1,,,,,
vllm,28597,performance,merged,1,1,1,1,1,0,,1,1,1,0,1,,,,,
vllm,29354,performance,merged,1,0,1,1,1,1,1,1,1,0,0,1,,,,,
vllm,28687,performance,merged,1,1,1,1,1,1,1,1,0,0,0,1,,,,,
vllm,29240,performance,merged,1,0,1,1,0,1,0,0,1,0,0,0,,,,,
vllm,30351,performance,merged,1,1,1,1,0,0,,0,1,1,1,1,,,,,
vllm,31246,performance,merged,1,1,1,1,1,1,1,1,1,1,0,1,,,,,
vllm,30531,performance,merged,1,1,1,1,1,1,1,1,1,0,1,1,,,,,
vllm,30629,performance,merged,1,0,1,1,0,1,0,1,1,0,0,0,,,,,
vllm,31533,performance,merged,1,1,1,1,0,1,0,1,1,0,1,1,,,,,
vllm,30976,performance,merged,1,0,1,1,1,0,,0,1,0,1,1,,,,,
vllm,29935,performance,merged,1,1,1,1,0,1,0,1,1,1,1,1,,,,,
vllm,31171,performance,merged,1,1,1,1,0,0,,1,1,0,1,1,,,,,
vllm,29937,performance,merged,1,0,1,1,0,1,0,1,0,0,1,1,,,,,
vllm,29826,performance,merged,1,1,1,1,0,0,,1,1,1,1,1,,,,,
vllm,31167,performance,merged,1,1,1,1,0,0,,1,1,0,0,1,,,,,
vllm,29821,performance,merged,1,1,1,1,1,0,,1,1,1,1,1,,,,,
vllm,30647,performance,merged,1,1,1,1,1,1,0,1,1,0,0,1,,,,,
vllm,30885,performance,merged,1,1,1,1,1,1,0,1,0,0,0,1,,,,,
vllm,31195,performance,merged,1,1,1,1,1,0,,1,1,1,1,1,,,,,
vllm,30329,performance,merged,1,1,1,1,0,1,0,1,1,1,1,1,,,,,
vllm,31448,performance,merged,1,1,1,1,0,1,0,0,1,1,0,0,,,,,
vllm,32618,performance,merged,1,1,1,1,1,0,,1,1,0,0,1,,,,,
vllm,32792,performance,merged,1,1,1,1,0,1,0,1,1,1,1,1,,,,,
vllm,32996,performance,merged,1,0,1,1,1,1,1,1,1,0,1,1,,,,,
vllm,32846,performance,merged,1,1,1,1,0,0,,1,1,1,1,1,,,,,
vllm,32403,performance,merged,1,1,1,1,1,1,0,0,1,1,1,1,,,,,
vllm,32336,performance,merged,1,1,1,1,0,0,,0,1,1,1,1,,,,,
vllm,32042,performance,merged,1,1,1,1,0,1,0,1,1,0,0,1,,,,,
vllm,32542,performance,merged,1,0,1,1,0,0,,0,0,0,0,1,,,,,
vllm,31832,performance,merged,1,1,1,1,0,1,0,1,1,0,0,1,,,,,
vllm,31939,performance,merged,1,1,1,1,0,0,,0,1,0,0,1,,,,,
vllm,32437,performance,merged,1,1,1,1,1,1,0,1,1,0,1,1,,,,,
vllm,33122,performance,merged,1,1,1,1,0,1,0,0,1,1,1,1,,,,,
vllm,32954,performance,merged,1,1,1,1,0,1,0,0,1,1,1,1,,,,,
vllm,33467,performance,merged,1,1,1,1,0,0,,1,0,0,0,1,,,,,
vllm,33451,performance,merged,1,1,1,1,1,0,,0,1,0,0,1,,,,,
vllm,32056,performance,merged,1,1,1,1,0,0,,0,1,0,0,1,,,,,
vllm,32770,performance,merged,1,1,1,1,0,1,1,1,0,0,0,1,,,,,
vllm,32655,performance,merged,1,0,1,1,1,1,1,1,1,0,0,1,,,,,
vllm,32104,performance,merged,1,0,1,1,1,0,,1,1,1,1,0,,,,,
vllm,32804,performance,merged,1,0,1,1,0,1,0,1,1,1,1,1,,,,,
vllm,32058,performance,merged,1,1,1,1,1,1,0,1,1,0,0,1,,,,,
vllm,32414,performance,merged,1,1,1,1,1,1,0,0,1,1,0,1,,,,,
vllm,34432,performance,merged,1,1,1,1,1,1,1,1,1,1,0,1,,,,,
vllm,34917,performance,merged,1,1,1,1,1,1,0,1,0,0,0,1,,,,,
vllm,34726,performance,merged,1,1,1,1,0,0,,0,1,0,0,1,,,,,
vllm,33641,performance,merged,1,1,1,1,1,0,,0,0,0,0,1,,,,,
vllm,33762,performance,merged,1,0,1,1,1,1,1,1,0,0,1,1,,,,,
vllm,34541,performance,merged,1,1,1,1,0,0,,1,1,1,1,1,,,,,
vllm,35088,performance,merged,1,0,1,1,0,0,,0,1,1,1,1,,,,,
vllm,34733,performance,merged,1,0,1,1,0,0,,0,1,1,1,1,,,,,
vllm,34130,performance,merged,1,1,1,1,0,1,0,1,0,0,0,1,,,,,
vllm,34301,performance,merged,1,1,1,1,0,0,,0,0,0,1,1,,,,,
vllm,34846,performance,merged,1,1,1,1,0,1,0,1,1,0,1,1,,,,,
vllm,34260,performance,merged,1,1,1,1,0,1,0,0,1,0,1,1,,,,,
vllm,34984,performance,merged,1,1,1,1,1,0,,1,1,0,0,1,,,,,
vllm,33967,performance,merged,1,1,1,1,1,0,,1,1,1,1,1,,,,,
vllm,35397,performance,merged,1,1,1,1,0,1,0,1,1,0,0,1,,,,,
vllm,34206,performance,merged,1,1,1,1,1,1,1,1,1,1,0,1,,,,,
vllm,35384,performance,merged,1,1,1,1,0,0,,1,0,0,0,1,,,,,
vllm,34627,performance,merged,1,1,1,1,0,0,,0,0,0,0,1,,,,,
vllm,35330,performance,merged,1,1,1,1,1,0,,1,1,0,0,1,,,,,
vllm,34411,performance,merged,1,0,1,1,0,1,0,1,1,1,1,1,,,,,
vllm,33529,performance,merged,1,0,1,1,0,1,0,1,1,1,1,1,,,,,
vllm,35290,performance,merged,1,1,1,1,1,1,0,1,0,0,0,1,,,,,
vllm,33538,performance,merged,1,1,1,1,1,1,1,1,0,0,0,1,,,,,
vllm,34109,performance,merged,1,1,1,1,1,1,0,1,1,0,0,1,,,,,
vllm,33593,performance,merged,1,1,1,1,0,0,,1,1,0,0,1,,,,,
vllm,34636,performance,merged,1,1,1,1,0,1,0,1,1,1,1,1,,,,,
vllm,34457,performance,merged,1,1,1,1,0,0,,1,1,1,1,1,,,,,
vllm,34718,performance,merged,1,1,1,1,0,0,,1,1,1,0,1,,,,,
vllm,37813,performance,merged,1,1,1,1,1,1,0,1,0,1,1,1,,,,,
vllm,35794,performance,merged,1,1,1,1,0,1,0,1,1,1,0,0,,,,,
vllm,37225,performance,merged,1,1,1,1,0,1,0,1,0,1,0,1,,,,,
vllm,36596,performance,merged,1,1,1,1,1,1,1,1,1,0,0,1,,,,,
vllm,35850,performance,merged,1,1,1,1,0,0,,0,0,1,0,1,,,,,
vllm,38479,performance,merged,1,1,1,1,1,1,1,1,0,0,0,1,,,,,
vllm,38361,performance,merged,1,1,1,1,0,0,,1,1,1,1,1,,,,,
vllm,38065,performance,merged,1,1,1,1,1,1,1,1,1,0,0,1,,,,,
vllm,37539,performance,merged,1,1,1,1,0,0,,0,0,0,1,1,,,,,
vllm,37779,performance,merged,1,1,1,1,0,0,,1,0,0,1,1,,,,,
vllm,37463,performance,merged,1,1,0,0,1,1,1,0,1,1,1,1,,,,,
vllm,36062,performance,merged,1,1,1,1,0,1,0,1,0,0,0,1,,,,,
vllm,37352,performance,merged,1,1,1,1,1,1,1,1,0,1,0,1,,,,,
vllm,36681,performance,merged,1,1,1,1,0,0,,0,1,0,1,1,,,,,
vllm,37252,performance,merged,1,1,1,1,0,0,,1,1,0,1,1,,,,,
vllm,38061,performance,merged,1,1,1,1,1,0,,1,1,1,1,1,,,,,
vllm,38445,performance,merged,1,1,1,1,1,1,0,1,1,0,0,1,,,,,
vllm,37645,performance,merged,1,1,0,0,0,0,,0,0,0,0,1,,,,,
vllm,36517,performance,merged,1,0,1,1,0,1,0,1,1,1,1,1,,,,,
vllm,36253,performance,merged,1,1,1,1,0,1,1,1,1,1,0,1,,,,,
vllm,37307,performance,merged,1,1,1,1,0,0,,1,1,1,1,1,,,,,
vllm,35891,performance,merged,1,1,1,1,1,0,,1,1,1,1,1,,,,,
vllm,37646,performance,merged,1,1,1,1,1,0,,1,1,0,1,1,,,,,
vllm,37320,performance,merged,1,1,1,1,1,1,0,0,1,1,1,1,,,,,
vllm,37756,performance,merged,1,1,1,1,0,0,,1,0,1,0,1,,,,,
vllm,36307,performance,merged,1,1,1,1,1,1,0,0,1,1,1,1,,,,,
vllm,37673,performance,merged,1,1,1,1,0,0,,0,1,0,1,1,,,,,
vllm,36205,performance,merged,1,1,1,1,1,0,,1,1,0,1,1,,,,,
vllm,37533,performance,merged,1,1,1,1,0,1,0,0,1,1,1,1,,,,,
vllm,38460,performance,merged,1,1,1,1,0,1,0,1,0,0,0,1,,,,,
vllm,36159,performance,merged,1,1,1,1,1,0,,1,1,0,0,1,,,,,
vllm,41217,performance,merged,1,1,1,1,0,0,,0,1,1,1,1,,,,,
vllm,40408,performance,merged,1,1,1,1,1,1,1,1,1,0,0,1,,,,,
vllm,41394,performance,merged,1,1,1,1,1,1,0,1,0,1,0,1,,,,,
vllm,40710,performance,merged,1,1,1,1,1,0,,1,0,0,0,1,,,,,
vllm,39445,performance,merged,1,1,1,1,1,1,1,1,1,1,1,1,,,,,
vllm,40013,performance,merged,1,1,1,1,0,0,,0,1,0,0,1,,,,,
vllm,41326,performance,merged,1,0,0,0,1,1,0,1,1,0,1,1,,,,,
vllm,40850,performance,merged,1,1,1,1,1,1,0,1,0,0,0,1,,,,,
vllm,38877,performance,merged,1,1,1,1,1,0,,1,1,0,1,1,,,,,
vllm,38879,performance,merged,1,1,1,1,0,0,,1,0,0,0,1,,,,,
vllm,41160,performance,merged,1,1,1,1,1,0,,0,1,0,1,1,,,,,
vllm,39616,performance,merged,1,1,1,1,0,0,,1,0,0,0,1,,,,,
vllm,39242,performance,merged,1,1,1,1,1,0,,1,0,0,0,1,,,,,
vllm,40733,performance,merged,1,1,1,1,0,0,,1,0,0,1,1,,,,,
vllm,39547,performance,merged,1,1,1,1,1,1,1,1,1,1,1,1,,,,,
vllm,40711,performance,merged,1,1,1,1,0,0,,1,0,0,0,1,,,,,
vllm,41015,performance,merged,1,1,1,1,1,1,1,0,1,1,0,1,,,,,
vllm,38928,performance,merged,1,1,1,1,0,0,,1,1,0,0,1,,,,,
vllm,39568,performance,merged,1,1,1,1,1,1,0,0,0,0,0,1,,,,,
vllm,39113,performance,merged,1,1,1,1,0,0,,1,1,0,0,1,,,,,
vllm,39912,performance,merged,1,1,1,1,1,1,1,1,0,1,0,1,,,,,
vllm,40172,performance,merged,1,1,1,1,1,0,,1,1,1,1,1,,,,,
vllm,40171,performance,merged,1,1,1,1,0,1,0,0,0,0,0,1,,,,,
vllm,38981,performance,merged,1,1,1,1,0,0,,1,1,0,0,1,,,,,
vllm,39987,performance,merged,1,1,1,1,1,0,,1,1,0,0,1,,,,,
vllm,40056,performance,merged,1,1,1,1,0,0,,0,1,0,1,1,,,,,
vllm,42153,performance,merged,1,1,1,1,0,1,0,1,1,0,1,1,,,,,
vllm,42562,performance,merged,1,1,0,0,1,1,0,1,0,0,0,1,,,,,
vllm,42151,performance,merged,1,1,1,1,1,0,,0,1,1,1,1,,,,,
vllm,42707,performance,merged,1,1,1,1,0,1,0,0,1,0,1,1,,,,,
vllm,42832,performance,merged,1,1,1,1,1,0,,1,0,0,1,1,,,,,
vllm,41627,performance,merged,1,1,1,1,1,0,,0,1,1,1,1,,,,,
vllm,43633,performance,merged,1,1,1,1,1,1,0,1,1,1,1,1,,,,,
vllm,43677,performance,merged,1,1,1,1,0,1,0,1,1,0,0,1,,,,,
vllm,43667,performance,merged,1,1,1,1,1,1,1,1,0,0,0,1,,,,,
vllm,42651,performance,merged,1,1,1,1,0,1,0,1,1,0,0,1,,,,,
vllm,42988,performance,merged,1,1,1,1,0,0,,0,1,0,0,1,,,,,
vllm,42666,performance,merged,1,1,1,1,0,1,0,1,1,1,1,1,,,,,
vllm,41458,performance,merged,1,0,1,1,0,0,,0,1,1,1,1,,,,,
vllm,43994,performance,merged,1,1,1,1,1,1,1,1,1,1,0,1,,,,,
vllm,42436,performance,merged,1,0,1,1,1,1,1,1,0,0,0,1,,,,,
vllm,42098,performance,merged,1,0,1,1,0,1,0,1,0,0,0,1,,,,,
vllm,44010,performance,merged,1,1,1,1,1,1,1,1,1,1,0,1,,,,,
vllm,43853,performance,merged,1,0,1,1,0,1,0,1,1,0,1,1,,,,,
vllm,43437,performance,merged,1,0,1,1,0,0,,1,1,1,0,1,,,,,
vllm,43169,performance,merged,1,1,1,1,0,0,,1,1,1,0,1,,,,,
vllm,43008,performance,merged,1,1,0,0,1,1,0,1,0,0,0,1,,,,,
vllm,41751,performance,merged,1,1,1,1,1,1,0,1,0,0,0,1,,,,,
vllm,41433,performance,merged,1,1,1,1,0,0,,0,0,0,0,1,,,,,
vllm,42669,performance,merged,1,1,1,1,1,0,,0,1,0,1,1,,,,,
vllm,43331,performance,merged,1,1,1,1,0,0,,1,1,1,0,1,,,,,
vllm,42982,performance,merged,1,1,1,1,0,0,,1,0,0,0,1,,,,,
vllm,43670,performance,merged,1,1,1,1,0,0,,1,0,0,0,1,,,,,
vllm,43232,performance,merged,1,0,1,1,1,1,1,1,1,1,0,1,,,,,
vllm,42833,performance,merged,1,1,1,1,0,0,,1,0,0,0,1,,,,,
vllm,43103,performance,merged,1,1,1,1,0,0,,0,1,0,1,1,,,,,
vllm,43410,performance,merged,1,1,1,1,1,1,0,0,1,1,1,1,,,,,
vllm,43273,performance,merged,1,1,1,1,1,1,0,1,1,0,0,1,,,,,
vllm,43081,performance,merged,1,1,1,1,1,1,0,1,1,0,0,1,,,,,
vllm,42774,performance,merged,1,1,1,1,1,1,1,1,1,0,0,1,,,,,
vllm,44572,performance,merged,1,1,1,1,1,1,1,1,1,0,0,1,,,,,
vllm,46353,performance,merged,1,1,1,1,1,1,0,1,1,0,1,1,,,,,
vllm,46651,performance,merged,1,1,1,1,0,0,,0,1,0,0,1,,,,,
vllm,44594,performance,merged,1,1,1,1,1,0,,1,0,0,0,1,,,,,
vllm,44251,performance,merged,1,1,1,1,0,0,,1,1,1,1,1,,,,,
vllm,46543,performance,merged,1,1,1,1,0,0,,0,1,1,1,1,,,,,
vllm,46720,performance,merged,1,1,1,1,0,0,,1,1,0,0,1,,,,,
vllm,45826,performance,merged,1,1,1,1,0,0,,1,1,1,1,1,,,,,
vllm,45061,performance,merged,1,1,1,1,1,1,1,1,1,0,0,1,,,,,
vllm,46393,performance,merged,1,1,1,1,0,1,0,1,1,1,1,1,,,,,
vllm,46428,performance,merged,1,1,1,1,1,1,0,0,0,0,0,1,,,,,
vllm,45991,performance,merged,1,1,1,1,0,0,,0,0,0,0,1,,,,,
vllm,46643,performance,merged,1,1,1,1,1,1,1,1,1,0,0,1,,,,,
vllm,46026,performance,merged,1,1,1,1,1,0,,0,1,1,1,1,,,,,
vllm,46634,performance,merged,1,1,1,1,0,1,0,0,0,0,0,1,,,,,
vllm,46188,performance,merged,1,1,1,1,1,0,,0,1,0,1,1,,,,,
vllm,44830,performance,merged,1,1,1,1,0,1,0,1,1,1,1,1,,,,,
vllm,44667,performance,merged,1,1,1,1,1,1,1,1,1,0,0,1,,,,,
vllm,45743,performance,merged,1,1,1,1,1,1,0,1,1,0,0,1,,,,,
vllm,44173,performance,merged,1,1,1,1,0,1,1,1,1,1,1,1,,,,,
vllm,44700,performance,merged,1,1,1,1,1,1,1,1,0,0,0,1,,,,,
vllm,47070,performance,merged,1,1,1,1,0,1,0,1,1,0,0,1,,,,,
vllm,46385,performance,merged,1,1,1,1,0,1,0,0,1,0,0,1,,,,,
vllm,47156,performance,merged,1,1,1,1,1,1,0,1,0,0,0,1,,,,,
vllm,47081,performance,merged,1,1,1,1,0,0,,1,0,0,0,1,,,,,
vllm,44176,performance,merged,1,1,1,1,1,1,0,1,1,1,1,1,,,,,
vllm,47121,performance,merged,1,1,1,1,0,1,0,0,0,0,0,1,,,,,
vllm,46998,performance,merged,1,1,1,1,0,0,,0,1,1,1,1,,,,,
vllm,46051,performance,merged,1,1,1,1,0,0,,1,1,1,1,1,,,,,
vllm,45863,performance,merged,1,1,1,1,1,1,0,1,1,0,0,1,,,,,
vllm,44639,performance,merged,1,1,1,1,1,1,1,1,1,1,1,1,,,,,
vllm,46189,performance,merged,1,1,1,1,0,0,,1,0,0,0,1,,,,,
vllm,46849,performance,merged,1,1,1,1,1,1,0,1,1,1,0,1,,,,,
vllm,44849,performance,merged,1,1,1,1,0,0,,1,0,0,1,1,,,,,
vllm,46514,performance,merged,1,1,1,1,1,0,,1,0,0,0,1,,,,,
vllm,44612,performance,merged,1,1,1,1,0,0,,1,0,0,0,1,,,,,
vllm,45971,performance,merged,1,1,1,1,1,0,,0,0,0,0,1,,,,,
vllm,45033,performance,merged,1,1,1,1,1,0,,1,0,0,0,1,,,,,
vllm,46761,performance,merged,1,1,1,1,1,1,1,1,0,0,0,1,,,,,
vllm,47423,performance,merged,1,1,1,1,1,0,,0,1,1,0,1,,,,,
vllm,47851,performance,merged,1,1,1,1,0,0,,0,1,1,1,1,,,,,
vllm,48209,performance,merged,1,0,1,1,1,0,,1,1,0,1,1,,,,,
vllm,49436,performance,merged,1,1,1,1,1,1,1,1,1,0,0,1,,,,,
vllm,48223,performance,merged,1,1,1,1,0,1,0,1,1,1,1,1,,,,,
vllm,50534,performance,merged,1,1,1,1,0,1,1,1,1,1,1,1,,,,,
vllm,48597,performance,merged,1,1,1,1,1,1,0,1,0,0,0,1,,,,,
vllm,50333,performance,merged,1,1,1,1,0,0,,1,0,0,0,1,,,,,
vllm,49396,performance,merged,1,1,1,1,0,0,,1,1,1,1,1,,,,,
vllm,49580,performance,merged,1,0,1,1,1,1,0,1,0,0,0,1,,,,,
vllm,48335,performance,merged,1,0,1,1,1,1,0,0,0,0,1,1,,,,,
vllm,47474,performance,merged,1,1,1,1,0,0,,0,1,0,0,1,,,,,
vllm,48688,performance,merged,1,1,1,1,1,0,,0,1,0,0,1,,,,,
vllm,47229,performance,merged,1,1,1,1,0,0,,1,0,0,0,1,,,,,
vllm,48017,performance,merged,1,1,1,1,0,0,,0,1,1,1,1,,,,,
vllm,47285,performance,merged,1,1,1,1,0,1,0,0,1,1,1,1,,,,,
vllm,48660,performance,merged,1,1,1,1,1,1,0,1,1,0,0,1,,,,,
vllm,50157,performance,merged,1,1,1,1,1,1,0,1,1,1,0,1,,,,,
vllm,48110,performance,merged,1,1,1,1,0,0,,1,1,0,1,1,,,,,
vllm,49932,performance,merged,1,1,1,1,1,1,1,1,1,0,0,0,,,,,
vllm,49315,performance,merged,1,1,1,1,1,0,,0,0,0,0,1,,,,,
vllm,47287,performance,merged,1,1,1,1,1,1,0,1,0,0,0,1,,,,,
vllm,50244,performance,merged,1,1,1,1,0,0,,1,1,0,1,1,,,,,
vllm,48137,performance,merged,1,1,1,1,0,1,0,1,1,0,0,1,,,,,
vllm,49607,performance,merged,1,1,1,1,1,0,,1,1,1,1,1,,,,,
vllm,47947,performance,merged,1,1,1,1,0,0,,0,0,1,0,1,,,,,
vllm,49571,performance,merged,1,1,1,1,0,1,0,1,1,1,0,1,,,,,
vllm,48268,performance,merged,1,0,1,1,0,0,,0,0,0,0,1,,,,,
vllm,50613,performance,merged,1,1,1,1,1,1,1,1,0,0,0,1,,,,,
vllm,49792,performance,merged,1,1,1,1,0,1,0,1,0,0,0,1,,,,,
vllm,49791,performance,merged,1,1,1,1,1,1,1,1,0,0,0,1,,,,,
vllm,48264,performance,merged,1,1,1,1,0,1,1,0,1,0,1,1,,,,,
vllm,48498,performance,merged,1,1,1,1,1,1,1,1,1,1,0,1,,,,,
vllm,48781,performance,merged,1,1,1,1,0,0,,1,0,0,0,1,,,,,
vllm,47427,performance,merged,1,1,1,1,0,1,0,1,0,0,0,1,,,,,
vllm,48666,performance,merged,1,1,1,1,0,0,,1,1,1,0,1,,,,,
vllm,50230,performance,merged,1,1,1,1,0,1,1,1,0,0,0,1,,,,,
vllm,48476,performance,merged,1,1,1,1,0,1,0,0,0,0,0,0,,,,,
vllm,50439,performance,merged,1,1,1,1,1,0,,0,0,0,0,1,,,,,
vllm,48979,performance,merged,1,0,1,1,1,1,1,1,1,0,0,1,,,,,
vllm,47767,performance,merged,1,0,1,1,0,0,,1,0,0,0,1,,,,,
vllm,48373,performance,merged,1,1,1,1,0,0,,1,0,1,0,1,,,,,
vllm,47288,performance,merged,1,1,1,1,1,0,,1,0,0,0,1,,,,,
vllm,50572,performance,merged,1,1,1,1,1,1,1,1,1,1,1,1,,,,,
vllm,52781,performance,merged,1,1,1,1,1,1,1,1,0,0,0,1,,,,,
vllm,53838,performance,merged,1,1,1,1,1,0,,1,1,1,1,1,,,,,
vllm,53412,performance,merged,1,1,1,1,0,0,,0,0,0,0,0,,,,,
vllm,53517,performance,merged,1,1,1,1,0,0,,1,1,1,1,1,,,,,
vllm,53576,performance,merged,1,1,1,1,1,0,,0,1,1,0,1,,,,,
vllm,52263,performance,merged,1,1,1,1,1,0,,1,1,1,1,1,,,,,
vllm,53678,performance,merged,1,1,1,1,0,0,,1,1,0,0,0,,,,,
vllm,52849,performance,merged,1,1,1,1,0,0,,0,1,1,1,1,,,,,
vllm,52676,performance,merged,1,1,1,1,1,1,1,1,0,1,0,0,,,,,
vllm,51647,performance,merged,1,1,1,1,1,1,0,1,0,1,0,1,,,,,
vllm,53580,performance,merged,1,1,1,1,0,1,0,1,1,0,1,0,,,,,
vllm,53396,performance,merged,1,1,1,1,1,1,0,1,0,1,0,1,,,,,
vllm,50942,performance,merged,1,1,1,1,0,1,0,1,1,1,1,1,,,,,
vllm,51674,performance,merged,1,1,1,1,1,1,1,1,1,1,1,1,,,,,
vllm,52293,performance,merged,1,1,1,1,1,0,,1,1,1,1,1,,,,,
vllm,54606,performance,merged,1,1,1,1,0,1,0,1,0,0,0,1,,,,,
vllm,51210,performance,merged,1,1,1,1,0,0,,0,0,0,0,1,,,,,
vllm,51453,performance,merged,1,1,1,1,1,1,1,1,0,1,0,1,,,,,
vllm,54148,performance,merged,1,1,1,1,0,0,,0,0,0,0,1,,,,,
vllm,53109,performance,merged,1,1,1,1,1,1,1,1,1,1,1,1,,,,,
vllm,52046,performance,merged,1,1,1,1,1,1,0,1,0,0,0,1,,,,,
vllm,51415,performance,merged,1,1,1,1,1,1,0,1,0,0,0,1,,,,,
vllm,51855,performance,merged,1,1,1,1,1,0,,1,1,0,0,1,,,,,
vllm,52212,performance,merged,1,1,1,1,1,1,1,1,0,0,0,1,,,,,
vllm,52616,performance,merged,1,1,1,1,1,1,1,1,1,0,0,0,,,,,
vllm,52458,performance,merged,1,1,0,0,0,0,,0,1,1,0,0,,,,,
vllm,54295,performance,merged,1,1,1,1,0,0,,0,0,0,0,1,,,,,
vllm,52795,performance,merged,1,1,1,1,0,0,,1,1,1,1,1,,,,,
vllm,52506,performance,merged,1,1,1,1,1,1,0,1,0,0,0,1,,,,,
vllm,53283,performance,merged,1,1,1,1,1,0,,1,1,1,1,1,,,,,
vllm,52204,performance,merged,1,1,1,1,1,1,1,0,1,0,1,1,,,,,
vllm,54185,performance,merged,1,1,1,1,0,1,0,1,1,1,0,1,,,,,
vllm,52033,performance,merged,1,1,1,1,0,1,1,1,1,1,1,1,,,,,
vllm,53623,performance,merged,1,1,1,1,1,1,1,1,1,1,1,1,,,,,
vllm,53878,performance,merged,1,1,1,1,1,1,0,1,1,1,1,1,,,,,
vllm,51862,performance,merged,1,1,1,1,0,0,,1,1,1,1,1,,,,,
vllm,54194,performance,merged,1,1,1,1,1,1,1,1,1,1,1,1,,,,,
vllm,51772,performance,merged,1,1,1,1,1,1,1,1,1,1,1,1,,,,,
vllm,51885,performance,merged,1,1,1,1,1,0,,1,0,0,0,1,,,,,
vllm,51794,performance,merged,1,1,1,1,0,0,,1,1,1,0,1,,,,,
vllm,52217,performance,merged,1,1,1,1,1,0,,1,0,0,0,1,,,,,
vllm,51583,performance,merged,1,1,1,1,1,1,1,1,1,1,1,1,,,,,
vllm,50776,performance,merged,1,1,1,1,0,1,1,1,1,0,0,1,,,,,
vllm,50949,performance,merged,1,1,1,1,1,1,1,1,1,0,1,0,,,,,
vllm,53781,performance,merged,1,1,1,1,1,1,0,0,0,0,0,1,,,,,
vllm,51507,performance,merged,1,1,1,1,0,1,0,1,1,1,1,1,,,,,
vllm,53685,performance,merged,1,1,1,1,1,1,0,1,1,1,1,1,,,,,
vllm,52989,performance,merged,1,1,1,1,1,1,0,0,0,0,0,0,,,,,
vllm,51434,performance,merged,1,1,0,0,1,0,,1,0,0,0,1,,,,,
vllm,53040,performance,merged,1,1,1,1,1,0,,1,0,1,0,1,,,,,
vllm,51171,performance,merged,1,1,1,1,1,1,1,1,1,1,1,1,,,,,
vllm,58226,performance,merged,1,1,1,1,1,0,,1,1,1,1,1,,,,,
vllm,58651,performance,merged,1,1,1,1,1,1,1,1,1,1,1,0,,,,,
vllm,58512,performance,merged,1,1,1,1,1,0,,1,1,1,1,1,,,,,
vllm,57604,performance,merged,1,1,0,0,1,1,1,1,1,0,0,1,,,,,
vllm,55808,performance,merged,1,1,1,1,1,1,0,1,1,0,0,0,,,,,
vllm,55059,performance,merged,1,1,1,1,0,1,0,1,1,1,1,0,,,,,
vllm,58586,performance,merged,1,1,1,1,1,1,1,1,1,1,1,1,,,,,
vllm,56067,performance,merged,1,1,1,1,1,0,,1,0,0,0,1,,,,,
vllm,54901,performance,merged,1,1,1,1,1,0,,1,1,1,1,1,,,,,
vllm,58456,performance,merged,1,1,1,1,1,1,1,1,1,1,0,1,,,,,
vllm,54674,performance,merged,1,1,1,1,1,0,,1,0,0,0,1,,,,,
vllm,54651,performance,merged,1,1,1,1,1,1,1,1,0,0,0,1,,,,,
vllm,54794,performance,merged,1,1,1,1,0,0,,0,1,0,0,1,,,,,
vllm,56096,performance,merged,1,1,1,1,0,0,,1,1,0,1,0,,,,,
vllm,58957,performance,merged,1,1,1,1,1,0,,1,1,1,0,0,,,,,
vllm,55356,performance,merged,1,1,1,1,1,1,1,1,1,0,0,1,,,,,
vllm,56568,performance,merged,1,1,1,1,1,0,,1,1,0,1,1,,,,,
vllm,56628,performance,merged,1,1,1,1,1,1,1,1,1,1,1,1,,,,,
vllm,58400,performance,merged,1,1,1,1,1,0,,1,0,1,0,1,,,,,
vllm,58225,performance,merged,1,1,1,1,1,1,1,1,1,1,1,1,,,,,
vllm,57435,performance,merged,1,1,1,1,1,1,1,1,1,0,1,1,,,,,
vllm,55062,performance,merged,1,1,1,1,1,0,,1,1,0,1,1,,,,,
vllm,57107,performance,merged,1,1,1,1,0,0,,0,0,1,0,1,,,,,
vllm,55629,performance,merged,1,1,1,1,0,0,,1,1,0,0,1,,,,,
vllm,56034,performance,merged,1,1,1,1,0,0,,1,1,1,1,1,,,,,
vllm,55385,performance,merged,1,1,1,1,1,0,,1,0,0,0,1,,,,,
vllm,55557,performance,merged,1,1,1,1,1,0,,1,1,1,1,1,,,,,
vllm,58216,performance,merged,1,1,1,1,1,0,,1,1,0,0,1,,,,,
vllm,55355,performance,merged,1,1,1,1,1,1,1,1,0,1,0,0,,,,,
vllm,56743,performance,merged,1,1,1,1,1,1,1,1,1,0,0,1,,,,,
vllm,57102,performance,merged,1,1,1,1,0,0,,1,1,1,1,1,,,,,
vllm,57451,performance,merged,1,1,1,1,0,0,,1,1,1,1,1,,,,,
vllm,56962,performance,merged,1,1,0,0,1,1,1,1,0,0,0,1,,,,,
vllm,55890,performance,merged,1,1,1,1,0,1,0,1,1,0,0,0,,,,,
vllm,55170,performance,merged,1,1,1,1,1,1,1,1,1,0,0,0,,,,,
vllm,55715,performance,merged,1,1,1,1,0,0,,1,1,0,1,1,,,,,
vllm,57273,performance,merged,1,1,1,1,0,0,,1,1,1,1,1,,,,,
vllm,54965,performance,merged,1,1,1,1,1,1,1,1,1,0,1,1,,,,,
vllm,55054,performance,merged,1,0,1,1,0,0,,1,1,1,1,0,,,,,
vllm,57885,performance,merged,1,1,0,0,0,0,,1,1,0,0,0,,,,,
vllm,57428,performance,merged,1,1,1,1,1,1,1,1,1,1,1,1,,,,,
vllm,54896,performance,merged,1,1,1,1,1,1,1,1,1,1,1,1,,,,,
vllm,58201,performance,merged,1,1,1,1,1,1,0,1,1,0,1,1,,,,,
vllm,58450,performance,merged,1,1,1,1,1,0,,1,1,0,0,1,,,,,
vllm,58045,performance,merged,1,1,1,1,1,0,,1,1,0,1,0,,,,,
vllm,58459,performance,merged,1,1,1,1,1,0,,0,1,0,1,1,,,,,
vllm,55737,performance,merged,1,1,1,1,0,0,,1,1,1,0,1,,,,,
vllm,54682,performance,merged,1,1,1,1,1,1,1,1,1,1,1,1,,,,,
vllm,58762,performance,merged,1,1,1,1,1,0,,1,1,1,1,1,,,,,
vllm,56098,performance,merged,1,1,1,1,1,1,1,1,1,1,1,0,,,,,
vllm,55309,performance,merged,1,1,1,1,1,0,,1,0,0,0,1,,,,,
vllm,58582,performance,merged,1,1,1,1,1,1,1,1,1,1,1,1,,,,,
vllm,58051,performance,merged,1,1,1,1,1,1,1,1,1,1,1,0,,,,,
vllm,57586,performance,merged,1,1,1,1,1,0,,1,1,1,1,1,,,,,
vllm,28593,performance,open,0,1,,,0,0,,0,0,0,1,,,,,,
vllm,30845,performance,open,0,1,,,1,0,,1,1,1,1,,,,,,
vllm,31763,performance,open,0,1,,,0,0,,0,0,0,1,,,,,,
vllm,32734,performance,open,0,1,,,0,0,,0,0,0,1,,,,,,
vllm,33918,performance,open,0,1,,,1,1,1,1,1,1,0,,,,,,
vllm,33780,performance,open,0,0,,,0,0,,0,1,0,1,,,,,,
vllm,35551,performance,open,0,0,,,1,1,0,1,0,1,0,,,,,,
vllm,35058,performance,open,0,1,,,0,1,0,1,0,1,0,,,,,,
vllm,36297,performance,open,0,0,,,1,1,1,1,1,0,1,,,,,,
vllm,36072,performance,open,0,1,,,0,0,,0,0,0,0,,,,,,
vllm,38539,performance,open,0,1,,,0,1,0,1,1,1,1,,,,,,
vllm,37495,performance,open,0,1,,,1,1,1,1,0,0,0,,,,,,
vllm,38646,performance,open,0,1,,,1,0,,0,1,1,1,,,,,,
vllm,38354,performance,open,0,1,,,0,1,1,1,0,0,0,,,,,,
vllm,37973,performance,open,0,1,,,0,1,0,1,1,1,1,,,,,,
vllm,38299,performance,open,0,1,,,0,0,,0,0,0,0,,,,,,
vllm,38665,performance,open,0,1,,,0,1,0,0,0,0,0,,,,,,
vllm,37353,performance,open,0,1,,,0,0,,1,0,0,0,,,,,,
vllm,40828,performance,open,0,0,,,1,0,,0,1,1,1,,,,,,
vllm,40012,performance,open,0,0,,,0,0,,0,0,0,0,,,,,,
vllm,38880,performance,open,0,1,,,1,1,1,0,1,0,1,,,,,,
vllm,39641,performance,open,0,1,,,1,1,1,1,1,0,1,,,,,,
vllm,39297,performance,open,0,0,,,1,0,,0,1,1,1,,,,,,
vllm,40328,performance,open,0,1,,,0,0,,1,0,0,0,,,,,,
vllm,39517,performance,open,0,1,,,0,0,,1,1,1,1,,,,,,
vllm,39943,performance,open,0,0,,,0,0,,1,0,0,0,,,,,,
vllm,41095,performance,open,0,1,,,0,0,,1,0,0,0,,,,,,
vllm,41105,performance,open,0,1,,,1,1,0,0,1,1,1,,,,,,
vllm,40792,performance,open,0,1,,,1,1,1,1,0,0,0,,,,,,
vllm,40924,performance,open,0,0,,,0,1,1,1,0,0,0,,,,,,
vllm,40887,performance,open,0,1,,,0,0,,1,0,0,0,,,,,,
vllm,40638,performance,open,0,1,,,1,1,1,0,1,1,1,,,,,,
vllm,41099,performance,open,0,1,,,0,0,,1,0,0,0,,,,,,
vllm,42321,performance,open,0,1,,,0,0,,1,1,0,0,,,,,,
vllm,42131,performance,open,0,1,,,0,0,,1,0,1,0,,,,,,
vllm,43944,performance,open,0,1,,,0,1,0,1,1,0,1,,,,,,
vllm,43608,performance,open,0,1,,,1,0,,0,1,0,1,,,,,,
vllm,41944,performance,open,0,0,,,0,0,,1,0,0,0,,,,,,
vllm,43895,performance,open,0,1,,,0,1,0,1,0,0,0,,,,,,
vllm,43257,performance,open,0,1,,,0,1,0,1,1,1,0,,,,,,
vllm,41601,performance,open,0,0,,,1,1,0,1,1,0,1,,,,,,
vllm,42504,performance,open,0,1,,,1,1,1,1,1,1,1,,,,,,
vllm,41748,performance,open,0,1,,,1,1,0,1,0,0,0,,,,,,
vllm,43056,performance,open,0,1,,,1,1,1,0,1,1,0,,,,,,
vllm,41824,performance,open,0,1,,,0,0,,1,1,1,0,,,,,,
vllm,42033,performance,open,0,0,,,1,1,0,1,1,0,1,,,,,,
vllm,42792,performance,open,0,1,,,0,0,,1,0,0,0,,,,,,
vllm,43359,performance,open,0,0,,,0,0,,1,0,0,0,,,,,,
vllm,41518,performance,open,0,1,,,1,0,,0,0,0,0,,,,,,
vllm,42568,performance,open,0,1,,,1,0,,1,1,0,0,,,,,,
vllm,43389,performance,open,0,1,,,1,1,0,1,0,0,0,,,,,,
vllm,43594,performance,open,0,0,,,0,0,,1,0,0,0,,,,,,
vllm,42735,performance,open,0,1,,,1,1,1,1,0,0,0,,,,,,
vllm,43687,performance,open,0,1,,,1,1,1,0,0,0,0,,,,,,
vllm,42674,performance,open,0,1,,,1,0,,1,1,1,1,,,,,,
vllm,46000,performance,open,0,0,,,1,0,,1,1,0,1,,,,,,
vllm,46239,performance,open,0,1,,,1,1,1,1,0,0,0,,,,,,
vllm,44573,performance,open,0,0,,,1,0,,1,0,1,1,,,,,,
vllm,46699,performance,open,0,1,,,1,1,0,1,1,0,0,,,,,,
vllm,44167,performance,open,0,1,,,1,1,1,1,1,0,1,,,,,,
vllm,46485,performance,open,0,1,,,1,1,1,1,0,0,0,,,,,,
vllm,46481,performance,open,0,1,,,0,1,1,1,0,1,0,,,,,,
vllm,44581,performance,open,0,1,,,1,1,1,1,0,0,0,,,,,,
vllm,47225,performance,open,0,1,,,0,0,,1,1,0,0,,,,,,
vllm,44524,performance,open,0,0,,,0,1,0,0,1,0,0,,,,,,
vllm,46540,performance,open,0,1,,,0,0,,1,1,1,1,,,,,,
vllm,46724,performance,open,0,1,,,0,1,1,1,1,1,1,,,,,,
vllm,45910,performance,open,0,1,,,0,0,,0,0,0,0,,,,,,
vllm,47118,performance,open,0,0,,,0,1,0,1,0,0,0,,,,,,
vllm,46123,performance,open,0,1,,,1,1,1,1,0,0,0,,,,,,
vllm,44604,performance,open,0,1,,,0,1,1,1,0,0,0,,,,,,
vllm,45780,performance,open,0,1,,,0,0,,0,0,0,0,,,,,,
vllm,44818,performance,open,0,1,,,0,1,0,1,0,0,0,,,,,,
vllm,46896,performance,open,0,1,,,0,0,,1,1,1,1,,,,,,
vllm,44343,performance,open,0,1,,,1,1,0,1,0,0,0,,,,,,
vllm,45151,performance,open,0,1,,,1,1,1,1,1,1,1,,,,,,
vllm,44675,performance,open,0,0,,,0,1,0,1,0,0,1,,,,,,
vllm,45883,performance,open,0,1,,,0,0,,1,1,0,0,,,,,,
vllm,44606,performance,open,0,1,,,0,1,0,0,0,0,1,,,,,,
vllm,45354,performance,open,0,1,,,0,0,,1,0,0,1,,,,,,
vllm,44564,performance,open,0,1,,,0,1,0,1,0,1,0,,,,,,
vllm,45120,performance,open,0,1,,,0,1,1,1,0,0,0,,,,,,
vllm,45770,performance,open,0,1,,,0,1,1,1,0,0,0,,,,,,
vllm,44501,performance,open,0,1,,,1,1,1,1,1,1,1,,,,,,
vllm,45881,performance,open,0,1,,,0,0,,0,0,0,0,,,,,,
vllm,48995,performance,open,0,1,,,1,1,0,0,0,0,1,,,,,,
vllm,49272,performance,open,0,1,,,1,1,1,1,1,0,0,,,,,,
vllm,49171,performance,open,0,1,,,0,0,,0,1,0,0,,,,,,
vllm,50114,performance,open,0,1,,,1,0,,1,1,1,1,,,,,,
vllm,50317,performance,open,0,1,,,1,0,,1,1,0,0,,,,,,
vllm,50096,performance,open,0,1,,,1,1,1,0,0,0,0,,,,,,
vllm,49037,performance,open,0,1,,,1,0,,0,1,1,1,,,,,,
vllm,48156,performance,open,0,1,,,0,0,,1,0,0,0,,,,,,
vllm,49670,performance,open,0,1,,,1,1,1,1,1,1,1,,,,,,
vllm,49142,performance,open,0,1,,,1,0,,1,1,0,0,,,,,,
vllm,49744,performance,open,0,1,,,1,1,1,1,1,0,1,,,,,,
vllm,47593,performance,open,0,1,,,1,1,1,1,1,1,1,,,,,,
vllm,49775,performance,open,0,1,,,1,1,1,1,1,1,1,,,,,,
vllm,49888,performance,open,0,1,,,1,0,,1,0,0,0,,,,,,
vllm,47826,performance,open,0,0,,,1,0,,0,1,1,1,,,,,,
vllm,47979,performance,open,0,1,,,1,0,,1,1,1,1,,,,,,
vllm,49077,performance,open,0,0,,,1,1,1,1,1,1,0,,,,,,
vllm,49131,performance,open,0,1,,,1,0,,1,1,1,0,,,,,,
vllm,47540,performance,open,0,1,,,1,0,,1,1,1,1,,,,,,
vllm,47584,performance,open,0,1,,,1,0,,1,0,1,0,,,,,,
vllm,49194,performance,open,0,1,,,1,1,0,1,0,0,0,,,,,,
vllm,47426,performance,open,0,1,,,1,0,,1,1,1,1,,,,,,
vllm,49761,performance,open,0,0,,,0,1,0,1,0,0,0,,,,,,
vllm,47799,performance,open,0,1,,,1,1,0,1,0,0,1,,,,,,
vllm,49156,performance,open,0,1,,,0,0,,1,0,0,1,,,,,,
vllm,48792,performance,open,0,1,,,1,1,0,1,0,0,0,,,,,,
vllm,49953,performance,open,0,1,,,1,1,1,1,0,1,0,,,,,,
vllm,49678,performance,open,0,1,,,1,0,,1,1,0,0,,,,,,
vllm,48734,performance,open,0,1,,,0,1,1,0,0,0,0,,,,,,
vllm,49500,performance,open,0,1,,,1,0,,1,0,0,0,,,,,,
vllm,48715,performance,open,0,0,,,1,1,0,0,1,0,0,,,,,,
vllm,48913,performance,open,0,1,,,0,0,,1,0,0,0,,,,,,
vllm,48196,performance,open,0,1,,,1,0,,1,0,0,0,,,,,,
vllm,48544,performance,open,0,1,,,1,0,,1,0,0,0,,,,,,
vllm,50246,performance,open,0,1,,,1,0,,0,0,0,0,,,,,,
vllm,47306,performance,open,0,0,,,1,1,0,0,0,0,1,,,,,,
vllm,49872,performance,open,0,1,,,1,1,0,1,0,0,0,,,,,,
vllm,48991,performance,open,0,1,,,1,1,0,0,0,0,1,,,,,,
vllm,49588,performance,open,0,1,,,0,0,,1,1,0,0,,,,,,
vllm,47948,performance,open,0,1,,,1,1,0,1,1,1,1,,,,,,
vllm,49312,performance,open,0,1,,,1,1,0,1,1,1,1,,,,,,
vllm,54327,performance,open,0,1,,,1,0,,0,1,0,0,,,,,,
vllm,54406,performance,open,0,1,,,1,0,,0,1,1,1,,,,,,
vllm,50817,performance,open,0,1,,,1,1,1,1,0,0,0,,,,,,
vllm,54503,performance,open,0,1,,,1,0,,0,0,0,0,,,,,,
vllm,51055,performance,open,0,1,,,1,0,,1,1,1,1,,,,,,
vllm,53958,performance,open,0,1,,,0,0,,0,1,1,1,,,,,,
vllm,53090,performance,open,0,1,,,1,1,1,1,0,0,0,,,,,,
vllm,54611,performance,open,0,1,,,0,0,,0,0,0,1,,,,,,
vllm,53081,performance,open,0,1,,,0,1,0,0,0,0,0,,,,,,
vllm,52239,performance,open,0,1,,,1,1,1,1,0,0,0,,,,,,
vllm,53492,performance,open,0,1,,,1,1,0,1,1,1,1,,,,,,
vllm,51132,performance,open,0,1,,,0,1,1,1,1,0,0,,,,,,
vllm,53543,performance,open,0,1,,,1,1,1,1,1,0,0,,,,,,
vllm,53913,performance,open,0,1,,,1,1,1,1,1,0,1,,,,,,
vllm,53847,performance,open,0,1,,,0,0,,1,0,1,1,,,,,,
vllm,53151,performance,open,0,1,,,1,1,1,0,1,1,0,,,,,,
vllm,54191,performance,open,0,1,,,1,1,1,1,1,1,1,,,,,,
vllm,53707,performance,open,0,1,,,1,0,,0,1,1,1,,,,,,
vllm,53133,performance,open,0,0,,,1,1,1,1,0,0,0,,,,,,
vllm,51515,performance,open,0,1,,,1,1,1,1,0,0,0,,,,,,
vllm,54614,performance,open,0,1,,,1,1,1,1,1,1,1,,,,,,
vllm,53337,performance,open,0,1,,,0,0,,0,1,1,1,,,,,,
vllm,53383,performance,open,0,1,,,1,1,1,1,1,1,1,,,,,,
vllm,54454,performance,open,0,1,,,1,0,,1,1,1,1,,,,,,
vllm,54103,performance,open,0,1,,,1,0,,1,0,1,0,,,,,,
vllm,53384,performance,open,0,1,,,1,1,1,1,1,1,1,,,,,,
vllm,54429,performance,open,0,1,,,0,0,,1,1,1,1,,,,,,
vllm,52752,performance,open,0,1,,,0,1,1,0,1,1,1,,,,,,
vllm,53070,performance,open,0,1,,,1,1,1,1,1,1,1,,,,,,
vllm,53909,performance,open,0,1,,,1,1,1,0,1,1,1,,,,,,
vllm,51613,performance,open,0,1,,,1,0,,0,1,1,0,,,,,,
vllm,53003,performance,open,0,1,,,0,0,,0,0,0,0,,,,,,
vllm,52680,performance,open,0,0,,,0,0,,0,0,0,1,,,,,,
vllm,52831,performance,open,0,1,,,1,0,,1,1,0,0,,,,,,
vllm,53273,performance,open,0,1,,,0,0,,1,1,1,1,,,,,,
vllm,54068,performance,open,0,1,,,1,1,0,0,0,0,0,,,,,,
vllm,53735,performance,open,0,1,,,0,0,,0,1,0,1,,,,,,
vllm,51945,performance,open,0,1,,,1,0,,0,1,0,0,,,,,,
vllm,52559,performance,open,0,1,,,1,0,,1,1,1,1,,,,,,
vllm,52725,performance,open,0,0,,,0,0,,0,0,0,1,,,,,,
vllm,51221,performance,open,0,1,,,1,0,,1,0,0,0,,,,,,
vllm,52970,performance,open,0,1,,,0,1,0,1,1,1,1,,,,,,
vllm,52275,performance,open,0,1,,,1,1,1,1,0,0,0,,,,,,
vllm,52774,performance,open,0,1,,,1,0,,0,1,1,1,,,,,,
vllm,54344,performance,open,0,1,,,1,1,1,1,1,0,1,,,,,,
vllm,52684,performance,open,0,1,,,1,1,1,1,1,1,1,,,,,,
vllm,52096,performance,open,0,1,,,1,1,1,1,1,1,1,,,,,,
vllm,50762,performance,open,0,0,,,0,0,,0,0,0,0,,,,,,
vllm,54151,performance,open,0,1,,,1,1,0,1,1,1,1,,,,,,
vllm,51919,performance,open,0,1,,,0,0,,1,1,1,1,,,,,,
vllm,52060,performance,open,0,1,,,0,0,,1,1,1,1,,,,,,
vllm,52059,performance,open,0,1,,,1,1,1,1,1,1,1,,,,,,
vllm,53605,performance,open,0,0,,,1,0,,0,0,0,0,,,,,,
vllm,52192,performance,open,0,1,,,0,1,0,1,0,0,0,,,,,,
vllm,52993,performance,open,0,1,,,0,0,,1,1,1,1,,,,,,
vllm,50659,performance,open,0,1,,,1,1,0,0,1,1,1,,,,,,
vllm,51861,performance,open,0,1,,,1,1,0,1,1,1,1,,,,,,
vllm,51416,performance,open,0,0,,,1,1,0,0,0,0,0,,,,,,
vllm,53410,performance,open,0,1,,,1,0,,1,1,1,1,,,,,,
vllm,52652,performance,open,0,1,,,1,1,1,1,0,0,0,,,,,,
vllm,54637,performance,open,0,1,,,1,1,0,1,1,0,0,,,,,,
vllm,51406,performance,open,0,1,,,1,1,1,1,1,1,0,,,,,,
vllm,53317,performance,open,0,1,,,1,0,,1,1,1,1,,,,,,
vllm,52974,performance,open,0,1,,,1,1,0,0,1,0,0,,,,,,
vllm,53544,performance,open,0,1,,,0,0,,1,0,0,0,,,,,,
vllm,54507,performance,open,0,1,,,1,0,,1,0,0,0,,,,,,
vllm,51883,performance,open,0,1,,,1,0,,1,0,0,0,,,,,,
vllm,51605,performance,open,0,1,,,1,1,1,1,1,0,0,,,,,,
vllm,54471,performance,open,0,1,,,0,0,,0,0,0,0,,,,,,
vllm,53827,performance,open,0,1,,,1,0,,1,1,0,0,,,,,,
vllm,53562,performance,open,0,1,,,1,1,0,1,1,0,0,,,,,,
vllm,51918,performance,open,0,1,,,0,0,,0,1,1,0,,,,,,
vllm,54846,performance,open,0,1,,,1,0,,1,1,1,1,,,,,,
vllm,58314,performance,open,0,1,,,1,0,,1,1,0,0,,,,,,
vllm,57420,performance,open,0,1,,,1,1,1,1,1,1,0,,,,,,
vllm,55566,performance,open,0,1,,,0,0,,1,1,1,1,,,,,,
vllm,58710,performance,open,0,1,,,1,1,1,0,1,1,1,,,,,,
vllm,56821,performance,open,0,1,,,1,0,,1,1,1,0,,,,,,
vllm,58686,performance,open,0,1,,,1,0,,0,1,1,1,,,,,,
vllm,55494,performance,open,0,1,,,1,1,1,1,1,1,1,,,,,,
vllm,58013,performance,open,0,1,,,0,0,,1,1,1,1,,,,,,
vllm,57640,performance,open,0,1,,,0,0,,1,1,1,0,,,,,,
vllm,58791,performance,open,0,1,,,1,1,1,1,1,1,1,,,,,,
vllm,57585,performance,open,0,1,,,1,0,,1,0,0,0,,,,,,
vllm,56510,performance,open,0,1,,,1,1,1,1,1,1,1,,,,,,
vllm,55962,performance,open,0,1,,,1,0,,1,0,0,0,,,,,,
vllm,58631,performance,open,0,1,,,1,0,,1,1,1,0,,,,,,
vllm,57261,performance,open,0,1,,,1,0,,1,1,1,1,,,,,,
vllm,55241,performance,open,0,1,,,1,1,1,0,1,1,1,,,,,,
vllm,56036,performance,open,0,1,,,1,1,1,1,1,1,1,,,,,,
vllm,56085,performance,open,0,1,,,0,0,,1,1,1,1,,,,,,
vllm,57443,performance,open,0,1,,,1,0,,1,1,0,0,,,,,,
vllm,57925,performance,open,0,1,,,1,1,0,1,0,0,0,,,,,,
vllm,58581,performance,open,0,1,,,1,0,,1,0,0,0,,,,,,
vllm,59077,performance,open,0,1,,,1,1,1,0,1,1,1,,,,,,
vllm,54741,performance,open,0,1,,,1,1,1,1,1,1,0,,,,,,
vllm,56451,performance,open,0,1,,,1,1,0,1,0,0,0,,,,,,
vllm,58907,performance,open,0,1,,,1,1,1,1,1,1,1,,,,,,
vllm,58760,performance,open,0,1,,,1,1,1,1,1,1,1,,,,,,
vllm,57330,performance,open,0,1,,,1,0,,0,1,1,1,,,,,,
vllm,57756,performance,open,0,1,,,1,1,1,1,0,0,0,,,,,,
vllm,58403,performance,open,0,1,,,1,0,,1,1,1,1,,,,,,
vllm,56177,performance,open,0,1,,,1,1,1,1,1,1,1,,,,,,
vllm,59052,performance,open,0,0,,,1,1,0,0,0,0,0,,,,,,
vllm,58591,performance,open,0,1,,,1,1,1,0,0,0,0,,,,,,
vllm,58685,performance,open,0,1,,,1,0,,1,1,1,1,,,,,,
vllm,57431,performance,open,0,1,,,1,0,,1,1,1,1,,,,,,
vllm,57115,performance,open,0,1,,,1,0,,0,0,1,1,,,,,,
vllm,58982,performance,open,0,1,,,1,1,1,0,0,0,0,,,,,,
vllm,59069,performance,open,0,1,,,1,1,1,1,0,0,0,,,,,,
vllm,57930,performance,open,0,1,,,1,0,,1,0,0,0,,,,,,
vllm,58074,performance,open,0,1,,,1,1,1,1,0,0,0,,,,,,
vllm,55678,performance,open,0,0,,,1,1,0,0,0,0,1,,,,,,
vllm,55749,performance,open,0,1,,,1,0,,1,1,1,1,,,,,,
vllm,58660,performance,open,0,1,,,1,0,,1,1,0,0,,,,,,
vllm,57859,performance,open,0,1,,,0,1,1,1,1,0,1,,,,,,
vllm,57952,performance,open,0,1,,,1,0,,1,1,1,1,,,,,,
vllm,54976,performance,open,0,1,,,1,1,1,1,1,1,1,,,,,,
vllm,57470,performance,open,0,1,,,0,0,,0,1,0,1,,,,,,
vllm,58151,performance,open,0,1,,,1,1,1,1,1,0,0,,,,,,
vllm,59059,performance,open,0,1,,,1,0,,0,0,0,0,,,,,,
vllm,58820,performance,open,0,1,,,1,1,1,1,1,0,1,,,,,,
vllm,54705,performance,open,0,1,,,1,0,,1,1,1,1,,,,,,
vllm,57463,performance,open,0,1,,,1,1,1,1,1,1,1,,,,,,
vllm,58354,performance,open,0,1,,,1,1,1,1,1,1,1,,,,,,
vllm,57329,performance,open,0,1,,,1,1,1,1,1,1,0,,,,,,
vllm,55917,performance,open,0,1,,,1,0,,1,1,1,1,,,,,,
vllm,55287,performance,open,0,1,,,1,0,,1,1,0,1,,,,,,
vllm,57010,performance,open,0,1,,,1,1,1,1,1,1,1,,,,,,
vllm,58350,performance,open,0,1,,,1,1,1,1,0,0,0,,,,,,
vllm,57184,performance,open,0,1,,,1,1,1,0,1,0,0,,,,,,
vllm,57442,performance,open,0,1,,,1,0,,1,1,1,1,,,,,,
vllm,56996,performance,open,0,1,,,1,1,1,1,1,1,1,,,,,,
vllm,58798,performance,open,0,1,,,1,1,1,1,1,1,1,,,,,,
vllm,55260,performance,open,0,1,,,1,1,0,1,1,0,0,,,,,,
vllm,58122,performance,open,0,1,,,1,0,,1,1,0,0,,,,,,
vllm,58763,performance,open,0,1,,,1,0,,1,1,1,1,,,,,,
vllm,56322,performance,open,0,1,,,1,0,,1,1,1,1,,,,,,
vllm,58632,performance,open,0,1,,,0,1,0,1,1,1,1,,,,,,
vllm,56577,performance,open,0,1,,,1,0,,1,1,1,1,,,,,,
vllm,57750,performance,open,0,1,,,0,0,,1,1,0,1,,,,,,
vllm,58305,performance,open,0,1,,,1,1,1,0,1,1,1,,,,,,
vllm,58495,performance,open,0,1,,,0,0,,1,1,1,1,,,,,,
vllm,58536,performance,open,0,1,,,1,0,,1,1,1,1,,,,,,
vllm,59035,performance,open,0,1,,,1,0,,1,1,1,1,,,,,,
vllm,57627,performance,open,0,1,,,1,0,,1,1,1,1,,,,,,
vllm,54669,performance,open,0,1,,,1,1,1,0,0,0,0,,,,,,
vllm,57856,performance,open,0,1,,,1,0,,1,1,0,0,,,,,,
vllm,58868,performance,open,0,1,,,1,1,1,1,1,1,1,,,,,,
vllm,58953,performance,open,0,1,,,1,0,,0,1,0,0,,,,,,
vllm,56694,performance,open,0,1,,,1,0,,1,1,1,1,,,,,,
vllm,58872,performance,open,0,1,,,0,0,,1,1,1,1,,,,,,
vllm,56686,performance,open,0,1,,,0,1,1,1,1,1,1,,,,,,
vllm,58989,performance,open,0,1,,,0,1,0,1,1,1,1,,,,,,
vllm,58542,performance,open,0,1,,,1,0,,1,1,1,1,,,,,,
vllm,56502,performance,open,0,1,,,0,1,0,1,1,1,1,,,,,,
vllm,56750,performance,open,0,1,,,0,0,,1,1,1,1,,,,,,
vllm,58547,performance,open,0,1,,,1,0,,1,1,1,0,,,,,,
vllm,56232,performance,open,0,1,,,1,1,1,1,0,0,0,,,,,,
vllm,57569,performance,open,0,1,,,1,1,0,1,1,1,1,,,,,,
vllm,57547,performance,open,0,1,,,1,0,,1,0,1,0,,,,,,
vllm,57474,performance,open,0,1,,,1,0,,0,0,0,0,,,,,,
vllm,57832,performance,open,0,1,,,1,1,1,1,1,0,1,,,,,,
vllm,58837,performance,open,0,1,,,1,0,,1,1,1,0,,,,,,
vllm,55860,performance,open,0,1,,,1,1,0,1,1,1,0,,,,,,
vllm,58381,performance,open,0,1,,,1,0,,1,0,0,0,,,,,,
vllm,56321,performance,open,0,1,,,0,0,,1,1,1,1,,,,,,
vllm,54899,performance,open,0,1,,,1,1,0,1,0,0,0,,,,,,
vllm,58539,performance,open,0,1,,,0,0,,1,1,1,1,,,,,,
vllm,55372,performance,open,0,1,,,1,1,1,1,1,1,1,,,,,,
vllm,57979,performance,open,0,1,,,1,0,,1,1,1,1,,,,,,
vllm,54916,performance,open,0,1,,,1,1,1,1,1,1,1,,,,,,
vllm,56301,performance,open,0,1,,,1,1,1,1,0,0,0,,,,,,
vllm,56765,performance,open,0,1,,,0,0,,1,1,1,0,,,,,,
vllm,58126,performance,open,0,0,,,1,0,,0,1,0,1,,,,,,
vllm,55876,performance,open,0,1,,,1,1,1,1,1,1,0,,,,,,
vllm,55711,performance,open,0,1,,,1,1,1,1,1,0,0,,,,,,
vllm,57753,performance,open,0,1,,,0,0,,1,0,0,0,,,,,,
vllm,56466,performance,open,0,1,,,0,0,,1,0,0,0,,,,,,
vllm,58164,performance,open,0,1,,,1,0,,1,1,0,0,,,,,,
vllm,56326,performance,open,0,1,,,0,0,,1,1,0,0,,,,,,
vllm,57286,performance,open,0,1,,,1,1,1,1,1,1,1,,,,,,
vllm,58405,performance,open,0,1,,,0,0,,1,1,1,1,,,,,,
vllm,57978,performance,open,0,1,,,1,0,,1,1,1,0,,,,,,
vllm,56782,performance,open,0,1,,,1,0,,0,0,0,0,,,,,,
vllm,57773,performance,open,0,1,,,1,1,0,0,1,0,1,,,,,,
vllm,56944,performance,open,0,1,,,0,0,,1,1,1,0,,,,,,
vllm,56874,performance,open,0,1,,,1,0,,1,0,0,0,,,,,,
vllm,56226,performance,open,0,1,,,1,1,1,1,1,1,0,,,,,,
vllm,55156,performance,open,0,1,,,1,1,1,0,1,0,0,,,,,,
vllm,55543,performance,open,0,1,,,1,0,,0,0,0,0,,,,,,
vllm,47040,performance,merged,1,1,1,1,0,0,,0,1,0,1,1,,,,,
vllm,25975,comparison,closed,0,0,,,1,0,,0,1,1,1,,,,,,
vllm,25893,comparison,merged,1,1,1,1,1,1,0,0,1,1,1,1,,,,,
vllm,25852,comparison,closed,0,0,,,0,1,0,0,0,0,1,,,,,,
vllm,25963,comparison,merged,1,0,1,1,1,0,,0,1,0,0,1,,,,,
vllm,26411,comparison,closed,0,1,,,0,0,,0,1,1,1,,,,,,
vllm,26062,comparison,closed,0,1,,,0,0,,0,1,0,1,,,,,,
vllm,26005,comparison,merged,1,1,1,1,0,0,,0,1,1,1,1,,,,,
vllm,27436,comparison,merged,1,1,1,1,0,0,,0,1,0,0,0,,,,,
vllm,26231,comparison,merged,1,1,1,1,0,0,,0,1,1,1,1,,,,,
vllm,26834,comparison,merged,1,1,1,1,0,0,,1,1,0,0,1,,,,,
vllm,27213,comparison,merged,1,0,1,1,0,0,,0,1,0,1,1,,,,,
vllm,26401,comparison,merged,1,0,1,1,0,0,,0,1,1,1,1,,,,,
vllm,27363,comparison,merged,1,0,1,1,0,0,,1,1,0,1,1,,,,,
vllm,26498,comparison,closed,0,1,,,1,0,,0,1,1,1,,,,,,
vllm,26667,comparison,closed,0,0,,,0,1,0,0,0,0,1,,,,,,
vllm,26939,comparison,closed,0,0,,,1,0,,1,1,1,1,,,,,,
vllm,26230,comparison,merged,1,1,1,1,0,0,,0,0,1,1,1,,,,,
vllm,26487,comparison,merged,1,1,1,1,0,0,,0,1,0,1,1,,,,,
vllm,26424,comparison,merged,1,1,1,1,0,0,,0,1,0,1,0,,,,,
vllm,27701,comparison,merged,1,1,1,1,1,0,,0,1,1,1,1,,,,,
vllm,26283,comparison,closed,0,0,,,1,1,0,0,0,0,1,,,,,,
vllm,27396,comparison,closed,0,1,,,1,1,1,0,1,0,1,,,,,,
vllm,27534,comparison,closed,0,1,,,0,1,0,0,0,0,1,,,,,,
vllm,26235,comparison,closed,0,1,,,0,0,,0,1,1,1,,,,,,
vllm,26254,comparison,merged,1,0,1,1,1,1,0,0,0,0,0,1,,,,,
vllm,26010,comparison,merged,1,1,1,1,1,0,,0,1,1,1,1,,,,,
vllm,28799,comparison,closed,0,0,,,0,0,,0,0,0,1,,,,,,
vllm,28405,comparison,closed,0,1,,,0,0,,0,1,0,1,,,,,,
vllm,28315,comparison,merged,1,1,1,1,0,0,,0,0,0,0,1,,,,,
vllm,29253,comparison,merged,1,1,1,1,1,0,,0,0,0,0,1,,,,,
vllm,28272,comparison,merged,1,1,0,0,0,0,,0,0,0,0,0,,,,,
vllm,29411,comparison,merged,1,1,1,1,0,0,,0,0,0,1,1,,,,,
vllm,29236,comparison,closed,0,0,,,0,0,,0,0,0,0,,,,,,
vllm,29437,comparison,closed,0,1,,,1,1,1,0,1,1,1,,,,,,
vllm,27980,comparison,closed,0,1,,,1,0,,0,1,0,1,,,,,,
vllm,28558,comparison,merged,1,1,1,1,1,0,,0,1,1,0,1,,,,,
vllm,29477,comparison,merged,1,1,1,1,0,0,,0,1,1,1,1,,,,,
vllm,28878,comparison,merged,1,1,1,1,1,1,1,0,1,1,1,1,,,,,
vllm,29162,comparison,merged,1,1,1,1,1,1,1,0,1,1,1,1,,,,,
vllm,29197,comparison,merged,1,1,1,1,1,0,,1,1,0,1,1,,,,,
vllm,28493,comparison,merged,1,1,1,1,0,0,,0,1,0,1,1,,,,,
vllm,27935,comparison,open,0,1,,,0,0,,0,1,0,1,,,,,,
vllm,28793,comparison,closed,0,0,,,1,0,,0,0,0,0,,,,,,
vllm,28775,comparison,merged,1,1,1,1,1,1,1,0,1,0,1,1,,,,,
vllm,28874,comparison,merged,1,1,1,1,1,0,,0,1,1,0,1,,,,,
vllm,28053,comparison,merged,1,1,1,1,1,0,,1,1,0,1,1,,,,,
vllm,29184,comparison,merged,1,1,0,0,1,0,,1,1,1,1,1,,,,,
vllm,30146,comparison,closed,0,1,,,0,0,,0,0,0,1,,,,,,
vllm,31347,comparison,closed,0,1,,,0,0,,0,1,1,0,,,,,,
vllm,31365,comparison,closed,0,0,,,0,0,,0,0,0,0,,,,,,
vllm,31117,comparison,merged,1,1,1,1,0,0,,0,0,1,0,0,,,,,
vllm,31550,comparison,merged,1,0,1,1,1,0,,0,0,0,1,1,,,,,
vllm,30292,comparison,merged,1,1,1,1,1,1,1,0,0,0,0,1,,,,,
vllm,30852,comparison,merged,1,0,1,1,0,0,,0,1,1,1,1,,,,,
vllm,31243,comparison,closed,0,1,,,0,0,,0,0,0,0,,,,,,
vllm,30500,comparison,closed,0,0,,,0,0,,0,0,1,0,,,,,,
vllm,29798,comparison,merged,1,1,1,1,1,0,,0,1,1,0,1,,,,,
vllm,30967,comparison,merged,1,1,1,1,1,1,0,0,1,0,1,1,,,,,
vllm,29891,comparison,merged,1,1,1,1,1,0,,0,1,1,1,1,,,,,
vllm,30054,comparison,merged,1,1,1,1,1,0,,0,0,1,0,1,,,,,
vllm,30520,comparison,open,0,1,,,0,0,,0,0,0,0,,,,,,
vllm,31543,comparison,closed,0,1,,,1,0,,0,1,0,0,,,,,,
vllm,30063,comparison,closed,0,0,,,1,0,,0,1,1,1,,,,,,
vllm,30192,comparison,closed,0,1,,,1,0,,0,0,0,0,,,,,,
vllm,30468,comparison,closed,0,1,,,1,0,,1,1,0,1,,,,,,
vllm,30200,comparison,merged,1,1,1,1,1,0,,0,1,0,1,1,,,,,
vllm,29837,comparison,merged,1,1,1,1,0,0,,0,1,0,0,1,,,,,
vllm,33154,comparison,closed,0,1,,,1,0,,0,1,0,1,,,,,,
vllm,32978,comparison,closed,0,1,,,0,0,,0,0,1,0,,,,,,
vllm,31983,comparison,closed,0,1,,,1,1,0,0,1,1,1,,,,,,
vllm,32519,comparison,closed,0,1,,,0,0,,0,0,0,0,,,,,,
vllm,31711,comparison,merged,1,0,1,1,1,1,0,0,1,0,0,1,,,,,
vllm,31841,comparison,merged,1,1,1,1,0,0,,0,1,0,1,1,,,,,
vllm,32153,comparison,merged,1,1,1,1,1,0,,0,1,1,1,1,,,,,
vllm,33350,comparison,merged,1,1,1,1,0,0,,0,1,0,1,0,,,,,
vllm,32677,comparison,open,0,1,,,0,1,0,0,1,0,0,,,,,,
vllm,32379,comparison,closed,0,0,,,0,0,,0,0,0,0,,,,,,
vllm,31672,comparison,closed,0,1,,,0,0,,1,1,0,1,,,,,,
vllm,32433,comparison,merged,1,1,1,1,0,0,,0,1,0,0,1,,,,,
vllm,33322,comparison,merged,1,1,1,1,1,0,,0,1,1,0,1,,,,,
vllm,32609,comparison,merged,1,1,1,1,1,0,,0,1,1,1,1,,,,,
vllm,32111,comparison,merged,1,1,0,0,0,0,,0,0,0,0,0,,,,,
vllm,33066,comparison,closed,0,0,,,1,0,,0,0,0,1,,,,,,
vllm,32043,comparison,closed,0,1,,,0,0,,0,1,0,1,,,,,,
vllm,31900,comparison,closed,0,0,,,0,0,,0,0,0,1,,,,,,
vllm,33343,comparison,closed,0,0,,,0,0,,0,0,0,1,,,,,,
vllm,33190,comparison,closed,0,1,,,1,0,,0,0,0,1,,,,,,
vllm,32121,comparison,merged,1,0,1,1,0,0,,0,0,0,0,1,,,,,
vllm,31972,comparison,merged,1,1,1,1,0,0,,0,1,0,1,1,,,,,
vllm,32650,comparison,merged,1,1,1,1,0,0,,0,1,0,1,1,,,,,
vllm,32757,comparison,merged,1,1,1,1,1,0,,0,1,0,0,1,,,,,
vllm,34430,comparison,closed,0,1,,,1,0,,0,1,1,1,,,,,,
vllm,34019,comparison,closed,0,1,,,0,1,1,0,1,1,1,,,,,,
vllm,35479,comparison,closed,0,1,,,0,0,,0,0,0,0,,,,,,
vllm,34143,comparison,closed,0,1,,,0,0,,0,1,0,1,,,,,,
vllm,34890,comparison,merged,1,1,1,1,0,1,0,0,1,1,1,1,,,,,
vllm,34215,comparison,merged,1,1,1,1,0,0,,0,1,1,1,1,,,,,
vllm,35189,comparison,merged,1,0,1,1,0,0,,0,0,0,0,1,,,,,
vllm,34841,comparison,merged,1,1,1,1,1,0,,0,1,0,0,1,,,,,
vllm,35199,comparison,merged,1,1,1,1,1,0,,0,0,0,0,1,,,,,
vllm,35052,comparison,merged,1,1,1,1,1,0,,0,0,0,0,1,,,,,
vllm,33613,comparison,merged,1,1,1,1,0,1,0,0,1,0,1,1,,,,,
vllm,35488,comparison,closed,0,1,,,1,0,,1,1,0,0,,,,,,
vllm,35629,comparison,closed,0,0,,,1,0,,0,1,0,0,,,,,,
vllm,33979,comparison,closed,0,1,,,1,0,,0,0,0,0,,,,,,
vllm,34682,comparison,closed,0,1,,,1,0,,0,0,0,0,,,,,,
vllm,35383,comparison,merged,1,1,1,1,0,0,,0,0,0,0,0,,,,,
vllm,33992,comparison,merged,1,1,1,1,1,0,,0,1,1,1,1,,,,,
vllm,35431,comparison,merged,1,1,1,1,1,1,0,0,0,0,1,1,,,,,
vllm,34435,comparison,merged,1,1,1,1,1,0,,0,1,0,1,1,,,,,
vllm,33723,comparison,open,0,1,,,1,0,,0,0,0,1,,,,,,
vllm,35425,comparison,closed,0,1,,,1,0,,1,1,0,1,,,,,,
vllm,33947,comparison,closed,0,1,,,1,0,,0,0,0,0,,,,,,
vllm,34539,comparison,merged,1,0,1,1,1,0,,0,1,0,0,1,,,,,
vllm,34170,comparison,merged,1,0,1,1,1,0,,0,1,0,0,1,,,,,
vllm,35339,comparison,merged,1,1,1,1,1,0,,0,1,1,0,1,,,,,
vllm,33971,comparison,merged,1,1,1,1,0,0,,0,1,0,1,1,,,,,
vllm,33592,comparison,open,0,0,,,1,0,,0,1,0,0,,,,,,
vllm,35073,comparison,open,0,1,,,1,1,0,0,0,0,1,,,,,,
vllm,36495,comparison,closed,0,1,,,0,0,,0,1,1,1,,,,,,
vllm,35988,comparison,closed,0,0,,,1,0,,0,1,1,1,,,,,,
vllm,36373,comparison,closed,0,1,,,1,0,,0,1,1,1,,,,,,
vllm,35978,comparison,closed,0,1,,,0,0,,0,0,0,0,,,,,,
vllm,36150,comparison,merged,1,1,1,1,1,0,,0,1,0,0,1,,,,,
vllm,37300,comparison,merged,1,1,1,1,1,0,,0,0,0,0,1,,,,,
vllm,37014,comparison,merged,1,1,1,1,1,0,,0,0,1,0,1,,,,,
vllm,35892,comparison,merged,1,1,1,1,1,0,,0,0,0,1,1,,,,,
vllm,38062,comparison,merged,1,0,1,1,1,0,,0,0,1,0,1,,,,,
vllm,37573,comparison,merged,1,1,1,1,0,0,,0,1,0,0,1,,,,,
vllm,37873,comparison,merged,1,1,1,1,0,0,,1,0,0,1,1,,,,,
vllm,36787,comparison,merged,1,0,1,1,1,0,,0,0,0,0,1,,,,,
vllm,36740,comparison,open,0,1,,,1,0,,0,1,1,1,,,,,,
vllm,38462,comparison,open,0,1,,,0,0,,0,0,1,0,,,,,,
vllm,35936,comparison,closed,0,0,,,1,0,,0,0,0,0,,,,,,
vllm,35682,comparison,closed,0,0,,,0,0,,0,0,0,0,,,,,,
vllm,38055,comparison,closed,0,1,,,1,0,,0,1,1,1,,,,,,
vllm,38449,comparison,closed,0,1,,,1,0,,0,0,1,0,,,,,,
vllm,36889,comparison,closed,0,1,,,1,1,1,0,1,1,1,,,,,,
vllm,36974,comparison,closed,0,0,,,0,0,,0,0,0,1,,,,,,
vllm,37902,comparison,merged,1,1,1,1,1,0,,0,0,0,0,1,,,,,
vllm,36536,comparison,merged,1,1,1,1,0,0,,0,1,1,1,1,,,,,
vllm,38040,comparison,merged,1,1,1,1,1,0,,1,1,1,1,1,,,,,
vllm,37095,comparison,open,0,1,,,1,0,,0,0,0,0,,,,,,
vllm,38007,comparison,open,0,1,,,1,0,,1,1,1,1,,,,,,
vllm,36444,comparison,closed,0,1,,,1,0,,0,1,1,1,,,,,,
vllm,38625,comparison,closed,0,0,,,1,0,,0,0,0,0,,,,,,
vllm,37767,comparison,closed,0,1,,,1,1,0,0,0,0,0,,,,,,
vllm,36046,comparison,closed,0,1,,,1,0,,0,0,0,0,,,,,,
vllm,37417,comparison,closed,0,0,,,0,0,,0,1,0,0,,,,,,
vllm,36555,comparison,closed,0,1,,,1,1,1,1,1,1,1,,,,,,
vllm,35986,comparison,merged,1,0,1,1,1,1,1,0,1,1,0,1,,,,,
vllm,37874,comparison,merged,1,1,1,1,1,0,,0,1,1,1,1,,,,,
vllm,37990,comparison,merged,1,1,1,1,0,1,1,1,1,1,0,1,,,,,
vllm,38207,comparison,merged,1,1,1,1,1,0,,0,1,1,1,1,,,,,
vllm,37601,comparison,merged,1,1,1,1,1,0,,0,1,1,0,1,,,,,
vllm,37636,comparison,merged,1,1,1,1,1,0,,0,0,0,0,1,,,,,
vllm,37549,comparison,open,0,1,,,1,1,0,0,1,1,0,,,,,,
vllm,36512,comparison,open,0,1,,,1,0,,1,0,0,0,,,,,,
vllm,40836,comparison,closed,0,0,,,1,0,,0,0,0,0,,,,,,
vllm,41223,comparison,closed,0,0,,,0,1,0,0,0,0,1,,,,,,
vllm,41347,comparison,closed,0,1,,,1,0,,0,0,0,0,,,,,,
vllm,41301,comparison,closed,0,0,,,0,0,,0,1,1,1,,,,,,
vllm,40423,comparison,closed,0,0,,,0,1,1,0,0,0,0,,,,,,
vllm,41039,comparison,closed,0,1,,,0,0,,1,0,0,0,,,,,,
vllm,41047,comparison,closed,0,1,,,1,0,,0,1,0,1,,,,,,
vllm,41212,comparison,closed,0,1,,,0,0,,0,1,0,0,,,,,,
vllm,40133,comparison,merged,1,1,1,1,0,0,,0,0,0,0,1,,,,,
vllm,38759,comparison,merged,1,1,1,1,0,0,,0,0,0,0,1,,,,,
vllm,41388,comparison,open,0,0,,,0,0,,0,0,0,0,,,,,,
vllm,40832,comparison,open,0,1,,,0,0,,0,1,1,1,,,,,,
vllm,39489,comparison,closed,0,1,,,1,0,,0,0,1,0,,,,,,
vllm,41316,comparison,closed,0,0,,,1,0,,0,0,0,0,,,,,,
vllm,39050,comparison,closed,0,1,,,1,0,,0,0,0,0,,,,,,
vllm,39403,comparison,merged,1,1,1,1,0,0,,0,0,0,0,1,,,,,
vllm,41318,comparison,merged,1,1,1,1,0,1,0,1,1,1,1,1,,,,,
vllm,41133,comparison,merged,1,1,1,1,1,0,,0,1,1,1,1,,,,,
vllm,39091,comparison,merged,1,1,1,1,1,0,,0,0,0,0,1,,,,,
vllm,39212,comparison,merged,1,1,0,1,1,0,,0,1,1,0,1,,,,,
vllm,39307,comparison,merged,1,1,1,1,1,0,,0,0,0,1,1,,,,,
vllm,40623,comparison,merged,1,1,1,1,1,0,,0,0,0,0,1,,,,,
vllm,40418,comparison,open,0,0,,,1,0,,0,0,0,0,,,,,,
vllm,41193,comparison,open,0,1,,,1,0,,0,1,1,1,,,,,,
vllm,38813,comparison,open,0,1,,,0,0,,0,0,0,1,,,,,,
vllm,41245,comparison,closed,0,0,,,1,0,,0,0,0,0,,,,,,
vllm,38871,comparison,closed,0,1,,,0,1,1,0,1,1,1,,,,,,
vllm,40943,comparison,closed,0,1,,,1,0,,0,0,0,0,,,,,,
vllm,39689,comparison,closed,0,1,,,1,0,,0,1,0,1,,,,,,
vllm,40323,comparison,closed,0,1,,,0,0,,1,0,0,0,,,,,,
vllm,40139,comparison,closed,0,0,,,1,1,1,0,0,0,0,,,,,,
vllm,38949,comparison,closed,0,1,,,1,0,,0,0,0,1,,,,,,
vllm,41423,comparison,merged,1,1,1,1,1,0,,0,0,0,0,1,,,,,
vllm,40167,comparison,merged,1,1,1,1,1,1,1,1,0,0,0,1,,,,,
vllm,39400,comparison,merged,1,1,1,1,0,0,,0,1,1,1,1,,,,,
vllm,40164,comparison,merged,1,1,1,1,1,0,,1,1,1,1,1,,,,,
vllm,39531,comparison,merged,1,1,1,1,1,0,,0,0,0,0,1,,,,,
vllm,40967,comparison,merged,1,1,1,1,1,0,,0,0,1,1,1,,,,,
vllm,39947,comparison,open,0,1,,,1,1,0,0,0,0,0,,,,,,
vllm,39800,comparison,open,0,1,,,1,0,,0,0,1,0,,,,,,
vllm,39544,comparison,open,0,1,,,1,0,,0,1,1,0,,,,,,
vllm,40819,comparison,open,0,1,,,1,0,,1,1,1,0,,,,,,
vllm,44016,comparison,closed,0,1,,,0,0,,0,0,0,0,,,,,,
vllm,41533,comparison,closed,0,1,,,0,0,,1,1,0,0,,,,,,
vllm,41498,comparison,closed,0,1,,,0,0,,0,1,1,1,,,,,,
vllm,41912,comparison,closed,0,1,,,0,1,0,0,0,0,0,,,,,,
vllm,41757,comparison,closed,0,1,,,0,0,,0,0,0,0,,,,,,
vllm,43072,comparison,closed,0,1,,,0,0,,0,1,1,1,,,,,,
vllm,43236,comparison,merged,1,1,1,1,1,0,,0,0,0,0,1,,,,,
vllm,42306,comparison,merged,1,1,1,1,0,1,1,0,1,1,1,1,,,,,
vllm,43957,comparison,merged,1,1,1,1,0,0,,0,1,1,0,1,,,,,
vllm,42176,comparison,merged,1,1,1,1,1,0,,0,1,0,1,1,,,,,
vllm,42392,comparison,merged,1,1,1,1,1,0,,0,1,0,0,1,,,,,
vllm,44070,comparison,merged,1,0,1,1,0,0,,0,0,0,0,1,,,,,
vllm,41572,comparison,merged,1,1,1,1,0,0,,0,0,0,0,1,,,,,
vllm,43830,comparison,merged,1,0,1,1,0,0,,0,0,0,0,1,,,,,
vllm,41857,comparison,merged,1,1,1,1,1,0,,0,1,1,0,1,,,,,
vllm,42373,comparison,merged,1,0,1,1,0,1,0,0,1,0,1,1,,,,,
vllm,44054,comparison,open,0,0,,,0,0,,0,1,1,0,,,,,,
vllm,43459,comparison,open,0,1,,,0,0,,1,0,0,0,,,,,,
vllm,42519,comparison,open,0,1,,,1,0,,0,1,1,1,,,,,,
vllm,42524,comparison,open,0,1,,,0,0,,1,0,0,0,,,,,,
vllm,43714,comparison,closed,0,1,,,1,0,,0,1,1,0,,,,,,
vllm,41648,comparison,closed,0,1,,,0,1,0,1,0,0,0,,,,,,
vllm,41742,comparison,closed,0,1,,,1,0,,0,0,0,0,,,,,,
vllm,44045,comparison,closed,0,1,,,1,0,,0,1,1,1,,,,,,
vllm,43463,comparison,merged,1,1,1,1,1,0,,0,1,0,0,1,,,,,
vllm,41706,comparison,merged,1,1,1,1,0,0,,0,1,1,1,1,,,,,
vllm,41744,comparison,merged,1,1,1,1,1,0,,0,1,1,1,1,,,,,
vllm,43245,comparison,merged,1,1,1,1,0,0,,0,1,1,1,1,,,,,
vllm,43698,comparison,open,0,0,,,1,0,,0,1,0,1,,,,,,
vllm,42221,comparison,open,0,1,,,1,0,,0,0,1,0,,,,,,
vllm,43694,comparison,open,0,1,,,1,1,1,0,1,1,1,,,,,,
vllm,41897,comparison,open,0,1,,,1,0,,1,0,0,0,,,,,,
vllm,42589,comparison,closed,0,0,,,1,1,1,0,0,0,0,,,,,,
vllm,41502,comparison,closed,0,0,,,1,1,1,0,0,0,0,,,,,,
vllm,42193,comparison,closed,0,1,,,1,1,1,0,1,1,1,,,,,,
vllm,41683,comparison,closed,0,0,,,1,1,0,0,0,0,0,,,,,,
vllm,43302,comparison,closed,0,1,,,0,0,,1,0,0,1,,,,,,
vllm,42981,comparison,closed,0,0,,,1,1,0,0,0,0,0,,,,,,
vllm,42011,comparison,closed,0,0,,,1,1,1,0,0,0,0,,,,,,
vllm,42663,comparison,merged,1,1,1,1,0,1,1,0,1,1,1,1,,,,,
vllm,42285,comparison,merged,1,0,0,0,1,0,,0,0,0,1,1,,,,,
vllm,42406,comparison,merged,1,1,1,1,1,1,1,1,1,0,0,1,,,,,
vllm,42977,comparison,merged,1,1,1,1,1,0,,0,1,0,1,1,,,,,
vllm,42877,comparison,open,0,0,,,1,1,1,0,0,0,0,,,,,,
vllm,43589,comparison,open,0,1,,,1,1,0,0,1,1,1,,,,,,
vllm,44095,comparison,open,0,1,,,1,0,,0,1,0,0,,,,,,
vllm,43165,comparison,open,0,0,,,1,1,0,0,0,0,1,,,,,,
vllm,46465,comparison,closed,0,1,,,0,0,,0,0,0,0,,,,,,
vllm,47170,comparison,closed,0,1,,,1,0,,0,1,1,1,,,,,,
vllm,46675,comparison,closed,0,1,,,1,0,,0,0,0,0,,,,,,
vllm,44916,comparison,closed,0,0,,,0,0,,0,0,0,0,,,,,,
vllm,45170,comparison,merged,1,1,1,1,1,0,,0,0,0,0,1,,,,,
vllm,46705,comparison,merged,1,0,1,1,1,0,,0,1,0,1,1,,,,,
vllm,44419,comparison,merged,1,1,1,1,0,0,,1,0,1,0,1,,,,,
vllm,45548,comparison,merged,1,1,1,1,1,0,,0,1,1,0,1,,,,,
vllm,45307,comparison,merged,1,1,1,1,0,0,,0,1,0,1,1,,,,,
vllm,45757,comparison,merged,1,1,1,1,1,0,,0,1,0,0,1,,,,,
vllm,46303,comparison,merged,1,1,1,1,1,0,,1,1,1,0,1,,,,,
vllm,44684,comparison,open,0,1,,,0,0,,1,0,0,0,,,,,,
vllm,45817,comparison,open,0,1,,,0,0,,0,0,0,0,,,,,,
vllm,46907,comparison,open,0,1,,,0,0,,0,1,1,1,,,,,,
vllm,45435,comparison,open,0,1,,,1,1,1,0,0,0,0,,,,,,
vllm,45882,comparison,closed,0,0,,,1,0,,0,0,0,0,,,,,,
vllm,45565,comparison,closed,0,1,,,1,1,1,0,0,0,0,,,,,,
vllm,44969,comparison,merged,1,1,0,0,1,0,,0,0,0,0,1,,,,,
vllm,46913,comparison,merged,1,1,1,1,1,1,0,0,0,0,0,1,,,,,
vllm,45510,comparison,merged,1,0,1,1,1,0,,0,0,0,0,1,,,,,
vllm,45127,comparison,merged,1,1,1,1,1,0,,0,0,0,1,1,,,,,
vllm,46361,comparison,merged,1,1,1,1,1,0,,1,0,0,0,1,,,,,
vllm,45030,comparison,merged,1,1,1,1,0,0,,1,1,1,1,1,,,,,
vllm,47158,comparison,merged,1,1,1,1,1,1,1,0,1,1,1,1,,,,,
vllm,44436,comparison,merged,1,1,1,1,1,1,1,0,0,0,0,1,,,,,
vllm,46278,comparison,merged,1,1,1,1,1,0,,1,1,1,1,1,,,,,
vllm,46647,comparison,merged,1,1,1,1,1,0,,0,1,1,1,1,,,,,
vllm,45935,comparison,merged,1,1,1,1,1,1,0,1,1,0,1,1,,,,,
vllm,46415,comparison,merged,1,0,1,1,1,0,,0,1,1,1,1,,,,,
vllm,44633,comparison,open,0,1,,,1,0,,0,1,0,0,,,,,,
vllm,45545,comparison,open,0,0,,,1,0,,0,0,0,0,,,,,,
vllm,45819,comparison,open,0,1,,,0,0,,1,0,0,1,,,,,,
vllm,46110,comparison,open,0,1,,,1,0,,0,1,1,1,,,,,,
vllm,44355,comparison,open,0,0,,,0,0,,0,1,1,0,,,,,,
vllm,46617,comparison,open,0,1,,,0,0,,0,1,1,1,,,,,,
vllm,44661,comparison,closed,0,1,,,1,0,,0,0,0,0,,,,,,
vllm,46498,comparison,closed,0,1,,,1,0,,0,1,1,1,,,,,,
vllm,46178,comparison,closed,0,1,,,1,0,,0,1,1,1,,,,,,
vllm,46653,comparison,closed,0,0,,,1,0,,0,0,0,0,,,,,,
vllm,46357,comparison,closed,0,1,,,1,0,,0,1,0,0,,,,,,
vllm,44884,comparison,merged,1,1,1,1,0,0,,0,1,1,1,1,,,,,
vllm,47207,comparison,merged,1,1,1,1,1,1,0,1,1,1,1,1,,,,,
vllm,45163,comparison,merged,1,1,1,1,1,1,0,1,0,0,0,1,,,,,
vllm,46427,comparison,open,0,1,,,1,0,,0,0,0,0,,,,,,
vllm,44445,comparison,open,0,1,,,1,0,,0,1,0,1,,,,,,
vllm,45982,comparison,open,0,0,,,1,0,,1,0,1,0,,,,,,
vllm,46005,comparison,open,0,1,,,1,0,,0,1,1,1,,,,,,
vllm,45018,comparison,open,0,1,,,1,0,,0,0,0,0,,,,,,
vllm,46395,comparison,open,0,1,,,1,0,,0,0,0,1,,,,,,
vllm,47500,comparison,closed,0,1,,,1,0,,0,1,1,1,,,,,,
vllm,47499,comparison,closed,0,1,,,0,0,,0,0,0,1,,,,,,
vllm,48345,comparison,closed,0,0,,,0,0,,0,0,0,1,,,,,,
vllm,49873,comparison,closed,0,1,,,0,1,1,0,0,0,0,,,,,,
vllm,49846,comparison,merged,1,1,1,1,1,0,,0,1,1,1,1,,,,,
vllm,49498,comparison,merged,1,1,1,1,1,0,,0,1,0,0,1,,,,,
vllm,47554,comparison,merged,1,1,1,1,0,0,,0,0,0,0,1,,,,,
vllm,49391,comparison,merged,1,1,1,1,1,0,,0,1,0,0,1,,,,,
vllm,47797,comparison,merged,1,1,1,1,0,0,,0,1,1,1,1,,,,,
vllm,49435,comparison,merged,1,1,1,1,1,1,1,0,0,0,0,1,,,,,
vllm,47568,comparison,merged,1,0,1,1,0,0,,0,1,1,1,1,,,,,
vllm,50405,comparison,merged,1,1,1,1,0,0,,0,0,0,0,1,,,,,
vllm,49380,comparison,merged,1,1,1,1,1,0,,0,1,1,1,1,,,,,
vllm,49113,comparison,merged,1,1,1,1,0,0,,0,1,1,1,1,,,,,
vllm,48440,comparison,merged,1,0,1,1,0,0,,1,0,0,0,1,,,,,
vllm,47238,comparison,merged,1,1,1,1,0,0,,0,0,0,0,1,,,,,
vllm,50115,comparison,open,0,0,,,1,0,,0,0,0,0,,,,,,
vllm,49102,comparison,open,0,0,,,0,0,,0,0,0,0,,,,,,
vllm,48551,comparison,open,0,1,,,1,0,,0,1,1,0,,,,,,
vllm,47833,comparison,open,0,1,,,1,0,,0,1,0,0,,,,,,
vllm,48672,comparison,open,0,0,,,1,0,,0,0,0,0,,,,,,
vllm,48386,comparison,open,0,0,,,1,0,,0,1,1,1,,,,,,
vllm,49386,comparison,closed,0,1,,,1,0,,0,0,0,0,,,,,,
vllm,50559,comparison,closed,0,1,,,1,0,,0,1,1,1,,,,,,
vllm,50069,comparison,closed,0,1,,,1,0,,1,1,1,1,,,,,,
vllm,50341,comparison,closed,0,1,,,1,0,,0,0,0,0,,,,,,
vllm,49184,comparison,closed,0,1,,,1,0,,1,0,0,0,,,,,,
vllm,47388,comparison,merged,1,1,1,1,1,0,,0,1,1,0,1,,,,,
vllm,48046,comparison,merged,1,1,1,1,1,1,0,0,0,0,0,1,,,,,
vllm,47478,comparison,merged,1,1,1,1,0,0,,0,0,0,0,1,,,,,
vllm,49604,comparison,merged,1,1,1,1,0,0,,0,0,0,0,1,,,,,
vllm,49397,comparison,merged,1,1,1,1,0,0,,0,0,0,0,1,,,,,
vllm,49758,comparison,merged,1,1,1,1,1,1,0,0,0,0,0,1,,,,,
vllm,49686,comparison,merged,1,1,1,1,1,0,,0,1,1,1,1,,,,,
vllm,47624,comparison,open,0,0,,,1,0,,0,0,0,0,,,,,,
vllm,50113,comparison,open,0,1,,,1,1,1,0,1,1,1,,,,,,
vllm,49426,comparison,open,0,1,,,1,0,,0,0,0,0,,,,,,
vllm,48471,comparison,open,0,1,,,1,0,,1,1,1,1,,,,,,
vllm,47779,comparison,open,0,1,,,1,0,,1,1,1,1,,,,,,
vllm,50164,comparison,open,0,1,,,0,0,,0,1,0,0,,,,,,
vllm,47633,comparison,open,0,1,,,1,0,,0,0,0,0,,,,,,
vllm,49085,comparison,closed,0,1,,,1,0,,1,1,1,1,,,,,,
vllm,48609,comparison,closed,0,0,,,1,0,,0,0,0,0,,,,,,
vllm,47717,comparison,closed,0,1,,,0,0,,0,1,0,0,,,,,,
vllm,48139,comparison,closed,0,0,,,1,1,1,0,0,0,1,,,,,,
vllm,50075,comparison,closed,0,1,,,1,0,,0,0,0,0,,,,,,
vllm,50493,comparison,merged,1,1,1,1,1,0,,0,0,0,0,1,,,,,
vllm,47750,comparison,merged,1,1,1,1,1,0,,0,1,0,1,1,,,,,
vllm,50104,comparison,merged,1,1,1,1,1,0,,0,1,1,1,1,,,,,
vllm,48584,comparison,merged,1,1,1,1,0,0,,0,0,0,0,0,,,,,
vllm,48981,comparison,merged,1,1,1,1,1,0,,0,0,0,0,1,,,,,
vllm,47786,comparison,open,0,1,,,1,0,,0,1,0,1,,,,,,
vllm,50584,comparison,open,0,1,,,1,0,,1,1,1,1,,,,,,
vllm,48456,comparison,open,0,1,,,1,1,1,0,0,0,0,,,,,,
vllm,49650,comparison,open,0,1,,,1,1,0,0,1,0,1,,,,,,
vllm,49658,comparison,open,0,1,,,0,0,,0,1,1,0,,,,,,
vllm,47806,comparison,open,0,1,,,1,1,0,0,1,0,1,,,,,,
vllm,50575,comparison,open,0,1,,,1,0,,0,1,0,0,,,,,,
vllm,48369,comparison,open,0,1,,,1,0,,1,1,0,1,,,,,,
vllm,47664,comparison,open,0,1,,,1,0,,1,0,0,0,,,,,,
vllm,48083,comparison,open,0,1,,,1,0,,0,0,0,0,,,,,,
vllm,54235,comparison,closed,0,1,,,1,0,,1,1,1,1,,,,,,
vllm,53262,comparison,closed,0,1,,,0,1,0,0,0,0,0,,,,,,
vllm,54466,comparison,closed,0,1,,,0,0,,0,1,1,0,,,,,,
vllm,52862,comparison,closed,0,1,,,0,0,,0,1,1,1,,,,,,
vllm,51832,comparison,merged,1,1,1,1,0,0,,0,1,1,0,1,,,,,
vllm,52399,comparison,merged,1,1,1,1,1,0,,0,1,1,1,1,,,,,
vllm,51781,comparison,merged,1,1,1,1,0,0,,0,1,0,1,1,,,,,
vllm,52037,comparison,merged,1,1,1,1,0,0,,0,1,1,1,1,,,,,
vllm,51464,comparison,merged,1,1,1,1,0,0,,0,1,1,1,1,,,,,
vllm,51928,comparison,merged,1,1,1,1,0,0,,0,0,0,0,0,,,,,
vllm,50755,comparison,merged,1,0,1,1,1,0,,0,0,0,0,1,,,,,
vllm,53885,comparison,merged,1,1,1,1,0,0,,0,1,1,1,1,,,,,
vllm,50874,comparison,merged,1,1,1,1,0,1,1,0,1,0,0,1,,,,,
vllm,50926,comparison,merged,1,1,1,1,1,0,,0,0,0,0,1,,,,,
vllm,50984,comparison,merged,1,1,1,1,0,0,,1,1,0,1,1,,,,,
vllm,53379,comparison,merged,1,1,1,1,1,0,,0,1,1,1,1,,,,,
vllm,51403,comparison,open,0,1,,,1,1,1,0,0,0,0,,,,,,
vllm,53167,comparison,open,0,1,,,1,1,1,0,0,0,0,,,,,,
vllm,50820,comparison,open,0,1,,,1,1,1,1,1,1,1,,,,,,
vllm,52266,comparison,open,0,1,,,0,0,,0,0,0,0,,,,,,
vllm,54291,comparison,open,0,1,,,0,1,0,0,1,1,0,,,,,,
vllm,53395,comparison,open,0,1,,,0,0,,0,1,1,1,,,,,,
vllm,51699,comparison,open,0,1,,,1,0,,0,1,1,1,,,,,,
vllm,54479,comparison,open,0,1,,,1,0,,0,0,0,0,,,,,,
vllm,54147,comparison,open,0,1,,,0,0,,1,1,1,1,,,,,,
vllm,52949,comparison,open,0,1,,,0,0,,0,1,1,1,,,,,,
vllm,52553,comparison,open,0,1,,,0,0,,0,1,1,1,,,,,,
vllm,53907,comparison,open,0,1,,,0,1,0,0,1,0,0,,,,,,
vllm,51370,comparison,closed,0,1,,,1,1,0,0,0,0,0,,,,,,
vllm,53974,comparison,closed,0,0,,,1,0,,0,0,0,0,,,,,,
vllm,54452,comparison,closed,0,1,,,1,0,,0,1,1,1,,,,,,
vllm,52158,comparison,closed,0,1,,,1,0,,0,1,1,0,,,,,,
vllm,53045,comparison,closed,0,1,,,0,0,,0,0,0,0,,,,,,
vllm,52194,comparison,closed,0,1,,,1,0,,0,0,0,0,,,,,,
vllm,54573,comparison,merged,1,1,1,1,1,1,1,1,1,1,1,1,,,,,
vllm,50999,comparison,merged,1,1,1,1,1,0,,0,0,0,0,1,,,,,
vllm,54272,comparison,merged,1,1,1,1,1,0,,0,0,0,0,0,,,,,
vllm,54089,comparison,merged,1,1,1,1,1,0,,0,1,1,1,0,,,,,
vllm,52156,comparison,merged,1,1,1,1,1,0,,0,1,1,0,1,,,,,
vllm,51838,comparison,merged,1,1,1,1,0,1,0,0,1,0,0,1,,,,,
vllm,52596,comparison,merged,1,1,1,1,1,0,,1,0,1,1,1,,,,,
vllm,50920,comparison,merged,1,1,0,0,1,0,,0,0,0,0,1,,,,,
vllm,53165,comparison,merged,1,1,1,1,1,0,,0,0,0,1,1,,,,,
vllm,52149,comparison,open,0,1,,,1,1,1,1,1,1,0,,,,,,
vllm,54638,comparison,open,0,1,,,1,0,,0,0,0,0,,,,,,
vllm,52946,comparison,open,0,1,,,1,0,,0,0,0,0,,,,,,
vllm,54621,comparison,open,0,1,,,1,0,,0,1,1,0,,,,,,
vllm,52699,comparison,open,0,0,,,1,0,,0,0,0,0,,,,,,
vllm,53826,comparison,open,0,1,,,1,0,,0,1,1,1,,,,,,
vllm,53772,comparison,open,0,1,,,1,0,,0,1,1,1,,,,,,
vllm,51675,comparison,open,0,1,,,1,0,,0,1,1,1,,,,,,
vllm,51595,comparison,open,0,1,,,1,0,,0,1,0,0,,,,,,
vllm,54351,comparison,open,0,1,,,1,0,,0,1,1,1,,,,,,
vllm,52365,comparison,open,0,1,,,1,0,,0,1,0,0,,,,,,
vllm,52486,comparison,open,0,1,,,1,0,,1,0,0,0,,,,,,
vllm,51691,comparison,open,0,1,,,1,0,,1,0,1,0,,,,,,
vllm,53461,comparison,closed,0,1,,,1,0,,0,1,1,1,,,,,,
vllm,53661,comparison,closed,0,1,,,1,1,0,0,1,0,0,,,,,,
vllm,53588,comparison,closed,0,0,,,1,1,1,0,0,0,1,,,,,,
vllm,53848,comparison,closed,0,1,,,1,1,1,0,1,1,1,,,,,,
vllm,54127,comparison,closed,0,1,,,1,1,0,0,0,0,0,,,,,,
vllm,54188,comparison,closed,0,0,,,1,0,,0,0,0,0,,,,,,
vllm,50919,comparison,closed,0,1,,,1,0,,0,1,0,0,,,,,,
vllm,52840,comparison,merged,1,1,1,1,0,0,,0,1,1,1,1,,,,,
vllm,52851,comparison,merged,1,1,0,0,1,0,,0,0,0,0,0,,,,,
vllm,54492,comparison,merged,1,1,1,1,1,0,,0,1,0,1,1,,,,,
vllm,51655,comparison,merged,1,0,1,1,1,0,,1,0,0,1,1,,,,,
vllm,51896,comparison,merged,1,0,1,1,1,0,,1,0,0,0,1,,,,,
vllm,51729,comparison,merged,1,1,0,0,1,0,,0,0,0,1,1,,,,,
vllm,50713,comparison,merged,1,1,1,1,1,0,,0,0,0,0,1,,,,,
vllm,53571,comparison,open,0,1,,,1,0,,0,1,1,1,,,,,,
vllm,51987,comparison,open,0,0,,,1,1,1,1,0,0,0,,,,,,
vllm,53730,comparison,open,0,1,,,1,0,,0,0,0,0,,,,,,
vllm,51129,comparison,open,0,1,,,1,1,1,1,1,1,1,,,,,,
vllm,50753,comparison,open,0,1,,,1,0,,1,0,0,0,,,,,,
vllm,52876,comparison,open,0,0,,,1,0,,0,0,0,0,,,,,,
vllm,53022,comparison,open,0,1,,,1,0,,0,1,0,0,,,,,,
vllm,51414,comparison,open,0,1,,,1,0,,1,0,0,0,,,,,,
vllm,52883,comparison,open,0,1,,,1,0,,0,1,1,0,,,,,,
vllm,53879,comparison,open,0,1,,,1,0,,1,1,1,1,,,,,,
vllm,52032,comparison,open,0,1,,,1,1,1,0,0,0,0,,,,,,
vllm,53122,comparison,open,0,0,,,1,0,,1,1,1,1,,,,,,
vllm,54024,comparison,open,0,1,,,1,1,1,0,1,1,1,,,,,,
vllm,53769,comparison,open,0,1,,,1,0,,0,1,1,1,,,,,,
vllm,53289,comparison,open,0,0,,,1,1,0,0,0,0,0,,,,,,
vllm,58318,comparison,closed,0,1,,,1,0,,0,0,0,0,,,,,,
vllm,54949,comparison,closed,0,1,,,1,0,,0,1,1,1,,,,,,
vllm,57213,comparison,closed,0,1,,,1,0,,0,1,1,0,,,,,,
vllm,58805,comparison,closed,0,1,,,1,0,,0,0,0,1,,,,,,
vllm,57382,comparison,merged,1,1,1,1,1,0,,0,1,0,0,1,,,,,
vllm,56639,comparison,merged,1,1,1,1,0,0,,1,1,1,0,1,,,,,
vllm,55271,comparison,merged,1,0,1,1,0,0,,0,1,1,1,0,,,,,
vllm,56526,comparison,merged,1,1,1,1,0,0,,0,0,0,0,0,,,,,
vllm,56766,comparison,merged,1,1,0,0,1,0,,0,0,0,0,0,,,,,
vllm,55691,comparison,merged,1,1,1,1,0,0,,0,0,0,0,1,,,,,
vllm,58779,comparison,merged,1,1,1,1,1,0,,1,1,1,1,1,,,,,
vllm,58652,comparison,merged,1,1,1,1,1,0,,0,0,0,0,0,,,,,
vllm,58645,comparison,merged,1,1,0,0,1,0,,0,0,0,0,0,,,,,
vllm,55804,comparison,open,0,1,,,1,0,,0,1,1,1,,,,,,
vllm,57535,comparison,open,0,1,,,1,0,,0,0,0,0,,,,,,
vllm,58048,comparison,open,0,1,,,0,0,,0,1,1,0,,,,,,
vllm,56632,comparison,open,0,1,,,1,0,,0,0,0,0,,,,,,
vllm,58385,comparison,open,0,1,,,1,0,,1,1,1,1,,,,,,
vllm,57901,comparison,open,0,0,,,0,0,,0,0,0,0,,,,,,
vllm,58206,comparison,open,0,1,,,1,0,,0,0,0,0,,,,,,
vllm,58291,comparison,open,0,1,,,1,0,,0,1,1,1,,,,,,
vllm,55851,comparison,open,0,1,,,0,0,,0,0,0,0,,,,,,
vllm,57062,comparison,open,0,1,,,1,0,,0,1,1,1,,,,,,
vllm,56891,comparison,open,0,1,,,1,0,,0,0,0,0,,,,,,
vllm,58309,comparison,open,0,1,,,1,0,,0,1,0,0,,,,,,
vllm,55980,comparison,open,0,1,,,0,0,,0,1,1,1,,,,,,
vllm,54818,comparison,open,0,1,,,0,0,,0,0,0,0,,,,,,
vllm,56923,comparison,open,0,1,,,0,0,,0,1,1,0,,,,,,
vllm,57022,comparison,open,0,1,,,0,0,,0,1,1,1,,,,,,
vllm,56480,comparison,open,0,1,,,1,1,1,0,1,1,1,,,,,,
vllm,56565,comparison,closed,0,1,,,1,0,,0,1,1,1,,,,,,
vllm,58448,comparison,closed,0,1,,,1,0,,0,1,1,1,,,,,,
vllm,56224,comparison,closed,0,1,,,1,0,,0,1,1,1,,,,,,
vllm,58229,comparison,closed,0,1,,,1,0,,0,0,0,0,,,,,,
vllm,57836,comparison,closed,0,1,,,1,0,,0,1,1,0,,,,,,
vllm,58548,comparison,closed,0,1,,,1,0,,0,0,1,0,,,,,,
vllm,55590,comparison,closed,0,1,,,1,1,1,1,1,1,1,,,,,,
vllm,56247,comparison,merged,1,1,1,1,0,0,,0,1,1,1,0,,,,,
vllm,58626,comparison,merged,1,1,1,1,1,0,,1,0,0,0,1,,,,,
vllm,56538,comparison,merged,1,1,1,1,1,0,,0,1,1,1,1,,,,,
vllm,57049,comparison,merged,1,1,1,1,1,0,,0,1,1,1,0,,,,,
vllm,55538,comparison,merged,1,1,1,1,1,1,1,0,0,1,1,1,,,,,
vllm,58393,comparison,merged,1,1,1,1,1,1,1,0,0,0,0,1,,,,,
vllm,57957,comparison,merged,1,1,1,1,1,0,,0,0,0,0,0,,,,,
vllm,58612,comparison,merged,1,1,1,1,1,0,,0,0,0,0,1,,,,,
vllm,58430,comparison,merged,1,1,1,1,1,0,,0,1,1,1,1,,,,,
vllm,57887,comparison,merged,1,1,1,1,1,0,,1,0,0,0,1,,,,,
vllm,55854,comparison,merged,1,1,1,1,1,0,,0,0,0,0,1,,,,,
vllm,55879,comparison,merged,1,1,1,1,1,0,,1,1,0,0,0,,,,,
vllm,58830,comparison,merged,1,1,1,1,1,0,,0,0,0,0,1,,,,,
vllm,55768,comparison,merged,1,1,1,1,0,0,,0,0,0,0,1,,,,,
vllm,55935,comparison,open,0,1,,,1,0,,0,0,0,0,,,,,,
vllm,55115,comparison,open,0,1,,,1,0,,0,1,1,1,,,,,,
vllm,56570,comparison,open,0,1,,,0,1,0,0,0,0,0,,,,,,
vllm,57466,comparison,open,0,0,,,1,0,,0,0,0,0,,,,,,
vllm,56979,comparison,open,0,1,,,1,0,,0,0,0,0,,,,,,
vllm,56780,comparison,open,0,1,,,1,0,,0,0,0,0,,,,,,
vllm,55830,comparison,open,0,1,,,1,0,,0,1,0,0,,,,,,
vllm,57003,comparison,open,0,0,,,1,0,,0,1,1,1,,,,,,
vllm,56053,comparison,open,0,1,,,1,0,,0,0,0,0,,,,,,
vllm,56500,comparison,open,0,1,,,1,0,,1,1,0,0,,,,,,
vllm,55306,comparison,open,0,0,,,1,0,,0,1,1,1,,,,,,
vllm,58623,comparison,open,0,1,,,1,0,,1,0,1,0,,,,,,
vllm,56953,comparison,open,0,1,,,1,0,,1,0,0,0,,,,,,
vllm,57394,comparison,open,0,1,,,1,0,,0,1,1,1,,,,,,
vllm,56814,comparison,open,0,1,,,1,0,,0,0,0,0,,,,,,
vllm,59042,comparison,open,0,1,,,1,1,1,0,1,1,0,,,,,,
vllm,57747,comparison,open,0,1,,,1,1,0,0,1,1,1,,,,,,
vllm,58940,comparison,open,0,0,,,1,0,,0,0,0,1,,,,,,
vllm,54844,comparison,open,0,1,,,1,0,,0,1,1,1,,,,,,
vllm,58775,comparison,open,0,1,,,1,0,,0,0,0,0,,,,,,
vllm,57191,comparison,closed,0,1,,,1,0,,1,1,0,1,,,,,,
vllm,56294,comparison,closed,0,1,,,1,0,,0,0,0,0,,,,,,
vllm,55064,comparison,closed,0,1,,,1,1,1,0,0,0,0,,,,,,
vllm,56752,comparison,closed,0,1,,,1,0,,0,1,1,1,,,,,,
vllm,55930,comparison,closed,0,1,,,1,1,0,0,0,0,0,,,,,,
vllm,56723,comparison,merged,1,1,1,1,1,0,,0,0,0,0,0,,,,,
vllm,56998,comparison,merged,1,1,1,1,1,0,,0,1,1,1,1,,,,,
vllm,57083,comparison,merged,1,1,1,1,0,1,1,0,1,1,1,1,,,,,
vllm,54809,comparison,merged,1,1,1,1,1,1,0,0,1,0,0,0,,,,,
vllm,57205,comparison,merged,1,1,1,1,1,0,,0,0,0,0,0,,,,,
vllm,55624,comparison,merged,1,1,1,1,1,0,,0,1,1,1,1,,,,,
vllm,55781,comparison,open,0,1,,,1,0,,0,1,1,1,,,,,,
vllm,58220,comparison,open,0,1,,,1,1,0,0,1,1,0,,,,,,
vllm,56393,comparison,open,0,1,,,1,0,,0,0,0,0,,,,,,
vllm,57940,comparison,open,0,1,,,1,0,,0,0,0,1,,,,,,
vllm,58948,comparison,open,0,0,,,1,0,,0,1,1,1,,,,,,
vllm,55589,comparison,open,0,1,,,1,0,,1,1,0,1,,,,,,
vllm,55374,comparison,open,0,1,,,1,0,,0,1,0,0,,,,,,
vllm,55489,comparison,open,0,1,,,1,0,,0,1,1,1,,,,,,
vllm,57622,comparison,open,0,1,,,1,0,,1,1,1,0,,,,,,
vllm,57854,comparison,open,0,1,,,1,0,,0,1,1,1,,,,,,
vllm,54810,comparison,open,0,1,,,1,0,,0,1,1,0,,,,,,
vllm,58198,comparison,open,0,1,,,1,0,,1,1,1,1,,,,,,
vllm,57063,comparison,open,0,1,,,1,1,1,0,0,0,0,,,,,,
vllm,56523,comparison,open,0,1,,,1,1,1,0,1,0,0,,,,,,
vllm,55219,comparison,open,0,1,,,1,1,1,0,1,1,1,,,,,,
vllm,55053,comparison,open,0,1,,,1,0,,1,0,0,0,,,,,,
vllm,55335,comparison,open,0,1,,,1,0,,1,1,1,1,,,,,,
vllm,56364,comparison,open,0,1,,,1,0,,0,1,1,1,,,,,,
vllm,56963,comparison,open,0,1,,,1,0,,0,1,1,1,,,,,,
vllm,58642,comparison,open,0,1,,,1,0,,0,1,1,1,,,,,,
vllm,56920,comparison,open,0,1,,,1,0,,0,0,0,1,,,,,,
vllm,55089,comparison,open,0,1,,,1,0,,0,1,1,1,,,,,,
vllm,54830,comparison,open,0,1,,,1,0,,0,0,0,0,,,,,,
vllm,58812,comparison,open,0,1,,,1,0,,0,1,1,1,,,,,,
vllm,56859,comparison,open,0,1,,,1,0,,1,1,1,1,,,,,,
vllm,55967,comparison,open,0,1,,,0,1,0,0,0,0,0,,,,,,
vllm,55275,comparison,open,0,1,,,1,0,,1,1,1,0,,,,,,
vllm,56331,comparison,open,0,1,,,1,0,,0,1,1,1,,,,,,
sglang,11400,performance,closed,0,0,,,1,1,1,1,,,,,1,0,,0,
sglang,11920,performance,closed,0,1,,,0,0,,0,,,,,0,0,,0,
sglang,12160,performance,closed,0,1,,,1,1,0,1,,,,,1,1,,0,
sglang,11484,performance,closed,0,1,,,0,1,1,1,,,,,1,1,,0,
sglang,11150,performance,closed,0,1,,,0,0,,1,,,,,0,0,,0,
sglang,12370,performance,closed,0,0,,,0,0,,0,,,,,0,0,,0,
sglang,13025,performance,closed,0,0,,,0,0,,0,,,,,1,0,,0,
sglang,13083,performance,closed,0,0,,,1,0,,0,,,,,0,0,,0,
sglang,13778,performance,closed,0,0,,,0,1,0,0,,,,,0,0,,0,
sglang,13964,performance,closed,0,1,,,0,0,,1,,,,,1,1,,0,
sglang,12768,performance,closed,0,1,,,1,0,,1,,,,,0,1,,0,
sglang,12790,performance,closed,0,0,,,0,0,,1,,,,,0,0,,0,
sglang,13193,performance,closed,0,0,,,0,0,,1,,,,,0,0,,0,
sglang,13546,performance,closed,0,1,,,0,0,,0,,,,,0,0,,0,
sglang,13023,performance,closed,0,0,,,1,0,,1,,,,,0,1,,0,
sglang,12542,performance,closed,0,0,,,1,0,,0,,,,,1,1,,0,
sglang,15305,performance,closed,0,1,,,0,0,,0,,,,,0,0,,0,
sglang,16135,performance,closed,0,1,,,0,0,,1,,,,,0,1,,0,
sglang,15546,performance,closed,0,1,,,0,0,,1,,,,,0,0,,0,
sglang,14289,performance,closed,0,1,,,1,1,1,1,,,,,1,0,,1,0
sglang,15623,performance,closed,0,0,,,1,1,1,1,,,,,0,0,,0,
sglang,15103,performance,closed,0,0,,,0,0,,1,,,,,1,1,,0,
sglang,14952,performance,closed,0,1,,,1,1,1,0,,,,,0,1,,1,0
sglang,15380,performance,closed,0,1,,,0,1,0,0,,,,,0,0,,1,0
sglang,15729,performance,closed,0,1,,,1,0,,0,,,,,0,0,,0,
sglang,14567,performance,closed,0,0,,,0,1,0,1,,,,,0,0,,0,
sglang,15383,performance,closed,0,0,,,0,0,,0,,,,,0,0,,0,
sglang,15208,performance,closed,0,1,,,1,1,0,0,,,,,0,1,,1,0
sglang,15521,performance,closed,0,1,,,0,0,,1,,,,,0,0,,0,
sglang,15872,performance,closed,0,1,,,0,0,,1,,,,,1,1,,0,
sglang,15559,performance,closed,0,0,,,0,1,0,0,,,,,0,0,,0,
sglang,14540,performance,closed,0,1,,,0,0,,1,,,,,0,1,,0,
sglang,16112,performance,closed,0,0,,,0,1,0,1,,,,,0,1,,0,
sglang,15315,performance,closed,0,1,,,1,1,0,0,,,,,1,1,,1,0
sglang,14593,performance,closed,0,0,,,0,0,,1,,,,,0,0,,0,
sglang,14809,performance,closed,0,0,,,0,1,1,1,,,,,1,1,,1,0
sglang,16210,performance,closed,0,1,,,0,0,,1,,,,,1,0,,0,
sglang,17243,performance,closed,0,0,,,0,0,,0,,,,,0,1,,0,
sglang,17161,performance,closed,0,1,,,0,0,,0,,,,,1,1,,0,
sglang,16517,performance,closed,0,0,,,0,0,,1,,,,,1,0,,0,
sglang,17164,performance,closed,0,1,,,0,0,,1,,,,,1,1,,0,
sglang,16646,performance,closed,0,1,,,0,0,,1,,,,,0,0,,0,
sglang,17208,performance,closed,0,1,,,0,0,,1,,,,,0,0,,0,
sglang,17337,performance,closed,0,1,,,0,1,0,1,,,,,1,0,,0,
sglang,17202,performance,closed,0,1,,,0,0,,1,,,,,0,0,,0,
sglang,17773,performance,closed,0,1,,,0,1,1,1,,,,,0,0,,0,
sglang,17562,performance,closed,0,0,,,0,0,,0,,,,,0,1,,0,
sglang,17112,performance,closed,0,0,,,0,1,0,0,,,,,0,0,,1,0
sglang,17594,performance,closed,0,0,,,0,0,,0,,,,,0,0,,0,
sglang,17531,performance,closed,0,0,,,1,0,,0,,,,,0,0,,0,
sglang,17488,performance,closed,0,1,,,0,0,,0,,,,,0,0,,0,
sglang,16485,performance,closed,0,1,,,0,0,,1,,,,,1,1,,0,
sglang,17772,performance,closed,0,1,,,0,1,0,1,,,,,0,0,,0,
sglang,16705,performance,closed,0,1,,,0,0,,0,,,,,1,1,,0,
sglang,18015,performance,closed,0,1,,,0,0,,1,,,,,0,0,,0,
sglang,18326,performance,closed,0,1,,,1,1,0,1,,,,,0,0,,0,
sglang,19021,performance,closed,0,0,,,0,0,,1,,,,,1,1,,0,
sglang,19260,performance,closed,0,1,,,1,1,1,1,,,,,0,0,,1,0
sglang,19111,performance,closed,0,1,,,1,1,0,1,,,,,0,1,,1,0
sglang,18525,performance,closed,0,1,,,0,0,,0,,,,,1,0,,0,
sglang,19066,performance,closed,0,1,,,1,0,,1,,,,,0,0,,0,
sglang,18968,performance,closed,0,0,,,1,1,0,1,,,,,1,1,,1,1
sglang,18497,performance,closed,0,0,,,0,0,,0,,,,,1,0,,0,
sglang,18969,performance,closed,0,0,,,0,1,0,0,,,,,0,1,,0,
sglang,18324,performance,closed,0,0,,,0,0,,1,,,,,0,0,,0,
sglang,18387,performance,closed,0,1,,,0,1,0,1,,,,,0,0,,0,
sglang,18082,performance,closed,0,0,,,0,0,,1,,,,,0,0,,0,
sglang,18167,performance,closed,0,1,,,0,0,,1,,,,,0,0,,0,
sglang,21056,performance,closed,0,1,,,1,0,,0,,,,,1,1,,0,
sglang,20943,performance,closed,0,1,,,0,1,0,1,,,,,0,0,,1,0
sglang,19788,performance,closed,0,1,,,1,0,,0,,,,,1,1,,0,
sglang,20074,performance,closed,0,1,,,0,0,,1,,,,,0,0,,0,
sglang,20434,performance,closed,0,1,,,0,0,,0,,,,,0,0,,0,
sglang,20347,performance,closed,0,1,,,0,0,,0,,,,,0,0,,0,
sglang,21043,performance,closed,0,0,,,1,1,0,1,,,,,0,0,,1,0
sglang,20549,performance,closed,0,1,,,0,1,0,1,,,,,1,0,,0,
sglang,19651,performance,closed,0,0,,,0,0,,0,,,,,0,0,,0,
sglang,20527,performance,closed,0,1,,,0,1,1,0,,,,,1,1,,0,
sglang,20429,performance,closed,0,1,,,0,1,0,0,,,,,0,0,,0,
sglang,21617,performance,closed,0,0,,,1,1,1,1,,,,,0,0,,0,
sglang,20385,performance,closed,0,0,,,0,1,0,1,,,,,0,0,,0,
sglang,20445,performance,closed,0,0,,,0,0,,0,,,,,0,0,,0,
sglang,20117,performance,closed,0,1,,,1,1,1,0,,,,,1,1,,0,
sglang,21592,performance,closed,0,0,,,1,0,,0,,,,,0,0,,0,
sglang,21462,performance,closed,0,1,,,0,0,,1,,,,,0,0,,0,
sglang,20582,performance,closed,0,0,,,0,0,,1,,,,,0,1,,0,
sglang,21476,performance,closed,0,1,,,0,0,,1,,,,,1,1,,0,
sglang,20023,performance,closed,0,1,,,0,1,0,1,,,,,1,0,,0,
sglang,19623,performance,closed,0,1,,,0,0,,1,,,,,1,0,,0,
sglang,19958,performance,closed,0,1,,,1,1,1,1,,,,,1,1,,0,
sglang,20115,performance,closed,0,1,,,0,0,,0,,,,,0,0,,0,
sglang,20781,performance,closed,0,1,,,0,0,,0,,,,,0,0,,0,
sglang,22968,performance,closed,0,1,,,0,1,0,0,,,,,1,0,,1,0
sglang,22542,performance,closed,0,1,,,1,0,,1,,,,,0,0,,0,
sglang,22339,performance,closed,0,0,,,0,0,,1,,,,,0,1,,0,
sglang,22209,performance,closed,0,1,,,1,0,,1,,,,,1,0,,0,
sglang,23135,performance,closed,0,1,,,1,1,1,1,,,,,1,1,,0,
sglang,23770,performance,closed,0,1,,,0,0,,1,,,,,0,0,,0,
sglang,22861,performance,closed,0,1,,,0,0,,1,,,,,0,0,,0,
sglang,21941,performance,closed,0,1,,,0,0,,0,,,,,1,0,,0,
sglang,22039,performance,closed,0,1,,,0,0,,0,,,,,0,0,,0,
sglang,22415,performance,closed,0,1,,,0,0,,1,,,,,0,0,,0,
sglang,21962,performance,closed,0,1,,,1,0,,1,,,,,1,0,,0,
sglang,23830,performance,closed,0,0,,,1,0,,0,,,,,0,0,,0,
sglang,22488,performance,closed,0,0,,,1,1,1,1,,,,,1,1,,0,
sglang,22325,performance,closed,0,1,,,0,1,0,1,,,,,0,0,,0,
sglang,22313,performance,closed,0,1,,,0,1,0,0,,,,,0,0,,0,
sglang,22392,performance,closed,0,0,,,0,1,0,1,,,,,0,0,,1,0
sglang,22048,performance,closed,0,0,,,1,1,1,1,,,,,1,1,,0,
sglang,23011,performance,closed,0,1,,,0,0,,1,,,,,0,0,,0,
sglang,21951,performance,closed,0,0,,,1,0,,1,,,,,0,1,,0,
sglang,24098,performance,closed,0,0,,,1,1,1,1,,,,,0,0,,1,0
sglang,21870,performance,closed,0,0,,,1,1,1,1,,,,,0,0,,0,
sglang,21889,performance,closed,0,1,,,0,0,,1,,,,,1,1,,0,
sglang,24041,performance,closed,0,0,,,1,1,0,1,,,,,1,0,,0,
sglang,24009,performance,closed,0,0,,,0,1,1,1,,,,,0,0,,0,
sglang,21862,performance,closed,0,1,,,1,0,,1,,,,,1,1,,0,
sglang,22410,performance,closed,0,1,,,0,1,0,1,,,,,0,1,,0,
sglang,22805,performance,closed,0,1,,,0,0,,1,,,,,1,1,,0,
sglang,26407,performance,closed,0,1,,,0,0,,0,,,,,0,0,,0,
sglang,24471,performance,closed,0,1,,,0,0,,0,,,,,0,0,,0,
sglang,25222,performance,closed,0,0,,,0,1,0,0,,,,,0,0,,0,
sglang,25400,performance,closed,0,1,,,0,0,,1,,,,,1,1,,0,
sglang,26488,performance,closed,0,1,,,0,0,,1,,,,,0,0,,0,
sglang,24541,performance,closed,0,1,,,0,0,,1,,,,,1,1,,0,
sglang,24669,performance,closed,0,0,,,0,0,,1,,,,,1,1,,0,
sglang,25850,performance,closed,0,1,,,0,0,,0,,,,,0,0,,0,
sglang,26770,performance,closed,0,1,,,0,1,1,0,,,,,0,0,,0,
sglang,26568,performance,closed,0,0,,,1,0,,1,,,,,1,0,,0,
sglang,25659,performance,closed,0,0,,,1,1,1,1,,,,,0,0,,1,0
sglang,25096,performance,closed,0,0,,,1,1,0,1,,,,,1,1,,0,
sglang,26582,performance,closed,0,1,,,0,1,0,1,,,,,1,0,,1,0
sglang,25313,performance,closed,0,0,,,0,0,,1,,,,,1,1,,0,
sglang,26226,performance,closed,0,1,,,0,0,,1,,,,,0,0,,0,
sglang,25470,performance,closed,0,1,,,1,1,1,0,,,,,1,1,,0,
sglang,25788,performance,closed,0,1,,,0,1,1,1,,,,,0,0,,0,
sglang,26027,performance,closed,0,0,,,0,0,,0,,,,,0,0,,0,
sglang,25140,performance,closed,0,1,,,1,0,,1,,,,,0,0,,0,
sglang,25785,performance,closed,0,0,,,0,1,0,0,,,,,0,0,,0,
sglang,24672,performance,closed,0,1,,,0,1,0,1,,,,,1,1,,0,
sglang,26703,performance,closed,0,0,,,1,0,,1,,,,,1,1,,0,
sglang,24909,performance,closed,0,1,,,1,1,0,0,,,,,0,0,,0,
sglang,26697,performance,closed,0,1,,,0,0,,0,,,,,0,0,,0,
sglang,25841,performance,closed,0,0,,,1,0,,0,,,,,0,0,,0,
sglang,24733,performance,closed,0,1,,,1,1,1,1,,,,,0,0,,0,
sglang,25382,performance,closed,0,1,,,0,0,,0,,,,,0,0,,0,
sglang,25970,performance,closed,0,0,,,0,0,,1,,,,,1,1,,0,
sglang,24211,performance,closed,0,1,,,0,1,0,0,,,,,0,0,,0,
sglang,24822,performance,closed,0,1,,,0,1,1,1,,,,,1,1,,0,
sglang,26552,performance,closed,0,1,,,0,1,0,1,,,,,1,0,,0,
sglang,25482,performance,closed,0,0,,,1,1,1,1,,,,,1,1,,0,
sglang,25696,performance,closed,0,0,,,1,1,0,1,,,,,0,0,,0,
sglang,29273,performance,closed,0,0,,,0,1,1,1,,,,,0,0,,0,
sglang,27301,performance,closed,0,1,,,0,0,,1,,,,,1,1,,0,
sglang,28014,performance,closed,0,1,,,0,0,,0,,,,,0,0,,0,
sglang,26989,performance,closed,0,1,,,1,0,,1,,,,,0,1,,0,
sglang,29706,performance,closed,0,1,,,1,0,,1,,,,,0,0,,0,
sglang,28844,performance,closed,0,1,,,1,1,1,1,,,,,1,0,,0,
sglang,29437,performance,closed,0,1,,,0,1,1,1,,,,,1,0,,0,
sglang,28961,performance,closed,0,1,,,0,1,0,1,,,,,1,0,,0,
sglang,26892,performance,closed,0,0,,,1,0,,1,,,,,1,1,,0,
sglang,28944,performance,closed,0,1,,,1,1,0,1,,,,,0,0,,0,
sglang,28339,performance,closed,0,0,,,1,1,1,1,,,,,0,0,,0,
sglang,28839,performance,closed,0,1,,,1,1,1,1,,,,,1,0,,0,
sglang,29176,performance,closed,0,0,,,0,1,1,1,,,,,0,0,,0,
sglang,26899,performance,closed,0,1,,,0,1,1,1,,,,,0,0,,0,
sglang,27254,performance,closed,0,0,,,0,0,,1,,,,,1,0,,0,
sglang,29401,performance,closed,0,1,,,0,1,0,0,,,,,0,0,,0,
sglang,27734,performance,closed,0,1,,,0,0,,1,,,,,1,1,,0,
sglang,28065,performance,closed,0,0,,,0,0,,1,,,,,0,0,,0,
sglang,27117,performance,closed,0,1,,,0,1,0,1,,,,,0,0,,0,
sglang,27177,performance,closed,0,1,,,0,0,,0,,,,,0,0,,0,
sglang,27979,performance,closed,0,1,,,0,0,,1,,,,,0,0,,0,
sglang,27112,performance,closed,0,0,,,0,1,0,0,,,,,0,1,,0,
sglang,29315,performance,closed,0,1,,,1,0,,1,,,,,0,0,,0,
sglang,29564,performance,closed,0,0,,,0,0,,0,,,,,0,0,,0,
sglang,27498,performance,closed,0,1,,,1,1,1,0,,,,,1,1,,0,
sglang,27176,performance,closed,0,1,,,0,0,,1,,,,,0,0,,0,
sglang,27818,performance,closed,0,1,,,1,1,1,1,,,,,0,1,,0,
sglang,27178,performance,closed,0,1,,,0,1,1,1,,,,,0,0,,0,
sglang,28145,performance,closed,0,1,,,0,1,1,1,,,,,0,0,,0,
sglang,27389,performance,closed,0,1,,,0,0,,0,,,,,1,1,,0,
sglang,28892,performance,closed,0,1,,,1,0,,1,,,,,1,1,,0,
sglang,28057,performance,closed,0,1,,,0,0,,1,,,,,1,1,,0,
sglang,29399,performance,closed,0,1,,,1,1,1,1,,,,,1,0,,0,
sglang,28164,performance,closed,0,1,,,0,0,,1,,,,,0,0,,0,
sglang,27263,performance,closed,0,1,,,0,1,1,1,,,,,0,0,,0,
sglang,27791,performance,closed,0,0,,,0,0,,0,,,,,1,1,,0,
sglang,29164,performance,closed,0,1,,,1,0,,1,,,,,0,0,,0,
sglang,29513,performance,closed,0,1,,,1,1,1,0,,,,,0,0,,0,
sglang,27207,performance,closed,0,1,,,1,0,,1,,,,,0,1,,0,
sglang,27809,performance,closed,0,0,,,0,0,,1,,,,,1,0,,0,
sglang,27547,performance,closed,0,1,,,0,0,,1,,,,,1,0,,0,
sglang,28274,performance,closed,0,1,,,0,0,,1,,,,,1,1,,0,
sglang,28303,performance,closed,0,1,,,0,0,,1,,,,,0,0,,0,
sglang,28552,performance,closed,0,0,,,0,0,,1,,,,,0,1,,0,
sglang,28880,performance,closed,0,0,,,1,1,0,0,,,,,0,0,,1,0
sglang,30958,performance,closed,0,1,,,0,1,0,1,,,,,0,0,,0,
sglang,32767,performance,closed,0,1,,,1,0,,1,,,,,1,1,,0,
sglang,30382,performance,closed,0,1,,,1,0,,0,,,,,0,0,,0,
sglang,32851,performance,closed,0,1,,,1,1,1,1,,,,,0,0,,0,
sglang,32624,performance,closed,0,0,,,1,1,1,1,,,,,1,1,,0,
sglang,32645,performance,closed,0,1,,,1,1,1,1,,,,,0,0,,0,
sglang,32975,performance,closed,0,0,,,1,1,0,1,,,,,0,0,,0,
sglang,31836,performance,closed,0,1,,,1,1,0,1,,,,,0,0,,0,
sglang,29847,performance,closed,0,1,,,1,1,0,0,,,,,0,0,,0,
sglang,32265,performance,closed,0,1,,,0,0,,1,,,,,0,0,,0,
sglang,31676,performance,closed,0,0,,,1,1,1,0,,,,,1,1,,0,
sglang,31851,performance,closed,0,1,,,1,1,1,1,,,,,1,1,,0,
sglang,31683,performance,closed,0,1,,,1,1,1,0,,,,,0,0,,1,0
sglang,32615,performance,closed,0,0,,,1,0,,0,,,,,0,0,,0,
sglang,29922,performance,closed,0,1,,,1,1,1,1,,,,,1,0,,0,
sglang,30258,performance,closed,0,1,,,0,0,,0,,,,,0,0,,0,
sglang,33073,performance,closed,0,1,,,1,1,1,1,,,,,0,0,,0,
sglang,32870,performance,closed,0,1,,,0,1,1,1,,,,,1,1,,0,
sglang,29826,performance,closed,0,1,,,0,1,0,1,,,,,0,0,,0,
sglang,33060,performance,closed,0,1,,,1,1,1,1,,,,,0,0,,0,
sglang,31852,performance,closed,0,0,,,1,0,,1,,,,,0,0,,0,
sglang,31497,performance,closed,0,0,,,1,1,1,0,,,,,0,0,,0,
sglang,29803,performance,closed,0,1,,,1,1,1,1,,,,,0,0,,0,
sglang,31329,performance,closed,0,1,,,1,1,0,1,,,,,0,0,,0,
sglang,32811,performance,closed,0,1,,,1,1,0,1,,,,,0,0,,0,
sglang,31718,performance,closed,0,1,,,1,1,0,0,,,,,0,0,,1,0
sglang,31322,performance,closed,0,1,,,0,0,,0,,,,,0,0,,0,
sglang,30198,performance,closed,0,0,,,1,1,1,1,,,,,0,0,,0,
sglang,31493,performance,closed,0,0,,,0,1,1,1,,,,,0,0,,0,
sglang,30807,performance,closed,0,1,,,1,1,1,1,,,,,0,0,,0,
sglang,37010,performance,closed,0,1,,,0,1,0,1,,,,,0,0,,0,
sglang,33297,performance,closed,0,0,,,1,1,1,1,,,,,0,0,,0,
sglang,33416,performance,closed,0,0,,,0,0,,1,,,,,1,1,,0,
sglang,33302,performance,closed,0,1,,,0,1,1,1,,,,,1,1,,0,
sglang,37117,performance,closed,0,1,,,1,1,1,1,,,,,0,0,,0,
sglang,35422,performance,closed,0,0,,,0,1,1,1,,,,,1,1,,0,
sglang,33647,performance,closed,0,1,,,1,1,1,1,,,,,0,0,,0,
sglang,34469,performance,closed,0,1,,,0,1,1,1,,,,,0,0,,0,
sglang,33209,performance,closed,0,0,,,1,0,,1,,,,,0,1,,0,
sglang,33957,performance,closed,0,1,,,1,1,1,0,,,,,1,1,,0,
sglang,37104,performance,closed,0,0,,,1,0,,1,,,,,0,0,,0,
sglang,35276,performance,closed,0,0,,,1,0,,0,,,,,1,1,,0,
sglang,33216,performance,closed,0,0,,,1,1,0,1,,,,,0,0,,1,0
sglang,34841,performance,closed,0,1,,,1,0,,1,,,,,0,0,,0,
sglang,33947,performance,closed,0,0,,,1,0,,1,,,,,0,0,,0,
sglang,37056,performance,closed,0,1,,,1,1,1,1,,,,,1,1,,0,
sglang,33907,performance,closed,0,1,,,1,0,,1,,,,,0,0,,0,
sglang,36043,performance,closed,0,1,,,1,1,1,1,,,,,1,1,,0,
sglang,37196,performance,closed,0,1,,,1,0,,0,,,,,0,0,,0,
sglang,34784,performance,closed,0,1,,,1,1,1,1,,,,,1,1,,0,
sglang,34307,performance,closed,0,1,,,1,1,1,1,,,,,0,0,,0,
sglang,34255,performance,closed,0,1,,,1,0,,1,,,,,0,0,,0,
sglang,33342,performance,closed,0,1,,,0,0,,0,,,,,0,0,,0,
sglang,36629,performance,closed,0,1,,,1,0,,0,,,,,0,0,,0,
sglang,34554,performance,closed,0,1,,,1,0,,1,,,,,1,1,,0,
sglang,33971,performance,closed,0,1,,,1,0,,1,,,,,1,1,,0,
sglang,33972,performance,closed,0,1,,,1,1,1,1,,,,,1,1,,0,
sglang,40146,performance,closed,0,1,,,0,1,1,1,,,,,1,1,,0,
sglang,37902,performance,closed,0,1,,,1,1,1,1,,,,,1,1,,0,
sglang,38852,performance,closed,0,1,,,1,1,1,0,,,,,1,1,,0,
sglang,38131,performance,closed,0,0,,,0,0,,1,,,,,0,0,,0,
sglang,39045,performance,closed,0,1,,,1,1,1,1,,,,,0,0,,0,
sglang,40207,performance,closed,0,1,,,0,1,1,1,,,,,1,1,,0,
sglang,39301,performance,closed,0,1,,,1,1,0,1,,,,,0,0,,0,
sglang,39041,performance,closed,0,1,,,1,1,1,0,,,,,0,0,,1,0
sglang,39198,performance,closed,0,1,,,0,1,0,0,,,,,0,0,,0,
sglang,39397,performance,closed,0,1,,,0,1,1,1,,,,,0,0,,0,
sglang,39179,performance,closed,0,1,,,1,0,,1,,,,,1,1,,0,
sglang,38254,performance,closed,0,1,,,0,0,,0,,,,,0,0,,0,
sglang,39248,performance,closed,0,1,,,1,0,,0,,,,,0,0,,0,
sglang,40918,performance,closed,0,1,,,1,1,1,1,,,,,1,1,,0,
sglang,40350,performance,closed,0,0,,,1,0,,1,,,,,1,1,,0,
sglang,39187,performance,closed,0,1,,,0,1,1,1,,,,,0,0,,0,
sglang,39761,performance,closed,0,1,,,0,1,0,1,,,,,1,1,,0,
sglang,38200,performance,closed,0,1,,,0,0,,0,,,,,1,1,,0,
sglang,38168,performance,closed,0,1,,,0,1,0,1,,,,,0,0,,0,
sglang,39221,performance,closed,0,1,,,1,0,,1,,,,,1,1,,0,
sglang,39057,performance,closed,0,1,,,1,1,0,0,,,,,1,0,,0,
sglang,38392,performance,closed,0,0,,,1,0,,1,,,,,0,0,,0,
sglang,41086,performance,closed,0,1,,,0,0,,0,,,,,1,1,,0,
sglang,39944,performance,closed,0,1,,,1,1,1,1,,,,,0,1,,1,0
sglang,38674,performance,closed,0,1,,,1,1,1,1,,,,,1,1,,0,
sglang,37957,performance,closed,0,0,,,0,1,0,1,,,,,0,0,,0,
sglang,40189,performance,closed,0,1,,,1,1,1,1,,,,,1,1,,0,
sglang,39969,performance,closed,0,1,,,1,0,,0,,,,,0,0,,0,
sglang,39903,performance,closed,0,1,,,1,0,,1,,,,,1,1,,0,
sglang,38476,performance,closed,0,1,,,1,0,,1,,,,,1,1,,0,
sglang,37396,performance,closed,0,1,,,1,1,1,0,,,,,0,0,,0,
sglang,39350,performance,closed,0,1,,,0,0,,1,,,,,0,1,,0,
sglang,11563,performance,merged,1,1,1,1,0,1,0,0,,,,,1,1,1,0,
sglang,11816,performance,merged,1,0,1,1,0,1,0,1,,,,,1,0,1,0,
sglang,11565,performance,merged,1,1,1,1,0,0,,1,,,,,1,1,1,0,
sglang,11730,performance,merged,1,0,1,1,0,1,0,1,,,,,0,1,0,0,
sglang,12307,performance,merged,1,0,1,1,0,0,,0,,,,,1,1,1,0,
sglang,12239,performance,merged,1,1,1,1,0,0,,0,,,,,0,0,1,0,
sglang,11221,performance,merged,1,1,0,0,0,0,,0,,,,,0,0,1,0,
sglang,12080,performance,merged,1,1,1,1,0,1,0,0,,,,,0,0,1,1,0
sglang,12294,performance,merged,1,1,1,1,0,0,,1,,,,,1,1,1,0,
sglang,11611,performance,merged,1,0,1,1,0,1,0,0,,,,,0,0,1,0,
sglang,12435,performance,merged,1,0,1,1,0,0,,1,,,,,1,1,1,0,
sglang,11482,performance,merged,1,1,1,1,0,0,,1,,,,,0,0,1,0,
sglang,11874,performance,merged,1,0,1,1,0,0,,0,,,,,1,0,1,0,
sglang,11637,performance,merged,1,0,0,0,0,1,1,1,,,,,0,0,0,0,
sglang,11398,performance,merged,1,0,0,0,1,1,0,1,,,,,0,0,1,0,
sglang,12066,performance,merged,1,1,1,1,1,0,,0,,,,,0,0,1,0,
sglang,11432,performance,merged,1,1,0,1,1,1,0,1,,,,,1,1,1,1,1
sglang,12094,performance,merged,1,0,1,1,0,0,,1,,,,,1,1,1,0,
sglang,12199,performance,merged,1,1,1,1,0,0,,0,,,,,0,0,1,0,
sglang,11917,performance,merged,1,1,1,1,1,0,,1,,,,,1,1,1,0,
sglang,13049,performance,merged,1,0,1,1,1,1,0,1,,,,,1,1,1,1,1
sglang,13747,performance,merged,1,1,1,1,1,1,1,1,,,,,1,1,1,0,
sglang,13587,performance,merged,1,1,1,1,0,1,0,1,,,,,0,0,1,0,
sglang,13798,performance,merged,1,1,1,1,1,1,1,1,,,,,1,1,1,0,
sglang,13087,performance,merged,1,1,1,1,1,1,0,0,,,,,0,0,1,1,0
sglang,13199,performance,merged,1,1,0,0,0,0,,1,,,,,0,0,1,0,
sglang,13592,performance,merged,1,1,1,1,0,0,,0,,,,,0,1,1,0,
sglang,14044,performance,merged,1,1,0,0,0,0,,1,,,,,1,0,1,0,
sglang,12692,performance,merged,1,1,0,0,1,0,,1,,,,,1,1,1,0,
sglang,13334,performance,merged,1,1,1,1,0,0,,0,,,,,0,0,1,0,
sglang,13455,performance,merged,1,0,0,0,0,1,0,0,,,,,0,0,1,0,
sglang,12888,performance,merged,1,0,0,0,0,1,0,1,,,,,0,0,1,1,0
sglang,13596,performance,merged,1,1,1,1,1,1,1,0,,,,,0,0,1,1,0
sglang,13977,performance,merged,1,0,0,0,0,0,,1,,,,,0,0,1,0,
sglang,12787,performance,merged,1,1,1,1,0,0,,1,,,,,0,1,1,0,
sglang,12660,performance,merged,1,0,1,1,0,0,,1,,,,,0,0,1,0,
sglang,12491,performance,merged,1,1,1,1,0,0,,0,,,,,1,0,1,0,
sglang,13466,performance,merged,1,1,1,1,0,0,,1,,,,,0,0,1,0,
sglang,13617,performance,merged,1,1,1,1,0,0,,1,,,,,1,1,1,0,
sglang,12921,performance,merged,1,1,1,1,0,1,0,1,,,,,1,1,1,1,0
sglang,13102,performance,merged,1,1,1,1,1,1,0,0,,,,,1,0,1,0,
sglang,13873,performance,merged,1,0,1,1,0,1,0,1,,,,,1,1,1,0,
sglang,13453,performance,merged,1,1,0,1,0,1,0,1,,,,,0,1,1,0,
sglang,14036,performance,merged,1,1,1,1,1,1,1,0,,,,,0,0,1,1,0
sglang,13705,performance,merged,1,1,1,1,0,1,0,1,,,,,1,1,1,0,
sglang,13603,performance,merged,1,1,1,1,0,0,,1,,,,,1,1,1,0,
sglang,13731,performance,merged,1,1,0,0,1,1,1,1,,,,,1,0,1,1,0
sglang,15888,performance,merged,1,1,1,1,0,0,,0,,,,,1,0,1,0,
sglang,15812,performance,merged,1,1,1,1,0,1,0,1,,,,,0,0,1,0,
sglang,16043,performance,merged,1,0,1,1,1,1,0,1,,,,,0,0,1,0,
sglang,15712,performance,merged,1,0,1,1,0,1,0,1,,,,,1,1,1,0,
sglang,15836,performance,merged,1,1,1,1,1,1,0,0,,,,,0,0,1,0,
sglang,15640,performance,merged,1,1,1,1,0,0,,1,,,,,1,1,1,0,
sglang,14422,performance,merged,1,1,1,1,1,0,,1,,,,,0,1,1,0,
sglang,15040,performance,merged,1,1,1,1,0,0,,1,,,,,1,1,1,0,
sglang,15347,performance,merged,1,0,1,1,1,1,0,1,,,,,1,1,1,0,
sglang,16040,performance,merged,1,0,0,0,0,1,0,0,,,,,0,0,1,1,0
sglang,14644,performance,merged,1,1,1,1,0,0,,0,,,,,1,1,1,0,
sglang,14572,performance,merged,1,1,1,1,0,0,,0,,,,,1,1,1,0,
sglang,14956,performance,merged,1,1,1,1,0,0,,0,,,,,1,0,1,0,
sglang,15896,performance,merged,1,1,1,1,0,0,,1,,,,,0,0,1,0,
sglang,14906,performance,merged,1,1,1,1,0,0,,1,,,,,0,0,1,0,
sglang,15087,performance,merged,1,1,0,0,0,0,,0,,,,,0,0,0,0,
sglang,15141,performance,merged,1,1,1,1,1,1,1,0,,,,,1,0,1,1,0
sglang,16062,performance,merged,1,1,1,1,0,0,,1,,,,,0,0,1,0,
sglang,15168,performance,merged,1,1,0,0,0,1,0,0,,,,,0,0,1,1,0
sglang,14717,performance,merged,1,1,1,1,1,1,1,1,,,,,0,0,1,0,
sglang,14736,performance,merged,1,1,1,1,0,1,0,0,,,,,1,0,1,0,
sglang,14505,performance,merged,1,1,1,1,0,0,,1,,,,,0,0,1,0,
sglang,15316,performance,merged,1,1,0,0,0,0,,0,,,,,0,0,1,0,
sglang,15569,performance,merged,1,0,1,1,0,1,0,0,,,,,0,0,0,0,
sglang,15464,performance,merged,1,0,1,1,0,0,,1,,,,,1,1,1,0,
sglang,15009,performance,merged,1,0,1,1,0,0,,1,,,,,0,1,1,0,
sglang,15948,performance,merged,1,0,0,0,0,1,0,0,,,,,0,0,0,0,
sglang,14758,performance,merged,1,1,0,0,0,0,,1,,,,,0,0,1,0,
sglang,14658,performance,merged,1,1,0,0,0,0,,0,,,,,0,0,1,0,
sglang,14416,performance,merged,1,0,1,1,0,0,,1,,,,,1,1,0,0,
sglang,15835,performance,merged,1,1,1,1,1,1,1,1,,,,,0,1,1,0,
sglang,14793,performance,merged,1,1,0,0,0,0,,1,,,,,0,0,1,0,
sglang,17883,performance,merged,1,1,0,0,1,1,0,1,,,,,0,0,1,0,
sglang,16878,performance,merged,1,0,0,0,0,0,,0,,,,,0,0,1,0,
sglang,16720,performance,merged,1,1,1,1,0,0,,0,,,,,0,0,1,0,
sglang,17387,performance,merged,1,1,0,0,0,0,,1,,,,,0,1,1,0,
sglang,16879,performance,merged,1,1,0,1,1,1,0,1,,,,,0,0,1,1,0
sglang,17575,performance,merged,1,1,0,0,0,0,,1,,,,,0,1,0,0,
sglang,17891,performance,merged,1,1,1,1,0,1,0,1,,,,,0,1,0,0,
sglang,17654,performance,merged,1,0,1,1,0,0,,1,,,,,1,1,1,0,
sglang,16758,performance,merged,1,1,1,1,0,0,,1,,,,,1,1,1,0,
sglang,17747,performance,merged,1,0,1,1,0,1,0,1,,,,,0,0,1,1,0
sglang,16483,performance,merged,1,0,1,1,0,0,,1,,,,,1,1,1,0,
sglang,16438,performance,merged,1,0,0,0,0,0,,0,,,,,0,0,1,0,
sglang,17449,performance,merged,1,0,1,1,1,0,,0,,,,,0,0,1,0,
sglang,16273,performance,merged,1,1,1,1,1,1,0,1,,,,,0,1,1,0,
sglang,16804,performance,merged,1,1,0,0,0,0,,1,,,,,1,1,1,0,
sglang,17756,performance,merged,1,0,1,1,0,0,,1,,,,,0,0,1,0,
sglang,17812,performance,merged,1,1,0,0,0,0,,0,,,,,1,1,1,0,
sglang,17688,performance,merged,1,1,1,1,0,0,,0,,,,,0,1,1,0,
sglang,17205,performance,merged,1,1,1,1,0,0,,0,,,,,0,1,1,0,
sglang,16668,performance,merged,1,1,1,1,0,0,,0,,,,,0,0,1,0,
sglang,17327,performance,merged,1,0,1,1,0,0,,1,,,,,1,1,1,0,
sglang,17377,performance,merged,1,1,0,0,0,0,,0,,,,,0,0,0,0,
sglang,16299,performance,merged,1,1,1,1,0,1,0,1,,,,,1,1,1,0,
sglang,16637,performance,merged,1,1,0,0,0,0,,1,,,,,1,1,1,0,
sglang,17467,performance,merged,1,1,0,0,0,0,,1,,,,,0,1,0,0,
sglang,17228,performance,merged,1,1,1,1,0,0,,1,,,,,1,1,1,0,
sglang,19493,performance,merged,1,1,1,1,0,0,,1,,,,,0,1,1,0,
sglang,18282,performance,merged,1,0,1,1,0,0,,1,,,,,0,0,1,0,
sglang,18833,performance,merged,1,0,0,0,0,1,0,1,,,,,0,1,0,0,
sglang,19103,performance,merged,1,0,1,1,1,1,1,1,,,,,1,1,1,1,0
sglang,18917,performance,merged,1,1,1,1,0,0,,1,,,,,1,1,1,0,
sglang,18488,performance,merged,1,0,1,1,0,0,,1,,,,,1,1,1,0,
sglang,19248,performance,merged,1,1,1,1,1,1,1,1,,,,,0,0,1,0,
sglang,18437,performance,merged,1,1,1,1,0,0,,0,,,,,0,1,1,0,
sglang,18882,performance,merged,1,0,1,1,1,1,1,0,,,,,1,0,1,0,
sglang,18764,performance,merged,1,1,1,1,1,0,,1,,,,,0,1,1,0,
sglang,18851,performance,merged,1,1,1,1,0,1,0,1,,,,,0,1,0,0,
sglang,19290,performance,merged,1,0,1,1,1,0,,1,,,,,0,0,1,0,
sglang,18992,performance,merged,1,1,1,1,0,1,1,1,,,,,1,0,1,0,
sglang,18361,performance,merged,1,0,1,1,0,1,0,1,,,,,1,1,1,0,
sglang,19434,performance,merged,1,1,1,1,0,0,,0,,,,,1,0,1,0,
sglang,18389,performance,merged,1,0,0,0,1,1,0,1,,,,,0,0,1,0,
sglang,19419,performance,merged,1,1,1,1,0,0,,1,,,,,1,1,1,0,
sglang,19416,performance,merged,1,1,1,1,0,0,,1,,,,,1,1,1,0,
sglang,18073,performance,merged,1,1,1,1,1,1,0,1,,,,,0,0,1,0,
sglang,18195,performance,merged,1,0,1,1,0,1,0,1,,,,,0,1,0,0,
sglang,19320,performance,merged,1,1,1,1,1,0,,1,,,,,0,0,1,0,
sglang,18253,performance,merged,1,1,1,1,0,0,,0,,,,,0,0,1,0,
sglang,18088,performance,merged,1,0,1,1,1,1,1,1,,,,,0,0,1,0,
sglang,18161,performance,merged,1,1,1,1,0,0,,0,,,,,0,0,1,0,
sglang,20406,performance,merged,1,1,1,1,0,0,,0,,,,,0,0,1,0,
sglang,19711,performance,merged,1,1,1,1,1,1,1,0,,,,,0,0,1,0,
sglang,19813,performance,merged,1,1,1,1,0,0,,0,,,,,1,0,1,0,
sglang,20477,performance,merged,1,0,1,1,0,0,,1,,,,,1,0,1,0,
sglang,21232,performance,merged,1,1,0,0,1,0,,1,,,,,1,0,1,0,
sglang,20368,performance,merged,1,0,1,1,0,1,0,1,,,,,0,1,1,0,
sglang,20410,performance,merged,1,1,1,1,0,0,,0,,,,,0,0,1,0,
sglang,21421,performance,merged,1,1,1,1,0,0,,1,,,,,1,0,1,0,
sglang,21240,performance,merged,1,1,1,1,0,0,,1,,,,,1,1,1,0,
sglang,21318,performance,merged,1,1,1,1,0,1,1,1,,,,,0,0,1,0,
sglang,20673,performance,merged,1,1,1,1,1,1,0,0,,,,,0,1,1,0,
sglang,21019,performance,merged,1,1,1,1,0,1,1,1,,,,,1,1,1,0,
sglang,21339,performance,merged,1,0,1,1,1,0,,0,,,,,1,1,1,0,
sglang,20479,performance,merged,1,0,1,1,0,1,0,1,,,,,0,0,1,0,
sglang,20012,performance,merged,1,1,1,1,1,1,1,1,,,,,1,0,1,1,0
sglang,20736,performance,merged,1,1,1,1,0,0,,1,,,,,1,1,1,0,
sglang,20396,performance,merged,1,0,1,1,0,0,,1,,,,,0,0,1,0,
sglang,21403,performance,merged,1,1,1,1,0,0,,1,,,,,0,0,1,0,
sglang,20978,performance,merged,1,0,1,1,0,0,,0,,,,,0,0,1,0,
sglang,21465,performance,merged,1,1,0,0,0,0,,1,,,,,0,0,1,0,
sglang,19945,performance,merged,1,1,1,1,0,0,,0,,,,,1,1,1,0,
sglang,21314,performance,merged,1,0,1,1,0,1,0,1,,,,,0,1,1,1,0
sglang,20897,performance,merged,1,1,1,1,0,0,,1,,,,,1,0,1,0,
sglang,21771,performance,merged,1,1,1,1,0,0,,0,,,,,0,0,1,0,
sglang,20395,performance,merged,1,1,1,1,1,1,0,1,,,,,0,0,1,0,
sglang,20972,performance,merged,1,0,1,1,0,0,,1,,,,,0,0,1,0,
sglang,20501,performance,merged,1,1,1,1,1,1,1,1,,,,,1,1,1,0,
sglang,20796,performance,merged,1,0,1,1,1,1,1,1,,,,,1,0,1,0,
sglang,20319,performance,merged,1,1,1,1,0,0,,1,,,,,0,1,1,0,
sglang,20187,performance,merged,1,1,1,1,0,0,,1,,,,,1,1,1,0,
sglang,21020,performance,merged,1,1,1,1,0,0,,0,,,,,0,1,1,0,
sglang,21503,performance,merged,1,0,1,1,0,1,0,1,,,,,0,0,1,0,
sglang,22669,performance,merged,1,0,1,1,1,0,,1,,,,,0,0,1,0,
sglang,22342,performance,merged,1,1,1,1,0,1,0,0,,,,,0,0,1,0,
sglang,22791,performance,merged,1,1,1,1,0,1,1,1,,,,,0,0,0,0,
sglang,21986,performance,merged,1,1,1,1,1,1,0,0,,,,,0,0,1,0,
sglang,23938,performance,merged,1,0,0,0,0,1,1,1,,,,,0,0,1,0,
sglang,22180,performance,merged,1,1,0,0,1,1,1,1,,,,,0,0,1,0,
sglang,24028,performance,merged,1,1,1,1,0,0,,1,,,,,1,1,1,0,
sglang,23682,performance,merged,1,0,1,1,0,1,0,1,,,,,0,1,0,0,
sglang,22587,performance,merged,1,1,1,1,1,0,,0,,,,,0,1,1,0,
sglang,22734,performance,merged,1,0,1,1,1,1,0,1,,,,,1,1,1,1,0
sglang,23707,performance,merged,1,1,0,0,1,1,1,1,,,,,1,1,1,0,
sglang,23833,performance,merged,1,1,1,1,1,1,1,0,,,,,1,1,1,0,
sglang,22921,performance,merged,1,1,1,1,1,1,1,1,,,,,0,0,1,0,
sglang,23765,performance,merged,1,0,1,1,0,0,,0,,,,,1,0,1,0,
sglang,23118,performance,merged,1,1,0,0,0,0,,0,,,,,0,0,1,0,
sglang,23648,performance,merged,1,1,1,1,0,0,,1,,,,,0,0,1,0,
sglang,22416,performance,merged,1,1,1,1,0,0,,1,,,,,0,0,1,0,
sglang,23929,performance,merged,1,1,1,1,0,0,,0,,,,,0,0,0,0,
sglang,24133,performance,merged,1,1,1,1,0,0,,1,,,,,1,1,1,0,
sglang,24117,performance,merged,1,1,1,1,0,0,,1,,,,,0,0,1,0,
sglang,24048,performance,merged,1,1,1,1,0,0,,1,,,,,1,1,1,0,
sglang,23186,performance,merged,1,1,1,1,0,0,,1,,,,,1,1,1,0,
sglang,22515,performance,merged,1,0,0,0,0,0,,0,,,,,0,1,1,0,
sglang,22122,performance,merged,1,1,1,1,1,1,1,0,,,,,1,0,1,0,
sglang,22417,performance,merged,1,1,1,1,0,0,,0,,,,,1,0,1,0,
sglang,22386,performance,merged,1,1,0,0,1,1,1,0,,,,,1,0,1,0,
sglang,22911,performance,merged,1,1,1,1,0,0,,0,,,,,0,1,1,0,
sglang,23146,performance,merged,1,1,1,1,0,1,0,1,,,,,1,1,1,0,
sglang,22574,performance,merged,1,1,0,0,1,1,1,1,,,,,0,0,1,0,
sglang,22258,performance,merged,1,1,1,1,0,0,,1,,,,,1,1,1,0,
sglang,23038,performance,merged,1,1,1,1,1,1,1,1,,,,,1,0,1,0,
sglang,22672,performance,merged,1,0,0,0,1,1,1,1,,,,,0,0,1,0,
sglang,25860,performance,merged,1,0,1,1,0,1,0,1,,,,,0,0,0,0,
sglang,26348,performance,merged,1,0,0,0,1,0,,1,,,,,0,0,1,0,
sglang,24550,performance,merged,1,1,1,1,0,0,,0,,,,,0,0,1,0,
sglang,24816,performance,merged,1,0,1,1,1,0,,1,,,,,0,0,1,0,
sglang,24616,performance,merged,1,1,0,0,1,0,,1,,,,,0,0,1,0,
sglang,25460,performance,merged,1,1,1,1,0,1,0,0,,,,,0,0,1,0,
sglang,26626,performance,merged,1,1,1,1,0,0,,1,,,,,0,0,1,0,
sglang,26241,performance,merged,1,1,1,1,0,0,,1,,,,,0,0,1,0,
sglang,25953,performance,merged,1,1,1,1,0,0,,1,,,,,0,0,1,0,
sglang,26083,performance,merged,1,0,1,1,1,0,,1,,,,,1,0,1,0,
sglang,26209,performance,merged,1,0,1,1,1,1,1,1,,,,,0,0,1,0,
sglang,25569,performance,merged,1,0,1,1,0,1,0,0,,,,,0,0,0,0,
sglang,26200,performance,merged,1,1,1,1,1,1,1,1,,,,,0,0,1,0,
sglang,26318,performance,merged,1,1,1,1,1,1,1,1,,,,,0,0,1,0,
sglang,26235,performance,merged,1,1,1,1,0,0,,1,,,,,0,0,1,0,
sglang,24732,performance,merged,1,1,1,1,0,1,1,1,,,,,0,0,1,0,
sglang,25265,performance,merged,1,1,1,1,0,0,,1,,,,,0,0,1,0,
sglang,25189,performance,merged,1,1,1,1,0,0,,0,,,,,0,0,1,0,
sglang,25002,performance,merged,1,1,1,1,1,0,,1,,,,,1,0,1,0,
sglang,24897,performance,merged,1,0,0,0,0,0,,0,,,,,0,0,1,0,
sglang,25054,performance,merged,1,0,1,1,0,0,,1,,,,,1,1,1,0,
sglang,25976,performance,merged,1,1,1,1,1,1,0,0,,,,,0,0,1,0,
sglang,25532,performance,merged,1,1,1,1,1,1,1,1,,,,,0,0,1,1,1
sglang,25327,performance,merged,1,1,0,0,0,0,,0,,,,,0,0,0,0,
sglang,26424,performance,merged,1,1,1,1,1,0,,1,,,,,0,0,1,0,
sglang,24355,performance,merged,1,0,1,1,0,0,,0,,,,,0,0,0,0,
sglang,24262,performance,merged,1,0,1,1,1,1,0,1,,,,,1,0,1,0,
sglang,26208,performance,merged,1,1,1,1,1,1,1,1,,,,,0,0,1,1,1
sglang,25855,performance,merged,1,0,1,1,1,1,1,1,,,,,1,1,1,0,
sglang,25820,performance,merged,1,1,1,1,0,0,,1,,,,,1,0,1,0,
sglang,24947,performance,merged,1,0,1,1,1,1,0,1,,,,,1,1,1,0,
sglang,25220,performance,merged,1,0,1,1,1,1,1,1,,,,,1,1,1,0,
sglang,25773,performance,merged,1,0,1,1,0,0,,0,,,,,0,0,1,0,
sglang,25751,performance,merged,1,1,1,1,1,1,1,1,,,,,0,0,1,0,
sglang,25514,performance,merged,1,1,0,0,1,0,,0,,,,,0,0,1,0,
sglang,24491,performance,merged,1,1,0,0,1,1,0,0,,,,,0,0,1,0,
sglang,25020,performance,merged,1,0,1,1,0,1,0,1,,,,,0,0,0,0,
sglang,26188,performance,merged,1,1,1,1,1,0,,1,,,,,1,0,1,0,
sglang,24246,performance,merged,1,0,1,1,0,0,,1,,,,,0,0,1,0,
sglang,24710,performance,merged,1,1,1,1,1,1,1,1,,,,,0,0,1,0,
sglang,25251,performance,merged,1,1,1,1,1,0,,1,,,,,1,1,0,0,
sglang,25835,performance,merged,1,1,1,1,1,1,1,1,,,,,0,1,1,0,
sglang,26397,performance,merged,1,0,0,0,0,0,,0,,,,,0,0,1,0,
sglang,24651,performance,merged,1,1,1,1,1,1,1,1,,,,,1,1,1,0,
sglang,28451,performance,merged,1,1,1,1,1,1,1,1,,,,,0,0,1,0,
sglang,27041,performance,merged,1,1,0,0,0,0,,0,,,,,0,0,1,0,
sglang,29202,performance,merged,1,1,1,1,0,0,,1,,,,,0,1,1,0,
sglang,28085,performance,merged,1,1,0,1,1,0,,0,,,,,0,0,1,0,
sglang,29509,performance,merged,1,1,0,0,0,0,,0,,,,,1,1,1,0,
sglang,28723,performance,merged,1,1,1,1,1,1,0,1,,,,,0,0,1,0,
sglang,28363,performance,merged,1,1,0,0,0,0,,0,,,,,0,0,1,0,
sglang,29077,performance,merged,1,1,1,1,0,0,,0,,,,,0,0,1,0,
sglang,29117,performance,merged,1,1,0,0,1,1,1,1,,,,,1,0,1,1,0
sglang,29735,performance,merged,1,1,1,1,1,1,1,1,,,,,1,0,1,0,
sglang,28204,performance,merged,1,0,0,0,0,1,1,1,,,,,0,0,1,0,
sglang,27826,performance,merged,1,0,0,0,1,0,,1,,,,,0,0,1,0,
sglang,29692,performance,merged,1,0,1,1,0,1,1,1,,,,,0,1,1,0,
sglang,26914,performance,merged,1,1,1,1,0,1,0,1,,,,,1,0,1,0,
sglang,27096,performance,merged,1,1,1,1,0,0,,1,,,,,1,1,1,0,
sglang,29533,performance,merged,1,0,1,1,1,1,1,0,,,,,1,1,1,0,
sglang,28982,performance,merged,1,0,1,1,0,0,,1,,,,,0,0,1,0,
sglang,29678,performance,merged,1,0,0,0,1,1,1,0,,,,,1,1,1,0,
sglang,27928,performance,merged,1,1,1,1,1,0,,1,,,,,1,1,1,0,
sglang,27926,performance,merged,1,1,1,1,1,1,0,1,,,,,1,1,1,0,
sglang,28166,performance,merged,1,1,1,1,0,0,,1,,,,,0,0,1,0,
sglang,28073,performance,merged,1,0,1,1,1,0,,1,,,,,0,1,1,0,
sglang,29382,performance,merged,1,1,0,0,0,1,1,1,,,,,1,1,1,1,0
sglang,29734,performance,merged,1,1,1,1,1,1,0,1,,,,,0,0,1,0,
sglang,28106,performance,merged,1,1,1,1,1,1,1,1,,,,,0,0,1,0,
sglang,29053,performance,merged,1,1,1,1,1,1,1,0,,,,,1,1,1,0,
sglang,28275,performance,merged,1,1,1,1,0,0,,0,,,,,0,1,1,0,
sglang,28975,performance,merged,1,1,1,1,0,1,0,1,,,,,1,0,0,0,
sglang,29350,performance,merged,1,1,1,1,1,0,,0,,,,,0,0,1,0,
sglang,27297,performance,merged,1,1,0,0,1,0,,1,,,,,0,0,1,0,
sglang,27089,performance,merged,1,0,1,1,0,0,,1,,,,,0,0,1,0,
sglang,27854,performance,merged,1,1,1,1,0,0,,1,,,,,0,1,1,0,
sglang,27988,performance,merged,1,1,1,1,1,0,,0,,,,,0,0,1,0,
sglang,28304,performance,merged,1,1,1,1,0,0,,1,,,,,0,0,1,0,
sglang,28450,performance,merged,1,1,1,1,1,1,1,1,,,,,1,1,1,0,
sglang,28056,performance,merged,1,1,1,1,0,0,,0,,,,,0,0,1,0,
sglang,27053,performance,merged,1,1,1,1,1,0,,1,,,,,1,1,1,0,
sglang,29421,performance,merged,1,1,1,1,1,0,,1,,,,,0,0,1,0,
sglang,27349,performance,merged,1,0,1,1,1,1,0,0,,,,,0,0,1,0,
sglang,28185,performance,merged,1,1,1,1,1,0,,0,,,,,0,0,1,0,
sglang,29498,performance,merged,1,1,0,0,0,1,0,0,,,,,0,0,0,0,
sglang,27705,performance,merged,1,0,1,1,1,1,0,0,,,,,1,1,1,0,
sglang,28666,performance,merged,1,1,1,1,1,1,1,1,,,,,1,1,1,0,
sglang,27277,performance,merged,1,0,1,1,1,1,0,1,,,,,1,1,1,0,
sglang,27745,performance,merged,1,1,1,1,0,1,0,0,,,,,0,0,0,1,0
sglang,27630,performance,merged,1,1,1,1,1,1,0,1,,,,,0,0,1,0,
sglang,28354,performance,merged,1,1,1,1,1,0,,0,,,,,1,1,1,0,
sglang,28780,performance,merged,1,1,0,0,0,0,,1,,,,,0,0,1,0,
sglang,29390,performance,merged,1,1,1,1,1,1,1,1,,,,,1,0,1,0,
sglang,27870,performance,merged,1,1,1,1,0,0,,0,,,,,0,0,1,0,
sglang,28076,performance,merged,1,1,0,0,0,0,,0,,,,,0,0,1,0,
sglang,29027,performance,merged,1,1,1,1,0,0,,1,,,,,0,1,1,0,
sglang,27084,performance,merged,1,1,1,1,0,0,,1,,,,,0,1,1,0,
sglang,29778,performance,merged,1,1,1,1,1,1,1,1,,,,,0,0,1,0,
sglang,29075,performance,merged,1,1,0,0,0,0,,0,,,,,0,0,1,0,
sglang,32219,performance,merged,1,1,1,1,1,1,1,0,,,,,1,1,1,0,
sglang,32162,performance,merged,1,1,1,1,1,1,1,1,,,,,0,0,1,0,
sglang,31301,performance,merged,1,0,0,0,1,0,,1,,,,,0,0,1,0,
sglang,32166,performance,merged,1,1,1,1,0,1,0,1,,,,,1,1,1,0,
sglang,32304,performance,merged,1,1,0,0,1,0,,1,,,,,0,0,1,0,
sglang,32667,performance,merged,1,1,0,0,1,0,,1,,,,,0,0,1,0,
sglang,30878,performance,merged,1,0,0,0,1,0,,1,,,,,0,0,1,0,
sglang,32886,performance,merged,1,1,0,0,1,0,,0,,,,,0,0,0,0,
sglang,32887,performance,merged,1,1,0,0,0,0,,0,,,,,0,0,0,0,
sglang,33021,performance,merged,1,1,1,1,0,0,,1,,,,,1,1,1,0,
sglang,33137,performance,merged,1,1,0,0,1,0,,0,,,,,1,1,0,0,
sglang,30315,performance,merged,1,1,1,1,1,1,1,1,,,,,0,0,1,0,
sglang,30117,performance,merged,1,0,1,1,1,1,1,1,,,,,1,1,1,0,
sglang,30707,performance,merged,1,1,0,0,1,0,,0,,,,,0,0,1,0,
sglang,31250,performance,merged,1,1,1,1,0,0,,1,,,,,0,1,1,0,
sglang,32784,performance,merged,1,1,0,0,1,0,,1,,,,,0,0,1,0,
sglang,32577,performance,merged,1,1,1,1,1,0,,1,,,,,0,0,1,0,
sglang,30954,performance,merged,1,1,1,1,1,0,,1,,,,,1,0,1,0,
sglang,30247,performance,merged,1,0,0,0,1,1,1,1,,,,,0,0,1,0,
sglang,31479,performance,merged,1,0,0,0,1,0,,0,,,,,0,0,1,0,
sglang,31755,performance,merged,1,1,1,1,0,0,,0,,,,,1,0,1,0,
sglang,31382,performance,merged,1,1,1,1,0,0,,1,,,,,1,1,0,0,
sglang,30427,performance,merged,1,1,0,0,1,1,0,0,,,,,0,0,0,0,
sglang,32731,performance,merged,1,0,0,0,1,0,,1,,,,,0,0,0,0,
sglang,31856,performance,merged,1,1,1,1,1,0,,1,,,,,0,0,1,0,
sglang,33128,performance,merged,1,0,1,1,1,1,1,1,,,,,1,0,1,0,
sglang,33085,performance,merged,1,0,1,1,1,1,1,1,,,,,1,1,1,0,
sglang,32109,performance,merged,1,1,1,1,1,1,0,1,,,,,0,0,1,0,
sglang,33023,performance,merged,1,0,0,0,1,1,1,1,,,,,0,0,1,0,
sglang,32699,performance,merged,1,0,0,0,1,1,1,1,,,,,0,0,0,0,
sglang,29843,performance,merged,1,1,0,1,1,1,1,0,,,,,0,0,1,0,
sglang,30448,performance,merged,1,0,0,0,1,1,0,0,,,,,0,0,1,1,0
sglang,31574,performance,merged,1,1,1,1,1,1,1,1,,,,,0,1,1,1,0
sglang,32941,performance,merged,1,1,0,0,1,1,1,0,,,,,1,1,1,0,
sglang,29862,performance,merged,1,1,0,0,1,0,,1,,,,,1,1,1,0,
sglang,32697,performance,merged,1,0,0,0,1,0,,1,,,,,0,0,1,0,
sglang,31083,performance,merged,1,1,0,0,1,1,1,1,,,,,0,0,0,0,
sglang,31370,performance,merged,1,1,1,1,1,1,1,1,,,,,0,0,1,0,
sglang,32971,performance,merged,1,1,0,0,1,1,1,0,,,,,0,0,0,0,
sglang,31128,performance,merged,1,1,1,1,0,0,,1,,,,,1,1,1,0,
sglang,32944,performance,merged,1,1,1,1,1,1,1,1,,,,,1,1,1,0,
sglang,30575,performance,merged,1,1,1,1,1,1,1,1,,,,,0,0,1,0,
sglang,31241,performance,merged,1,0,1,1,1,1,0,1,,,,,0,0,1,0,
sglang,32110,performance,merged,1,1,0,0,1,0,,0,,,,,0,0,0,0,
sglang,30090,performance,merged,1,1,0,0,0,0,,1,,,,,0,0,1,0,
sglang,32616,performance,merged,1,1,1,1,0,1,1,0,,,,,0,0,1,0,
sglang,32813,performance,merged,1,1,1,1,1,1,1,1,,,,,0,0,1,0,
sglang,32395,performance,merged,1,1,1,1,1,1,1,1,,,,,1,1,1,0,
sglang,33349,performance,merged,1,1,0,0,1,1,1,1,,,,,0,0,1,0,
sglang,35318,performance,merged,1,1,0,0,1,0,,1,,,,,0,0,1,0,
sglang,37144,performance,merged,1,1,0,0,1,1,1,1,,,,,0,0,1,0,
sglang,33667,performance,merged,1,1,0,0,1,1,0,1,,,,,0,0,1,0,
sglang,34563,performance,merged,1,1,0,0,1,0,,0,,,,,0,0,1,0,
sglang,34938,performance,merged,1,0,1,1,0,0,,1,,,,,1,1,1,0,
sglang,36821,performance,merged,1,1,1,1,1,1,1,1,,,,,0,0,1,0,
sglang,36624,performance,merged,1,1,1,1,1,0,,1,,,,,0,0,1,0,
sglang,33655,performance,merged,1,1,0,0,1,0,,1,,,,,0,0,1,0,
sglang,35628,performance,merged,1,1,1,1,0,1,0,1,,,,,1,1,0,1,0
sglang,33871,performance,merged,1,1,1,1,1,0,,1,,,,,0,0,1,0,
sglang,35207,performance,merged,1,1,0,0,0,0,,1,,,,,0,0,0,0,
sglang,35573,performance,merged,1,1,1,1,0,0,,1,,,,,1,0,1,0,
sglang,34315,performance,merged,1,1,0,0,1,0,,1,,,,,0,0,1,0,
sglang,37075,performance,merged,1,1,0,0,1,1,1,0,,,,,1,1,1,0,
sglang,35071,performance,merged,1,1,1,1,1,0,,1,,,,,1,1,1,0,
sglang,33451,performance,merged,1,1,0,0,1,1,1,1,,,,,0,0,1,0,
sglang,34461,performance,merged,1,1,0,0,1,1,0,1,,,,,0,0,1,0,
sglang,33981,performance,merged,1,1,1,1,0,1,0,1,,,,,1,1,1,0,
sglang,34915,performance,merged,1,1,1,1,1,1,1,1,,,,,1,1,1,0,
sglang,34306,performance,merged,1,1,0,0,1,1,1,1,,,,,0,0,1,0,
sglang,36505,performance,merged,1,1,1,1,1,0,,1,,,,,1,0,1,0,
sglang,37156,performance,merged,1,1,0,0,1,1,1,1,,,,,0,0,1,0,
sglang,35882,performance,merged,1,1,0,0,1,0,,1,,,,,0,0,1,0,
sglang,34008,performance,merged,1,1,0,0,1,1,1,1,,,,,1,0,1,0,
sglang,36543,performance,merged,1,1,0,0,1,1,1,1,,,,,0,0,1,0,
sglang,34930,performance,merged,1,1,0,0,1,1,0,1,,,,,0,0,1,0,
sglang,33857,performance,merged,1,1,1,1,1,0,,0,,,,,0,0,1,0,
sglang,33775,performance,merged,1,1,0,0,1,0,,0,,,,,0,0,1,0,
sglang,34490,performance,merged,1,1,1,1,1,1,1,1,,,,,0,1,1,0,
sglang,33623,performance,merged,1,1,1,1,1,1,1,1,,,,,1,1,1,0,
sglang,36607,performance,merged,1,1,1,1,1,1,1,0,,,,,0,0,0,0,
sglang,36546,performance,merged,1,0,1,1,0,1,1,1,,,,,0,0,1,0,
sglang,36758,performance,merged,1,1,1,1,0,0,,1,,,,,1,1,1,0,
sglang,34507,performance,merged,1,1,0,0,0,1,1,1,,,,,1,1,1,0,
sglang,34693,performance,merged,1,1,1,1,1,1,1,1,,,,,1,1,1,0,
sglang,34517,performance,merged,1,1,1,1,1,1,1,1,,,,,0,0,1,0,
sglang,33237,performance,merged,1,1,1,1,1,1,1,1,,,,,1,1,1,0,
sglang,35336,performance,merged,1,0,0,0,1,0,,1,,,,,1,1,1,0,
sglang,36576,performance,merged,1,0,1,1,0,0,,0,,,,,0,0,1,0,
sglang,36534,performance,merged,1,1,1,1,1,0,,1,,,,,1,0,1,0,
sglang,36267,performance,merged,1,1,1,1,1,1,0,1,,,,,1,0,1,0,
sglang,34890,performance,merged,1,1,0,0,0,0,,0,,,,,0,0,1,0,
sglang,33662,performance,merged,1,1,1,1,0,0,,1,,,,,0,0,1,0,
sglang,35872,performance,merged,1,1,1,1,1,1,1,1,,,,,0,0,1,0,
sglang,34973,performance,merged,1,1,1,1,0,0,,1,,,,,0,0,1,0,
sglang,34421,performance,merged,1,1,1,1,0,1,1,1,,,,,1,1,1,0,
sglang,35728,performance,merged,1,1,0,0,1,1,1,1,,,,,0,0,1,0,
sglang,33734,performance,merged,1,1,0,0,1,1,1,1,,,,,1,0,1,0,
sglang,34462,performance,merged,1,1,0,0,0,1,1,1,,,,,0,0,1,0,
sglang,34314,performance,merged,1,1,0,0,1,1,1,1,,,,,0,0,1,0,
sglang,34893,performance,merged,1,1,0,0,1,0,,0,,,,,0,0,1,0,
sglang,34620,performance,merged,1,1,0,0,1,1,1,1,,,,,0,0,1,0,
sglang,34722,performance,merged,1,1,1,1,0,1,0,0,,,,,0,1,1,0,
sglang,33819,performance,merged,1,1,0,0,1,1,1,1,,,,,1,0,1,0,
sglang,35505,performance,merged,1,1,1,1,1,0,,1,,,,,0,0,0,0,
sglang,36560,performance,merged,1,0,1,1,1,1,1,1,,,,,0,0,1,0,
sglang,36527,performance,merged,1,0,1,1,0,1,0,1,,,,,0,0,1,0,
sglang,37159,performance,merged,1,1,0,0,0,1,1,1,,,,,1,0,1,0,
sglang,36571,performance,merged,1,1,0,0,1,0,,1,,,,,0,0,1,0,
sglang,36094,performance,merged,1,1,1,1,1,1,1,1,,,,,0,0,1,0,
sglang,36862,performance,merged,1,1,1,1,0,0,,0,,,,,0,0,0,0,
sglang,34318,performance,merged,1,1,1,1,1,1,0,1,,,,,0,0,1,0,
sglang,34015,performance,merged,1,1,0,0,1,1,1,1,,,,,0,0,1,0,
sglang,33911,performance,merged,1,0,1,1,0,1,0,0,,,,,0,1,1,0,
sglang,33354,performance,merged,1,1,1,1,1,0,,1,,,,,1,1,1,0,
sglang,34256,performance,merged,1,0,0,0,1,0,,1,,,,,0,0,1,0,
sglang,36577,performance,merged,1,1,0,0,0,0,,1,,,,,0,0,1,0,
sglang,36397,performance,merged,1,1,1,1,0,0,,1,,,,,0,1,0,0,
sglang,34296,performance,merged,1,1,1,1,0,1,1,1,,,,,1,1,1,0,
sglang,37123,performance,merged,1,1,0,0,1,1,1,1,,,,,0,0,1,0,
sglang,34888,performance,merged,1,0,1,1,1,0,,1,,,,,1,0,1,0,
sglang,38080,performance,merged,1,1,1,1,1,1,1,1,,,,,0,0,1,0,
sglang,39200,performance,merged,1,1,1,1,1,1,1,1,,,,,1,1,0,0,
sglang,39123,performance,merged,1,1,0,0,1,1,1,1,,,,,0,0,0,0,
sglang,39445,performance,merged,1,1,0,0,1,1,1,1,,,,,0,0,0,0,
sglang,40371,performance,merged,1,1,1,1,0,1,1,1,,,,,1,1,1,0,
sglang,41223,performance,merged,1,1,1,1,0,1,1,1,,,,,0,0,0,0,
sglang,39957,performance,merged,1,1,1,1,1,1,1,1,,,,,0,0,1,0,
sglang,39438,performance,merged,1,1,1,1,0,0,,1,,,,,0,1,1,0,
sglang,40943,performance,merged,1,1,1,1,0,0,,1,,,,,0,0,1,0,
sglang,39486,performance,merged,1,0,0,0,1,0,,1,,,,,0,1,1,0,
sglang,39705,performance,merged,1,1,1,1,1,0,,1,,,,,1,1,1,0,
sglang,40204,performance,merged,1,1,1,1,1,1,1,1,,,,,1,1,1,0,
sglang,40116,performance,merged,1,1,1,1,1,0,,1,,,,,1,1,1,0,
sglang,39059,performance,merged,1,1,1,1,1,1,1,1,,,,,0,0,1,0,
sglang,37889,performance,merged,1,1,1,1,1,1,1,1,,,,,1,1,1,0,
sglang,38182,performance,merged,1,1,1,1,1,1,1,1,,,,,1,1,1,0,
sglang,39987,performance,merged,1,1,1,1,1,1,1,1,,,,,1,1,1,0,
sglang,38042,performance,merged,1,1,0,0,0,1,1,1,,,,,1,1,1,0,
sglang,37667,performance,merged,1,1,0,0,1,1,1,1,,,,,0,0,1,0,
sglang,41020,performance,merged,1,0,1,1,1,1,1,1,,,,,0,0,1,1,1
sglang,40854,performance,merged,1,1,1,1,1,0,,1,,,,,0,0,0,0,
sglang,38396,performance,merged,1,1,0,0,1,1,1,1,,,,,0,0,1,0,
sglang,39778,performance,merged,1,1,1,1,0,0,,0,,,,,0,0,1,0,
sglang,38227,performance,merged,1,1,1,1,0,0,,1,,,,,0,0,0,0,
sglang,38340,performance,merged,1,1,1,1,1,0,,1,,,,,0,0,1,0,
sglang,37629,performance,merged,1,1,1,1,1,1,1,0,,,,,0,0,0,0,
sglang,37507,performance,merged,1,1,0,0,1,0,,0,,,,,0,0,1,0,
sglang,41339,performance,merged,1,1,1,1,1,1,1,1,,,,,1,1,1,0,
sglang,39116,performance,merged,1,1,1,1,1,0,,1,,,,,1,1,1,0,
sglang,40494,performance,merged,1,1,0,0,1,1,1,1,,,,,0,0,1,0,
sglang,37810,performance,merged,1,1,1,1,1,1,1,1,,,,,0,0,1,0,
sglang,39172,performance,merged,1,1,1,1,1,1,1,1,,,,,1,1,1,0,
sglang,39414,performance,merged,1,1,0,0,1,1,1,1,,,,,0,0,0,0,
sglang,38116,performance,merged,1,1,0,0,0,1,0,1,,,,,1,1,0,0,
sglang,37658,performance,merged,1,1,1,1,0,0,,1,,,,,0,0,1,0,
sglang,40481,performance,merged,1,1,0,0,1,0,,1,,,,,0,0,1,0,
sglang,39688,performance,merged,1,0,1,1,1,1,1,1,,,,,0,0,1,0,
sglang,37938,performance,merged,1,1,0,0,0,0,,1,,,,,0,0,0,0,
sglang,39968,performance,merged,1,1,1,1,0,1,1,1,,,,,1,1,1,0,
sglang,41309,performance,merged,1,1,0,0,1,0,,1,,,,,0,0,1,0,
sglang,39704,performance,merged,1,1,0,0,1,1,1,0,,,,,1,1,1,0,
sglang,39775,performance,merged,1,1,1,1,0,0,,1,,,,,1,1,1,0,
sglang,39657,performance,merged,1,0,0,0,0,1,1,0,,,,,0,0,1,0,
sglang,37324,performance,merged,1,1,1,1,0,0,,0,,,,,0,0,1,0,
sglang,39382,performance,merged,1,1,1,1,1,0,,1,,,,,1,1,1,0,
sglang,39138,performance,merged,1,1,0,0,1,1,1,1,,,,,0,0,0,0,
sglang,37622,performance,merged,1,0,0,0,1,1,1,1,,,,,1,1,1,0,
sglang,38944,performance,merged,1,1,0,0,1,1,1,1,,,,,0,0,0,0,
sglang,12892,performance,open,0,1,,,0,1,0,1,,,,,1,1,,1,0
sglang,15755,performance,open,0,1,,,1,0,,0,,,,,0,0,,0,
sglang,14832,performance,open,0,0,,,0,0,,1,,,,,0,1,,0,
sglang,14302,performance,open,0,0,,,0,1,1,1,,,,,1,1,,0,
sglang,17945,performance,open,0,1,,,1,0,,0,,,,,0,0,,0,
sglang,17459,performance,open,0,1,,,0,0,,0,,,,,1,0,,0,
sglang,18156,performance,open,0,1,,,0,1,1,1,,,,,1,1,,1,0
sglang,19990,performance,open,0,1,,,0,0,,1,,,,,1,1,,0,
sglang,20772,performance,open,0,0,,,1,1,1,0,,,,,0,0,,0,
sglang,22520,performance,open,0,1,,,0,1,0,1,,,,,0,1,,0,
sglang,23913,performance,open,0,0,,,0,0,,1,,,,,0,0,,0,
sglang,22351,performance,open,0,1,,,1,1,0,1,,,,,0,0,,0,
sglang,23935,performance,open,0,1,,,1,1,0,1,,,,,0,0,,0,
sglang,23515,performance,open,0,1,,,1,0,,1,,,,,0,0,,0,
sglang,25924,performance,open,0,0,,,1,0,,1,,,,,0,0,,0,
sglang,26602,performance,open,0,1,,,1,1,1,1,,,,,0,0,,0,
sglang,24531,performance,open,0,1,,,1,0,,0,,,,,1,0,,0,
sglang,26274,performance,open,0,1,,,1,0,,1,,,,,1,1,,0,
sglang,24373,performance,open,0,1,,,1,1,1,0,,,,,0,0,,0,
sglang,25461,performance,open,0,0,,,0,0,,1,,,,,1,1,,0,
sglang,26319,performance,open,0,1,,,1,0,,1,,,,,0,0,,0,
sglang,29723,performance,open,0,1,,,1,1,1,1,,,,,1,1,,0,
sglang,27658,performance,open,0,0,,,1,1,0,1,,,,,1,1,,0,
sglang,29344,performance,open,0,1,,,0,0,,1,,,,,1,1,,0,
sglang,28842,performance,open,0,0,,,0,0,,1,,,,,1,1,,0,
sglang,28876,performance,open,0,0,,,0,0,,0,,,,,0,1,,0,
sglang,28756,performance,open,0,0,,,1,0,,1,,,,,0,0,,0,
sglang,27992,performance,open,0,1,,,1,0,,1,,,,,0,0,,0,
sglang,28655,performance,open,0,1,,,1,0,,1,,,,,1,1,,0,
sglang,29209,performance,open,0,1,,,0,0,,1,,,,,0,1,,0,
sglang,27653,performance,open,0,1,,,1,0,,0,,,,,1,0,,0,
sglang,28994,performance,open,0,1,,,1,0,,1,,,,,0,0,,0,
sglang,28690,performance,open,0,1,,,1,1,0,1,,,,,1,1,,0,
sglang,28187,performance,open,0,1,,,1,1,1,1,,,,,0,0,,1,1
sglang,33144,performance,open,0,1,,,1,1,1,0,,,,,1,1,,0,
sglang,31305,performance,open,0,0,,,1,1,1,1,,,,,1,1,,0,
sglang,32159,performance,open,0,1,,,0,0,,1,,,,,0,0,,0,
sglang,32479,performance,open,0,1,,,0,0,,1,,,,,0,0,,0,
sglang,32978,performance,open,0,1,,,0,1,0,1,,,,,0,0,,0,
sglang,30993,performance,open,0,1,,,0,0,,0,,,,,1,1,,0,
sglang,33080,performance,open,0,1,,,0,0,,0,,,,,0,1,,0,
sglang,32741,performance,open,0,1,,,1,1,1,1,,,,,0,0,,0,
sglang,32474,performance,open,0,1,,,1,0,,1,,,,,1,1,,0,
sglang,32497,performance,open,0,1,,,0,0,,1,,,,,1,1,,0,
sglang,33009,performance,open,0,0,,,1,0,,1,,,,,1,1,,0,
sglang,33095,performance,open,0,1,,,1,0,,0,,,,,1,0,,0,
sglang,30403,performance,open,0,1,,,0,0,,1,,,,,0,0,,0,
sglang,31447,performance,open,0,0,,,1,0,,0,,,,,1,0,,0,
sglang,31472,performance,open,0,1,,,1,1,0,1,,,,,1,1,,0,
sglang,29804,performance,open,0,1,,,1,0,,1,,,,,1,1,,0,
sglang,30362,performance,open,0,0,,,0,1,1,1,,,,,0,0,,1,0
sglang,30266,performance,open,0,1,,,1,1,0,1,,,,,0,0,,0,
sglang,33113,performance,open,0,1,,,1,1,1,1,,,,,1,0,,0,
sglang,30797,performance,open,0,1,,,1,1,1,1,,,,,0,0,,0,
sglang,29970,performance,open,0,0,,,1,0,,1,,,,,1,1,,0,
sglang,29825,performance,open,0,0,,,0,0,,1,,,,,0,1,,0,
sglang,31689,performance,open,0,1,,,1,1,1,0,,,,,1,1,,0,
sglang,30373,performance,open,0,1,,,1,1,1,0,,,,,0,0,,1,0
sglang,30715,performance,open,0,1,,,1,1,0,1,,,,,1,0,,0,
sglang,30218,performance,open,0,1,,,0,0,,0,,,,,0,0,,0,
sglang,30497,performance,open,0,1,,,1,1,0,1,,,,,0,0,,0,
sglang,31628,performance,open,0,1,,,1,1,1,1,,,,,0,0,,0,
sglang,32656,performance,open,0,1,,,1,1,0,1,,,,,1,1,,0,
sglang,31197,performance,open,0,1,,,1,1,1,1,,,,,1,1,,0,
sglang,30967,performance,open,0,1,,,1,1,0,1,,,,,1,1,,0,
sglang,32220,performance,open,0,1,,,0,0,,0,,,,,0,0,,0,
sglang,31172,performance,open,0,1,,,1,1,1,1,,,,,1,1,,0,
sglang,32946,performance,open,0,1,,,1,0,,1,,,,,0,0,,0,
sglang,32885,performance,open,0,1,,,0,0,,0,,,,,0,0,,0,
sglang,32714,performance,open,0,1,,,1,1,0,1,,,,,0,0,,0,
sglang,33022,performance,open,0,1,,,0,1,1,1,,,,,0,0,,0,
sglang,32190,performance,open,0,1,,,0,0,,1,,,,,0,1,,0,
sglang,32494,performance,open,0,0,,,0,0,,1,,,,,0,0,,0,
sglang,30949,performance,open,0,1,,,1,0,,0,,,,,0,0,,0,
sglang,32133,performance,open,0,1,,,1,0,,1,,,,,1,1,,0,
sglang,31247,performance,open,0,1,,,1,0,,0,,,,,0,0,,0,
sglang,34437,performance,open,0,1,,,0,0,,1,,,,,0,0,,0,
sglang,33673,performance,open,0,1,,,1,0,,1,,,,,0,0,,0,
sglang,35807,performance,open,0,1,,,1,1,1,1,,,,,1,0,,0,
sglang,35389,performance,open,0,1,,,1,1,1,1,,,,,0,0,,0,
sglang,34905,performance,open,0,0,,,1,1,0,1,,,,,1,0,,0,
sglang,35567,performance,open,0,0,,,1,0,,0,,,,,0,0,,0,
sglang,33295,performance,open,0,0,,,1,1,0,1,,,,,1,1,,0,
sglang,36990,performance,open,0,0,,,1,1,1,1,,,,,1,1,,0,
sglang,36530,performance,open,0,1,,,1,1,0,1,,,,,0,0,,0,
sglang,36563,performance,open,0,0,,,0,0,,1,,,,,0,0,,0,
sglang,33291,performance,open,0,1,,,0,1,0,1,,,,,0,0,,0,
sglang,33570,performance,open,0,1,,,1,0,,0,,,,,0,0,,0,
sglang,36788,performance,open,0,1,,,1,1,1,1,,,,,0,0,,0,
sglang,34578,performance,open,0,1,,,0,0,,1,,,,,0,0,,0,
sglang,33390,performance,open,0,0,,,1,0,,0,,,,,1,1,,0,
sglang,33950,performance,open,0,1,,,1,0,,1,,,,,1,1,,0,
sglang,34355,performance,open,0,1,,,1,1,1,1,,,,,1,1,,0,
sglang,34750,performance,open,0,0,,,0,1,1,1,,,,,1,1,,0,
sglang,35155,performance,open,0,1,,,1,1,0,1,,,,,0,0,,0,
sglang,34775,performance,open,0,1,,,1,1,1,0,,,,,0,0,,0,
sglang,33881,performance,open,0,0,,,1,1,1,1,,,,,1,1,,0,
sglang,34583,performance,open,0,1,,,1,0,,1,,,,,1,1,,0,
sglang,37180,performance,open,0,1,,,1,1,1,0,,,,,0,0,,0,
sglang,34805,performance,open,0,1,,,1,0,,1,,,,,1,1,,0,
sglang,35637,performance,open,0,0,,,1,0,,1,,,,,1,1,,0,
sglang,35187,performance,open,0,0,,,0,1,1,1,,,,,0,0,,0,
sglang,33418,performance,open,0,1,,,0,1,0,0,,,,,0,0,,1,0
sglang,35874,performance,open,0,1,,,1,1,0,1,,,,,0,0,,0,
sglang,34059,performance,open,0,1,,,1,1,1,1,,,,,0,0,,0,
sglang,37237,performance,open,0,1,,,1,1,0,1,,,,,1,1,,0,
sglang,36779,performance,open,0,1,,,1,1,1,1,,,,,0,0,,0,
sglang,35522,performance,open,0,1,,,1,1,1,1,,,,,1,1,,0,
sglang,33226,performance,open,0,0,,,1,0,,1,,,,,1,1,,0,
sglang,36318,performance,open,0,1,,,1,1,1,1,,,,,0,0,,0,
sglang,34387,performance,open,0,0,,,1,1,1,1,,,,,1,0,,0,
sglang,34682,performance,open,0,1,,,1,1,1,1,,,,,0,0,,1,0
sglang,35846,performance,open,0,0,,,1,0,,1,,,,,0,0,,0,
sglang,33802,performance,open,0,0,,,0,0,,0,,,,,1,1,,0,
sglang,34317,performance,open,0,1,,,1,0,,1,,,,,1,0,,0,
sglang,35074,performance,open,0,1,,,1,1,1,1,,,,,1,1,,0,
sglang,33686,performance,open,0,1,,,1,1,1,1,,,,,1,1,,0,
sglang,35078,performance,open,0,0,,,1,1,0,1,,,,,0,0,,0,
sglang,35429,performance,open,0,0,,,1,1,1,1,,,,,0,0,,0,
sglang,34727,performance,open,0,1,,,1,1,1,1,,,,,1,1,,0,
sglang,34839,performance,open,0,1,,,0,0,,0,,,,,0,0,,0,
sglang,33937,performance,open,0,1,,,1,0,,0,,,,,0,0,,0,
sglang,36501,performance,open,0,0,,,1,0,,1,,,,,0,0,,0,
sglang,33364,performance,open,0,1,,,1,1,1,1,,,,,1,0,,1,1
sglang,34454,performance,open,0,1,,,1,1,1,1,,,,,0,0,,0,
sglang,33533,performance,open,0,1,,,1,1,0,1,,,,,1,0,,1,0
sglang,34838,performance,open,0,1,,,0,0,,1,,,,,0,0,,0,
sglang,36964,performance,open,0,0,,,0,1,1,1,,,,,0,0,,0,
sglang,35124,performance,open,0,0,,,0,0,,0,,,,,0,0,,0,
sglang,35373,performance,open,0,1,,,0,1,0,1,,,,,0,0,,0,
sglang,34438,performance,open,0,1,,,0,0,,1,,,,,1,1,,0,
sglang,36191,performance,open,0,1,,,1,1,0,0,,,,,0,0,,0,
sglang,37261,performance,open,0,0,,,1,1,1,1,,,,,1,0,,0,
sglang,34946,performance,open,0,1,,,1,1,1,1,,,,,0,0,,0,
sglang,34018,performance,open,0,1,,,0,0,,1,,,,,1,1,,0,
sglang,34200,performance,open,0,1,,,1,0,,1,,,,,0,0,,0,
sglang,36652,performance,open,0,1,,,1,1,1,1,,,,,1,1,,0,
sglang,36059,performance,open,0,1,,,1,1,1,1,,,,,1,0,,0,
sglang,35192,performance,open,0,1,,,1,1,1,1,,,,,1,0,,0,
sglang,34165,performance,open,0,1,,,1,1,1,1,,,,,0,0,,0,
sglang,35040,performance,open,0,1,,,1,1,1,0,,,,,1,1,,0,
sglang,38921,performance,open,0,1,,,1,1,1,0,,,,,0,0,,0,
sglang,40588,performance,open,0,1,,,1,0,,1,,,,,1,0,,0,
sglang,38289,performance,open,0,1,,,1,0,,1,,,,,1,0,,0,
sglang,38583,performance,open,0,1,,,1,1,1,1,,,,,1,1,,0,
sglang,40491,performance,open,0,1,,,1,1,1,1,,,,,1,1,,0,
sglang,41301,performance,open,0,1,,,0,1,1,1,,,,,1,1,,0,
sglang,40910,performance,open,0,0,,,0,1,0,1,,,,,1,1,,0,
sglang,38043,performance,open,0,0,,,1,1,1,1,,,,,1,1,,0,
sglang,40363,performance,open,0,1,,,1,0,,1,,,,,1,1,,0,
sglang,40492,performance,open,0,1,,,1,1,0,1,,,,,1,1,,0,
sglang,40519,performance,open,0,1,,,0,0,,1,,,,,1,1,,0,
sglang,41294,performance,open,0,1,,,1,0,,1,,,,,1,1,,0,
sglang,39962,performance,open,0,1,,,1,0,,0,,,,,0,0,,0,
sglang,37357,performance,open,0,1,,,1,1,1,1,,,,,1,1,,0,
sglang,38683,performance,open,0,1,,,1,1,1,1,,,,,1,1,,0,
sglang,39372,performance,open,0,1,,,1,1,1,1,,,,,0,0,,1,0
sglang,38397,performance,open,0,0,,,1,0,,1,,,,,1,1,,0,
sglang,39296,performance,open,0,1,,,1,1,1,0,,,,,0,0,,0,
sglang,40594,performance,open,0,1,,,1,0,,0,,,,,1,1,,0,
sglang,40451,performance,open,0,1,,,1,1,0,1,,,,,1,1,,0,
sglang,38401,performance,open,0,1,,,0,1,1,1,,,,,0,0,,0,
sglang,39365,performance,open,0,1,,,1,0,,1,,,,,1,1,,0,
sglang,39931,performance,open,0,1,,,1,1,1,1,,,,,0,0,,0,
sglang,40074,performance,open,0,1,,,1,1,1,1,,,,,1,1,,0,
sglang,37970,performance,open,0,0,,,1,1,1,1,,,,,1,1,,0,
sglang,37314,performance,open,0,1,,,0,1,0,1,,,,,0,0,,0,
sglang,40335,performance,open,0,1,,,0,0,,0,,,,,0,0,,0,
sglang,38310,performance,open,0,0,,,1,0,,1,,,,,1,0,,0,
sglang,41340,performance,open,0,1,,,1,1,1,1,,,,,1,1,,0,
sglang,40874,performance,open,0,1,,,1,0,,1,,,,,0,1,,0,
sglang,37812,performance,open,0,1,,,1,1,0,1,,,,,0,0,,0,
sglang,41093,performance,open,0,1,,,0,0,,0,,,,,0,0,,0,
sglang,40596,performance,open,0,1,,,1,0,,1,,,,,1,1,,0,
sglang,40998,performance,open,0,1,,,1,0,,1,,,,,1,1,,0,
sglang,39314,performance,open,0,1,,,0,1,0,1,,,,,0,0,,0,
sglang,39994,performance,open,0,1,,,1,1,1,1,,,,,1,0,,0,
sglang,40583,performance,open,0,1,,,1,1,0,1,,,,,1,0,,0,
sglang,40367,performance,open,0,0,,,1,0,,1,,,,,1,1,,0,
sglang,41171,performance,open,0,1,,,1,1,1,1,,,,,1,1,,0,
sglang,38294,performance,open,0,1,,,0,0,,0,,,,,0,0,,0,
sglang,37595,performance,open,0,1,,,0,1,0,0,,,,,1,1,,0,
sglang,41561,performance,open,0,1,,,1,1,1,1,,,,,1,1,,0,
sglang,38266,performance,open,0,1,,,1,1,1,1,,,,,1,1,,0,
sglang,40029,performance,open,0,0,,,0,0,,1,,,,,1,0,,0,
sglang,37535,performance,open,0,0,,,1,1,0,1,,,,,1,1,,0,
sglang,39542,performance,open,0,0,,,1,0,,1,,,,,1,1,,0,
sglang,41134,performance,open,0,1,,,1,1,1,1,,,,,1,1,,0,
sglang,39062,performance,open,0,0,,,1,0,,1,,,,,1,1,,0,
sglang,39071,performance,open,0,1,,,1,1,1,1,,,,,1,1,,0,
sglang,38146,performance,open,0,1,,,0,0,,0,,,,,0,0,,0,
sglang,41459,performance,open,0,1,,,1,1,1,1,,,,,0,0,,0,
sglang,38650,performance,open,0,1,,,1,1,1,1,,,,,1,1,,0,
sglang,41587,performance,open,0,0,,,1,1,1,1,,,,,1,1,,0,
sglang,39978,performance,open,0,1,,,1,1,1,1,,,,,1,1,,0,
sglang,38454,performance,open,0,1,,,1,0,,1,,,,,1,1,,0,
sglang,37766,performance,open,0,1,,,1,0,,1,,,,,0,0,,0,
sglang,41401,performance,open,0,1,,,0,1,0,1,,,,,0,0,,0,
sglang,38272,performance,open,0,1,,,1,0,,1,,,,,1,1,,0,
sglang,37797,performance,open,0,0,,,1,1,1,0,,,,,1,1,,0,
sglang,41365,performance,open,0,1,,,1,0,,1,,,,,0,0,,0,
sglang,38101,performance,open,0,1,,,1,1,1,0,,,,,0,0,,0,
sglang,40782,performance,open,0,1,,,1,0,,1,,,,,0,0,,0,
sglang,41278,performance,open,0,0,,,1,1,1,1,,,,,0,0,,0,
sglang,37796,performance,open,0,0,,,1,1,1,1,,,,,1,1,,0,
sglang,40421,performance,open,0,1,,,1,1,0,1,,,,,0,0,,0,
sglang,38084,performance,open,0,1,,,1,1,1,1,,,,,0,0,,0,
sglang,38601,performance,open,0,1,,,1,1,0,0,,,,,1,0,,0,
sglang,41288,performance,open,0,0,,,1,1,1,0,,,,,1,1,,0,
sglang,39258,performance,open,0,1,,,0,0,,0,,,,,0,1,,0,
sglang,40150,performance,open,0,1,,,1,0,,0,,,,,0,0,,0,
sglang,37756,performance,open,0,1,,,1,0,,0,,,,,1,1,,0,
sglang,40863,performance,open,0,1,,,1,1,1,1,,,,,1,1,,1,0
sglang,39025,performance,open,0,1,,,1,1,1,1,,,,,1,1,,0,
sglang,39642,performance,open,0,1,,,0,0,,0,,,,,1,1,,0,
sglang,39825,performance,open,0,1,,,0,0,,0,,,,,0,0,,0,
sglang,38905,performance,open,0,1,,,1,0,,0,,,,,1,1,,0,
sglang,37309,performance,open,0,1,,,0,0,,1,,,,,0,0,,0,
sglang,39425,performance,open,0,0,,,0,0,,0,,,,,0,0,,0,
sglang,40548,performance,open,0,1,,,1,1,0,0,,,,,0,0,,0,
sglang,37828,performance,open,0,0,,,0,0,,1,,,,,1,1,,0,
sglang,39856,performance,open,0,0,,,1,0,,1,,,,,1,1,,0,
sglang,37851,performance,open,0,1,,,1,1,1,1,,,,,1,1,,1,0
sglang,39546,performance,open,0,1,,,1,1,1,1,,,,,1,0,,0,
sglang,39608,performance,open,0,1,,,1,1,1,0,,,,,1,1,,0,
sglang,40783,performance,open,0,1,,,1,0,,1,,,,,0,0,,0,
sglang,40100,performance,open,0,1,,,1,0,,0,,,,,0,0,,0,
sglang,41371,performance,open,0,0,,,1,1,0,0,,,,,0,0,,0,
sglang,38701,performance,open,0,1,,,1,1,0,1,,,,,0,0,,0,
sglang,38170,performance,open,0,1,,,1,0,,1,,,,,1,1,,0,
sglang,39770,performance,open,0,1,,,1,1,1,1,,,,,1,0,,0,
sglang,39130,performance,open,0,0,,,0,1,1,1,,,,,1,1,,0,
sglang,40585,performance,open,0,1,,,0,1,0,1,,,,,1,0,,0,
sglang,41519,performance,open,0,1,,,1,1,1,1,,,,,1,1,,0,
sglang,40528,performance,open,0,0,,,1,0,,1,,,,,1,1,,0,
sglang,41057,performance,open,0,1,,,1,0,,0,,,,,1,1,,0,
sglang,38115,performance,open,0,0,,,1,1,1,1,,,,,1,1,,0,
sglang,38303,performance,open,0,1,,,1,1,1,1,,,,,1,1,,0,
sglang,40261,performance,open,0,1,,,0,0,,0,,,,,1,1,,0,
sglang,41035,performance,open,0,1,,,1,1,0,1,,,,,1,0,,0,
sglang,40096,performance,open,0,1,,,1,0,,0,,,,,0,0,,0,
sglang,39210,performance,open,0,1,,,1,0,,0,,,,,1,1,,0,
sglang,37362,performance,open,0,1,,,1,1,0,0,,,,,0,0,,0,
sglang,38301,performance,open,0,1,,,1,1,1,0,,,,,1,1,,1,0
sglang,37569,performance,open,0,1,,,0,0,,0,,,,,0,0,,0,
sglang,39249,performance,open,0,1,,,1,0,,1,,,,,0,0,,0,
sglang,37323,performance,open,0,1,,,1,1,1,1,,,,,0,0,,0,
sglang,38213,performance,open,0,0,,,1,1,1,0,,,,,1,1,,0,
sglang,41496,performance,open,0,0,,,0,0,,0,,,,,1,1,,0,
sglang,38444,performance,open,0,1,,,1,1,0,0,,,,,0,0,,0,
sglang,39873,performance,open,0,1,,,0,1,0,1,,,,,0,0,,0,
sglang,40160,performance,open,0,1,,,1,1,0,1,,,,,0,0,,0,
sglang,38153,performance,open,0,1,,,1,0,,1,,,,,1,0,,0,
sglang,36665,performance,open,0,1,,,1,1,0,1,,,,,0,0,,0,
sglang,11397,comparison,closed,0,0,,,0,0,,0,,,,,0,0,,0,
sglang,11908,comparison,merged,1,0,1,1,0,1,0,0,,,,,1,0,1,0,
sglang,12348,comparison,merged,1,1,0,0,0,0,,0,,,,,0,0,1,0,
sglang,12412,comparison,merged,1,1,1,1,1,0,,0,,,,,1,0,1,0,
sglang,11687,comparison,merged,1,1,1,1,1,0,,0,,,,,1,0,1,0,
sglang,11692,comparison,merged,1,0,0,1,0,0,,0,,,,,0,0,1,0,
sglang,12034,comparison,merged,1,0,1,1,0,0,,0,,,,,0,0,1,0,
sglang,12060,comparison,merged,1,0,0,0,0,0,,0,,,,,0,0,1,0,
sglang,12087,comparison,merged,1,0,0,1,0,0,,0,,,,,0,0,1,0,
sglang,11704,comparison,closed,0,0,,,0,0,,0,,,,,0,0,,0,
sglang,11370,comparison,merged,1,0,1,1,1,0,,0,,,,,0,0,1,0,
sglang,11368,comparison,merged,1,0,1,1,1,0,,0,,,,,0,0,1,0,
sglang,11872,comparison,closed,0,0,,,0,0,,0,,,,,0,0,,0,
sglang,12346,comparison,merged,1,1,1,1,0,0,,0,,,,,0,0,1,0,
sglang,14041,comparison,closed,0,0,,,0,0,,0,,,,,1,1,,0,
sglang,13517,comparison,closed,0,0,,,0,0,,0,,,,,0,0,,0,
sglang,12889,comparison,merged,1,0,1,1,0,1,0,0,,,,,0,0,1,1,0
sglang,12597,comparison,merged,1,0,1,1,0,0,,0,,,,,0,0,1,0,
sglang,13135,comparison,merged,1,1,0,1,0,0,,0,,,,,0,0,1,0,
sglang,13312,comparison,merged,1,1,1,1,0,0,,0,,,,,0,0,1,0,
sglang,12940,comparison,merged,1,0,1,1,0,0,,0,,,,,0,0,1,0,
sglang,13532,comparison,merged,1,1,0,0,0,0,,0,,,,,0,0,1,0,
sglang,12624,comparison,closed,0,0,,,1,0,,0,,,,,0,0,,0,
sglang,12843,comparison,merged,1,1,0,0,0,0,,0,,,,,0,0,1,0,
sglang,13833,comparison,merged,1,1,0,0,1,0,,0,,,,,0,0,0,0,
sglang,13937,comparison,merged,1,0,1,1,1,0,,0,,,,,0,0,0,0,
sglang,12662,comparison,merged,1,1,1,1,0,0,,0,,,,,0,0,1,0,
sglang,12656,comparison,merged,1,1,1,1,0,0,,0,,,,,1,0,1,0,
sglang,14080,comparison,merged,1,0,0,0,1,0,,0,,,,,0,0,0,0,
sglang,12703,comparison,open,0,0,,,0,0,,0,,,,,0,0,,0,
sglang,13569,comparison,closed,0,0,,,1,0,,0,,,,,0,0,,0,
sglang,13636,comparison,closed,0,0,,,1,0,,0,,,,,0,0,,0,
sglang,14056,comparison,closed,0,1,,,0,0,,1,,,,,1,1,,0,
sglang,14000,comparison,merged,1,1,1,1,1,0,,0,,,,,0,0,1,0,
sglang,12677,comparison,merged,1,1,1,1,1,0,,0,,,,,0,0,1,0,
sglang,14143,comparison,merged,1,1,1,1,1,0,,0,,,,,1,1,1,0,
sglang,15980,comparison,closed,0,0,,,0,0,,0,,,,,0,0,,0,
sglang,16073,comparison,closed,0,1,,,0,0,,0,,,,,1,0,,0,
sglang,16126,comparison,closed,0,0,,,0,0,,0,,,,,0,0,,0,
sglang,15594,comparison,closed,0,1,,,0,0,,0,,,,,1,0,,0,
sglang,15327,comparison,closed,0,1,,,0,0,,0,,,,,0,0,,0,
sglang,14455,comparison,merged,1,0,0,0,0,0,,0,,,,,0,0,0,0,
sglang,15111,comparison,merged,1,1,1,1,0,0,,1,,,,,1,1,1,0,
sglang,14518,comparison,merged,1,0,1,1,0,0,,0,,,,,0,0,1,0,
sglang,15613,comparison,merged,1,0,0,0,1,0,,0,,,,,0,0,1,0,
sglang,16118,comparison,merged,1,1,1,1,0,0,,1,,,,,0,0,1,0,
sglang,16183,comparison,merged,1,1,0,0,0,0,,0,,,,,0,0,1,0,
sglang,15614,comparison,open,0,0,,,0,0,,0,,,,,0,0,,0,
sglang,15161,comparison,closed,0,0,,,0,0,,0,,,,,0,0,,0,
sglang,14410,comparison,closed,0,1,,,0,0,,1,,,,,0,1,,0,
sglang,15956,comparison,closed,0,0,,,1,0,,0,,,,,0,0,,0,
sglang,15607,comparison,merged,1,0,0,0,0,0,,0,,,,,0,0,1,0,
sglang,15469,comparison,merged,1,0,0,0,1,0,,1,,,,,1,1,1,0,
sglang,16213,comparison,merged,1,1,0,0,1,0,,0,,,,,0,0,1,0,
sglang,14326,comparison,merged,1,0,0,0,1,0,,0,,,,,0,0,1,0,
sglang,15842,comparison,merged,1,1,0,0,1,0,,0,,,,,0,0,1,0,
sglang,15233,comparison,merged,1,0,1,1,0,0,,1,,,,,1,0,1,0,
sglang,15151,comparison,merged,1,0,1,1,0,1,0,0,,,,,0,0,1,0,
sglang,15190,comparison,merged,1,1,0,0,0,0,,0,,,,,0,0,1,0,
sglang,14921,comparison,merged,1,0,0,0,1,0,,0,,,,,0,0,1,0,
sglang,15038,comparison,open,0,0,,,0,0,,0,,,,,0,0,,0,
sglang,14947,comparison,closed,0,0,,,0,1,0,0,,,,,0,0,,0,
sglang,15766,comparison,closed,0,0,,,0,0,,0,,,,,0,0,,0,
sglang,15499,comparison,closed,0,0,,,0,0,,0,,,,,0,0,,0,
sglang,15106,comparison,merged,1,1,0,0,0,0,,0,,,,,0,0,0,0,
sglang,16227,comparison,merged,1,1,1,1,0,1,0,0,,,,,0,0,1,0,
sglang,15041,comparison,open,0,1,,,1,0,,0,,,,,1,1,,0,
sglang,16346,comparison,closed,0,1,,,1,0,,0,,,,,0,0,,0,
sglang,18027,comparison,closed,0,1,,,0,0,,0,,,,,0,0,,0,
sglang,17832,comparison,closed,0,1,,,0,1,1,1,,,,,0,0,,1,0
sglang,17258,comparison,closed,0,1,,,0,1,0,0,,,,,0,0,,1,0
sglang,17595,comparison,closed,0,0,,,0,0,,0,,,,,0,0,,0,
sglang,17120,comparison,closed,0,1,,,0,0,,0,,,,,1,0,,0,
sglang,17819,comparison,merged,1,1,0,0,0,0,,0,,,,,0,0,0,0,
sglang,17248,comparison,merged,1,0,0,0,1,0,,0,,,,,0,0,1,0,
sglang,16844,comparison,merged,1,0,1,1,1,0,,0,,,,,1,0,1,0,
sglang,17382,comparison,merged,1,0,0,0,0,0,,0,,,,,1,0,0,0,
sglang,16908,comparison,merged,1,0,0,0,1,0,,0,,,,,0,0,1,0,
sglang,16567,comparison,merged,1,0,1,1,0,0,,0,,,,,0,0,1,0,
sglang,17339,comparison,merged,1,1,0,0,0,0,,0,,,,,0,0,1,0,
sglang,17245,comparison,merged,1,1,0,0,0,0,,0,,,,,0,0,0,0,
sglang,17317,comparison,merged,1,1,0,0,0,0,,0,,,,,0,0,1,0,
sglang,17150,comparison,closed,0,1,,,1,0,,0,,,,,0,0,,0,
sglang,17881,comparison,closed,0,0,,,1,0,,0,,,,,0,0,,0,
sglang,16443,comparison,closed,0,0,,,0,0,,0,,,,,0,0,,0,
sglang,17800,comparison,closed,0,1,,,1,0,,0,,,,,1,1,,0,
sglang,16357,comparison,merged,1,0,0,0,1,0,,0,,,,,0,0,0,0,
sglang,16947,comparison,merged,1,1,1,1,1,0,,0,,,,,1,0,1,0,
sglang,16395,comparison,merged,1,1,1,1,1,0,,0,,,,,0,0,1,0,
sglang,18048,comparison,open,0,0,,,1,0,,0,,,,,0,0,,0,
sglang,17507,comparison,merged,1,1,1,1,0,0,,0,,,,,1,0,1,0,
sglang,16597,comparison,merged,1,1,0,0,1,0,,0,,,,,0,0,1,0,
sglang,18536,comparison,closed,0,1,,,0,0,,0,,,,,0,0,,0,
sglang,19334,comparison,closed,0,1,,,0,0,,0,,,,,0,0,,0,
sglang,18947,comparison,merged,1,0,0,0,0,0,,0,,,,,0,0,0,0,
sglang,18280,comparison,merged,1,1,1,1,1,1,0,0,,,,,0,0,1,0,
sglang,18657,comparison,merged,1,0,0,0,0,0,,0,,,,,0,0,0,0,
sglang,19190,comparison,merged,1,1,1,1,0,0,,0,,,,,0,0,1,0,
sglang,19324,comparison,open,0,1,,,1,0,,1,,,,,1,0,,0,
sglang,19110,comparison,closed,0,1,,,1,0,,0,,,,,0,0,,0,
sglang,19261,comparison,closed,0,0,,,0,0,,0,,,,,0,0,,0,
sglang,18806,comparison,closed,0,1,,,0,0,,0,,,,,1,1,,0,
sglang,19319,comparison,merged,1,1,1,1,1,1,0,0,,,,,0,0,1,0,
sglang,19279,comparison,merged,1,0,0,0,1,0,,0,,,,,0,0,0,0,
sglang,19396,comparison,merged,1,1,1,1,0,0,,0,,,,,0,0,0,0,
sglang,19362,comparison,merged,1,1,1,1,1,0,,0,,,,,0,0,1,0,
sglang,18805,comparison,merged,1,1,1,1,1,0,,0,,,,,1,0,1,0,
sglang,18555,comparison,merged,1,1,1,1,0,1,1,0,,,,,0,0,1,0,
sglang,18355,comparison,merged,1,1,1,1,0,0,,1,,,,,1,1,1,0,
sglang,18158,comparison,closed,0,1,,,0,0,,1,,,,,1,1,,0,
sglang,18093,comparison,closed,0,0,,,0,0,,1,,,,,1,1,,0,
sglang,19061,comparison,closed,0,1,,,1,1,1,1,,,,,0,0,,0,
sglang,19375,comparison,merged,1,0,0,0,1,0,,0,,,,,0,0,0,0,
sglang,19540,comparison,merged,1,1,0,0,0,1,0,0,,,,,0,0,0,0,
sglang,19059,comparison,merged,1,1,0,0,1,1,1,1,,,,,1,1,1,0,
sglang,20421,comparison,closed,0,1,,,0,0,,0,,,,,0,0,,0,
sglang,19808,comparison,closed,0,0,,,1,0,,0,,,,,0,0,,0,
sglang,20128,comparison,closed,0,1,,,0,0,,0,,,,,0,0,,0,
sglang,20596,comparison,merged,1,1,1,1,0,0,,0,,,,,0,0,0,0,
sglang,21003,comparison,merged,1,0,0,0,1,0,,0,,,,,0,0,0,0,
sglang,20940,comparison,merged,1,1,0,0,0,0,,0,,,,,0,0,1,0,
sglang,20412,comparison,merged,1,0,1,1,1,1,1,0,,,,,0,0,0,0,
sglang,20885,comparison,merged,1,0,0,0,0,0,,0,,,,,0,0,1,0,
sglang,21008,comparison,merged,1,0,0,0,1,0,,0,,,,,0,0,1,0,
sglang,21565,comparison,merged,1,1,1,1,0,0,,0,,,,,0,0,1,0,
sglang,21764,comparison,merged,1,1,1,1,0,0,,0,,,,,0,0,1,0,
sglang,21720,comparison,closed,0,1,,,0,0,,0,,,,,0,0,,0,
sglang,19876,comparison,closed,0,1,,,0,0,,1,,,,,0,0,,0,
sglang,21355,comparison,closed,0,0,,,1,0,,1,,,,,0,0,,0,
sglang,20136,comparison,closed,0,1,,,0,0,,0,,,,,0,0,,0,
sglang,20330,comparison,merged,1,1,1,1,1,0,,0,,,,,1,0,1,0,
sglang,20058,comparison,merged,1,1,0,0,0,0,,0,,,,,0,0,1,0,
sglang,19731,comparison,merged,1,1,1,1,1,0,,0,,,,,0,0,0,0,
sglang,19614,comparison,merged,1,1,1,1,1,0,,0,,,,,1,0,1,0,
sglang,20516,comparison,open,0,0,,,0,1,0,0,,,,,1,1,,0,
sglang,21577,comparison,closed,0,0,,,1,0,,0,,,,,0,0,,0,
sglang,20133,comparison,closed,0,1,,,1,0,,0,,,,,0,0,,0,
sglang,21643,comparison,closed,0,0,,,1,0,,0,,,,,0,0,,0,
sglang,20810,comparison,closed,0,1,,,0,0,,0,,,,,0,0,,0,
sglang,20666,comparison,closed,0,0,,,1,0,,0,,,,,0,0,,0,
sglang,20045,comparison,closed,0,0,,,1,0,,0,,,,,0,0,,0,
sglang,21369,comparison,closed,0,1,,,1,1,1,1,,,,,0,0,,0,
sglang,21219,comparison,merged,1,0,0,0,0,0,,0,,,,,0,0,1,0,
sglang,20137,comparison,merged,1,1,0,0,1,0,,0,,,,,0,0,1,0,
sglang,19682,comparison,merged,1,0,0,0,1,0,,0,,,,,0,0,0,0,
sglang,20036,comparison,merged,1,0,1,1,1,0,,0,,,,,0,0,1,0,
sglang,21722,comparison,merged,1,0,1,1,1,0,,0,,,,,0,1,1,0,
sglang,21661,comparison,open,0,0,,,1,0,,0,,,,,0,1,,0,
sglang,24039,comparison,closed,0,0,,,0,0,,1,,,,,0,0,,0,
sglang,22027,comparison,closed,0,1,,,0,0,,0,,,,,0,0,,0,
sglang,22356,comparison,closed,0,0,,,0,0,,0,,,,,0,0,,0,
sglang,22367,comparison,merged,1,0,0,0,1,0,,0,,,,,0,0,1,0,
sglang,22727,comparison,merged,1,0,0,0,0,0,,0,,,,,0,0,0,0,
sglang,23590,comparison,merged,1,0,1,1,1,1,0,1,,,,,0,1,1,1,0
sglang,22322,comparison,merged,1,1,0,0,0,0,,0,,,,,0,0,0,0,
sglang,22112,comparison,merged,1,1,1,1,0,0,,0,,,,,1,0,1,0,
sglang,21974,comparison,merged,1,0,1,1,0,0,,0,,,,,0,0,1,0,
sglang,22140,comparison,merged,1,1,0,0,1,0,,0,,,,,0,0,1,0,
sglang,23823,comparison,open,0,1,,,1,0,,0,,,,,0,0,,0,
sglang,22201,comparison,closed,0,1,,,1,0,,0,,,,,0,0,,0,
sglang,24123,comparison,closed,0,1,,,1,0,,0,,,,,0,0,,0,
sglang,22619,comparison,closed,0,1,,,1,0,,0,,,,,0,0,,0,
sglang,22636,comparison,closed,0,1,,,1,0,,0,,,,,0,0,,0,
sglang,22538,comparison,closed,0,1,,,1,1,1,0,,,,,1,1,,0,
sglang,22839,comparison,closed,0,0,,,1,0,,0,,,,,1,0,,0,
sglang,21864,comparison,merged,1,1,1,1,0,0,,0,,,,,1,0,1,0,
sglang,22815,comparison,merged,1,0,1,1,1,0,,0,,,,,0,0,0,0,
sglang,22312,comparison,merged,1,0,1,1,1,0,,0,,,,,1,0,1,0,
sglang,23241,comparison,merged,1,1,1,1,0,0,,1,,,,,1,1,1,0,
sglang,23052,comparison,merged,1,1,0,0,0,0,,0,,,,,0,0,0,0,
sglang,23560,comparison,closed,0,0,,,1,0,,0,,,,,0,0,,0,
sglang,23766,comparison,closed,0,0,,,1,0,,0,,,,,0,0,,0,
sglang,22781,comparison,closed,0,0,,,1,0,,0,,,,,0,0,,0,
sglang,22451,comparison,closed,0,1,,,1,0,,0,,,,,0,0,,0,
sglang,22197,comparison,closed,0,1,,,0,0,,0,,,,,1,1,,0,
sglang,22524,comparison,closed,0,0,,,0,0,,0,,,,,0,0,,0,
sglang,23956,comparison,merged,1,0,0,0,1,0,,0,,,,,0,0,0,0,
sglang,22854,comparison,merged,1,1,0,0,1,0,,0,,,,,0,0,1,0,
sglang,22091,comparison,merged,1,1,0,0,0,1,0,1,,,,,0,0,1,0,
sglang,23906,comparison,merged,1,1,1,1,0,1,1,0,,,,,0,0,1,0,
sglang,22182,comparison,merged,1,1,0,0,1,0,,0,,,,,0,0,1,0,
sglang,23835,comparison,merged,1,1,1,1,1,0,,0,,,,,0,0,1,0,
sglang,23350,comparison,open,0,1,,,1,1,1,0,,,,,0,0,,0,
sglang,22731,comparison,open,0,1,,,1,0,,0,,,,,0,0,,0,
sglang,24300,comparison,closed,0,0,,,1,1,0,0,,,,,0,0,,0,
sglang,24267,comparison,closed,0,0,,,0,0,,0,,,,,0,0,,0,
sglang,26777,comparison,closed,0,0,,,0,0,,0,,,,,0,0,,0,
sglang,24280,comparison,closed,0,1,,,0,1,0,0,,,,,0,0,,0,
sglang,24792,comparison,closed,0,0,,,0,0,,0,,,,,0,0,,0,
sglang,25834,comparison,closed,0,0,,,1,0,,0,,,,,0,0,,0,
sglang,25053,comparison,closed,0,1,,,0,0,,1,,,,,0,0,,0,
sglang,25066,comparison,closed,0,1,,,0,0,,0,,,,,0,0,,0,
sglang,25750,comparison,merged,1,0,1,1,0,0,,0,,,,,0,0,1,0,
sglang,24374,comparison,merged,1,1,0,0,0,0,,0,,,,,0,0,0,0,
sglang,26338,comparison,merged,1,0,0,0,0,0,,0,,,,,0,0,1,0,
sglang,25221,comparison,merged,1,1,1,1,0,0,,0,,,,,0,0,0,0,
sglang,25674,comparison,merged,1,1,1,1,0,0,,0,,,,,0,0,1,0,
sglang,25713,comparison,merged,1,0,0,0,0,0,,0,,,,,0,0,0,0,
sglang,26170,comparison,merged,1,0,0,0,0,0,,0,,,,,0,0,0,0,
sglang,26288,comparison,merged,1,1,1,1,1,0,,1,,,,,0,0,1,0,
sglang,25287,comparison,merged,1,1,1,1,0,0,,0,,,,,0,0,1,0,
sglang,25308,comparison,merged,1,1,1,1,1,0,,1,,,,,1,1,1,0,
sglang,25503,comparison,closed,0,0,,,1,0,,0,,,,,0,0,,0,
sglang,25421,comparison,closed,0,1,,,0,0,,1,,,,,0,1,,0,
sglang,25280,comparison,closed,0,1,,,1,0,,1,,,,,0,0,,0,
sglang,25302,comparison,closed,0,1,,,1,0,,0,,,,,0,0,,0,
sglang,25843,comparison,merged,1,0,0,0,0,1,1,0,,,,,0,0,1,0,
sglang,25115,comparison,merged,1,1,1,1,0,0,,0,,,,,0,0,0,0,
sglang,25318,comparison,merged,1,0,0,0,1,0,,0,,,,,0,0,0,0,
sglang,24270,comparison,merged,1,1,0,0,0,0,,0,,,,,0,0,0,0,
sglang,24904,comparison,merged,1,1,0,0,1,0,,0,,,,,0,0,0,0,
sglang,26010,comparison,open,0,1,,,0,0,,0,,,,,1,0,,0,
sglang,25936,comparison,closed,0,1,,,0,1,0,0,,,,,0,0,,0,
sglang,26691,comparison,closed,0,1,,,1,0,,1,,,,,0,0,,0,
sglang,24780,comparison,closed,0,1,,,0,0,,0,,,,,0,0,,0,
sglang,26409,comparison,closed,0,1,,,1,1,0,0,,,,,1,0,,0,
sglang,25952,comparison,closed,0,1,,,1,0,,0,,,,,0,0,,0,
sglang,24953,comparison,closed,0,1,,,0,0,,0,,,,,0,0,,0,
sglang,26676,comparison,merged,1,1,1,1,1,0,,0,,,,,1,1,1,0,
sglang,24932,comparison,merged,1,1,1,1,1,0,,0,,,,,0,0,1,0,
sglang,24203,comparison,merged,1,1,1,1,1,0,,0,,,,,1,0,0,0,
sglang,26278,comparison,merged,1,0,1,1,0,0,,0,,,,,0,0,1,0,
sglang,24890,comparison,merged,1,0,0,0,1,1,1,0,,,,,0,0,1,0,
sglang,24931,comparison,merged,1,0,1,1,0,0,,0,,,,,0,0,1,0,
sglang,25197,comparison,merged,1,0,0,0,1,1,0,0,,,,,0,0,1,0,
sglang,25224,comparison,merged,1,0,1,1,0,1,0,0,,,,,0,0,0,0,
sglang,26295,comparison,merged,1,0,1,1,1,0,,0,,,,,1,0,1,0,
sglang,24917,comparison,open,0,1,,,1,1,0,0,,,,,0,0,,0,
sglang,26073,comparison,open,0,1,,,1,0,,0,,,,,1,1,,0,
sglang,26317,comparison,open,0,1,,,0,1,0,0,,,,,0,0,,0,
sglang,29178,comparison,closed,0,1,,,0,1,0,0,,,,,1,1,,0,
sglang,27245,comparison,closed,0,1,,,0,0,,0,,,,,0,0,,0,
sglang,29517,comparison,closed,0,0,,,1,0,,0,,,,,1,0,,0,
sglang,26872,comparison,closed,0,0,,,0,0,,0,,,,,0,0,,0,
sglang,28225,comparison,closed,0,0,,,1,0,,0,,,,,0,0,,0,
sglang,28452,comparison,closed,0,0,,,0,0,,0,,,,,1,0,,0,
sglang,28398,comparison,closed,0,1,,,0,0,,1,,,,,1,0,,0,
sglang,28248,comparison,closed,0,1,,,0,0,,0,,,,,0,0,,0,
sglang,27675,comparison,closed,0,0,,,1,0,,1,,,,,0,0,,0,
sglang,27647,comparison,merged,1,1,1,1,0,0,,0,,,,,0,0,1,0,
sglang,29654,comparison,merged,1,1,1,1,0,0,,1,,,,,0,0,1,0,
sglang,29017,comparison,merged,1,1,1,1,0,0,,1,,,,,0,0,0,0,
sglang,27287,comparison,merged,1,0,1,1,0,0,,0,,,,,0,0,1,0,
sglang,29675,comparison,merged,1,1,0,0,0,0,,0,,,,,0,0,0,0,
sglang,28309,comparison,merged,1,0,1,1,0,0,,1,,,,,1,1,1,0,
sglang,26903,comparison,merged,1,1,0,0,0,0,,0,,,,,0,0,1,0,
sglang,27715,comparison,merged,1,1,0,0,0,0,,0,,,,,0,0,0,0,
sglang,27947,comparison,merged,1,1,1,1,1,1,1,0,,,,,0,0,1,0,
sglang,27080,comparison,merged,1,1,0,0,1,0,,0,,,,,0,0,1,0,
sglang,27671,comparison,merged,1,0,1,1,0,0,,0,,,,,0,0,1,0,
sglang,28541,comparison,merged,1,1,1,1,0,0,,0,,,,,1,0,0,0,
sglang,27885,comparison,merged,1,1,1,1,0,0,,0,,,,,0,0,0,0,
sglang,27255,comparison,open,0,0,,,1,0,,0,,,,,0,0,,0,
sglang,29733,comparison,open,0,0,,,1,0,,0,,,,,0,0,,0,
sglang,27508,comparison,open,0,1,,,1,0,,0,,,,,0,0,,0,
sglang,27158,comparison,closed,0,1,,,1,0,,0,,,,,0,0,,0,
sglang,27099,comparison,closed,0,0,,,0,1,0,0,,,,,0,0,,1,0
sglang,28253,comparison,closed,0,0,,,0,0,,0,,,,,0,0,,0,
sglang,27266,comparison,closed,0,1,,,1,1,1,0,,,,,0,0,,0,
sglang,27448,comparison,closed,0,1,,,0,0,,0,,,,,0,0,,0,
sglang,28584,comparison,closed,0,0,,,0,0,,1,,,,,0,0,,0,
sglang,29046,comparison,closed,0,0,,,1,0,,0,,,,,0,0,,0,
sglang,27304,comparison,closed,0,0,,,1,0,,0,,,,,0,0,,0,
sglang,27749,comparison,merged,1,0,0,1,1,0,,0,,,,,0,0,0,0,
sglang,29432,comparison,merged,1,0,0,0,1,1,1,0,,,,,0,0,1,0,
sglang,28594,comparison,merged,1,1,0,0,1,0,,0,,,,,0,0,1,0,
sglang,27496,comparison,merged,1,0,1,1,0,0,,0,,,,,0,0,1,0,
sglang,27198,comparison,merged,1,0,0,0,0,0,,0,,,,,1,1,0,0,
sglang,29688,comparison,merged,1,1,1,1,1,0,,1,,,,,0,1,1,0,
sglang,29428,comparison,merged,1,0,0,0,1,0,,0,,,,,0,0,0,0,
sglang,27964,comparison,merged,1,1,0,0,1,0,,0,,,,,0,0,1,0,
sglang,29066,comparison,merged,1,1,1,1,1,1,0,0,,,,,0,0,1,0,
sglang,27248,comparison,merged,1,1,1,1,0,0,,0,,,,,0,0,1,0,
sglang,27746,comparison,open,0,0,,,1,0,,0,,,,,0,0,,0,
sglang,28217,comparison,closed,0,0,,,1,1,0,0,,,,,0,0,,0,
sglang,27509,comparison,closed,0,0,,,0,1,0,1,,,,,0,0,,0,
sglang,29762,comparison,closed,0,1,,,1,0,,0,,,,,1,0,,0,
sglang,27326,comparison,closed,0,0,,,1,0,,0,,,,,0,0,,0,
sglang,28847,comparison,closed,0,1,,,0,0,,0,,,,,0,0,,0,
sglang,29192,comparison,closed,0,0,,,1,1,0,0,,,,,1,0,,1,0
sglang,29107,comparison,closed,0,1,,,1,1,0,0,,,,,1,0,,0,
sglang,28830,comparison,merged,1,0,0,0,1,0,,0,,,,,0,0,1,0,
sglang,27313,comparison,merged,1,1,0,0,1,0,,0,,,,,0,0,0,0,
sglang,27449,comparison,merged,1,1,1,1,1,1,1,1,,,,,0,0,1,0,
sglang,29189,comparison,merged,1,1,1,1,1,0,,1,,,,,1,1,1,0,
sglang,28688,comparison,merged,1,0,0,1,1,0,,0,,,,,0,0,1,0,
sglang,26908,comparison,merged,1,1,1,1,1,0,,0,,,,,1,1,0,0,
sglang,29383,comparison,merged,1,0,1,1,1,1,1,0,,,,,1,1,1,1,0
sglang,28353,comparison,open,0,0,,,0,0,,0,,,,,0,0,,0,
sglang,27831,comparison,open,0,0,,,1,1,0,1,,,,,1,0,,0,
sglang,28767,comparison,open,0,0,,,1,1,0,0,,,,,0,0,,0,
sglang,28315,comparison,open,0,0,,,1,0,,1,,,,,0,0,,0,
sglang,32630,comparison,closed,0,1,,,0,0,,1,,,,,0,0,,0,
sglang,29863,comparison,closed,0,1,,,1,0,,0,,,,,0,0,,0,
sglang,31275,comparison,merged,1,1,1,1,0,0,,0,,,,,1,1,1,0,
sglang,32180,comparison,merged,1,1,1,1,0,0,,1,,,,,1,1,1,0,
sglang,30896,comparison,merged,1,1,0,0,1,1,1,0,,,,,0,0,1,0,
sglang,31643,comparison,merged,1,0,0,0,1,0,,1,,,,,0,0,1,0,
sglang,32718,comparison,merged,1,1,1,1,0,0,,1,,,,,1,1,0,0,
sglang,31507,comparison,merged,1,1,1,1,0,0,,0,,,,,0,0,0,0,
sglang,32592,comparison,merged,1,0,1,1,0,0,,0,,,,,0,0,0,0,
sglang,31369,comparison,merged,1,0,1,1,0,0,,0,,,,,0,0,1,0,
sglang,32402,comparison,merged,1,0,0,0,1,0,,0,,,,,0,0,0,0,
sglang,30730,comparison,merged,1,1,0,0,0,0,,0,,,,,0,0,0,0,
sglang,32170,comparison,open,0,0,,,0,0,,0,,,,,0,0,,0,
sglang,30950,comparison,open,0,0,,,0,0,,0,,,,,0,0,,0,
sglang,31256,comparison,open,0,1,,,0,0,,0,,,,,0,0,,0,
sglang,31872,comparison,open,0,0,,,1,1,0,0,,,,,0,0,,0,
sglang,32138,comparison,open,0,0,,,1,0,,0,,,,,1,1,,0,
sglang,30031,comparison,open,0,0,,,1,0,,0,,,,,0,0,,0,
sglang,32815,comparison,open,0,0,,,1,0,,1,,,,,1,1,,0,
sglang,30705,comparison,open,0,1,,,0,0,,1,,,,,0,0,,0,
sglang,30129,comparison,closed,0,1,,,1,0,,0,,,,,0,0,,0,
sglang,29947,comparison,closed,0,0,,,1,0,,0,,,,,1,1,,0,
sglang,32675,comparison,closed,0,0,,,1,0,,0,,,,,0,0,,0,
sglang,33017,comparison,closed,0,1,,,1,0,,0,,,,,0,0,,0,
sglang,32003,comparison,closed,0,0,,,0,0,,0,,,,,1,1,,0,
sglang,32740,comparison,closed,0,0,,,1,0,,0,,,,,0,0,,0,
sglang,32027,comparison,closed,0,1,,,1,0,,0,,,,,0,0,,0,
sglang,32123,comparison,merged,1,1,1,1,0,0,,0,,,,,0,0,0,0,
sglang,29789,comparison,merged,1,0,1,1,1,1,0,0,,,,,0,0,1,0,
sglang,31744,comparison,merged,1,1,1,1,1,0,,0,,,,,1,1,1,0,
sglang,29852,comparison,merged,1,1,0,0,1,0,,0,,,,,0,0,1,0,
sglang,31391,comparison,merged,1,0,0,0,1,0,,0,,,,,0,0,1,0,
sglang,29828,comparison,merged,1,0,0,0,0,0,,0,,,,,0,0,1,0,
sglang,32148,comparison,merged,1,1,0,0,1,1,0,0,,,,,0,0,1,1,1
sglang,30839,comparison,merged,1,1,0,0,1,1,1,0,,,,,0,0,1,0,
sglang,32136,comparison,open,0,0,,,1,0,,0,,,,,0,0,,0,
sglang,33040,comparison,open,0,1,,,0,1,0,0,,,,,1,1,,0,
sglang,31725,comparison,open,0,1,,,1,1,1,0,,,,,0,0,,0,
sglang,30771,comparison,open,0,0,,,1,0,,1,,,,,1,1,,0,
sglang,31478,comparison,open,0,1,,,1,0,,1,,,,,1,1,,0,
sglang,33045,comparison,open,0,0,,,1,0,,0,,,,,1,1,,0,
sglang,32278,comparison,open,0,0,,,0,0,,0,,,,,0,0,,0,
sglang,31529,comparison,open,0,1,,,1,1,1,0,,,,,1,1,,0,
sglang,31947,comparison,closed,0,1,,,1,1,1,0,,,,,1,0,,1,1
sglang,30304,comparison,closed,0,1,,,1,0,,0,,,,,1,1,,0,
sglang,30507,comparison,closed,0,0,,,1,0,,0,,,,,0,0,,0,
sglang,32510,comparison,closed,0,0,,,1,0,,0,,,,,1,1,,0,
sglang,32923,comparison,closed,0,0,,,1,0,,0,,,,,0,0,,0,
sglang,31818,comparison,closed,0,1,,,1,1,1,0,,,,,0,0,,0,
sglang,30192,comparison,closed,0,0,,,1,1,0,0,,,,,0,0,,0,
sglang,30272,comparison,merged,1,0,1,1,1,1,1,1,,,,,1,1,1,0,
sglang,32114,comparison,merged,1,0,1,1,1,1,0,0,,,,,0,0,1,1,1
sglang,33125,comparison,merged,1,1,0,0,1,0,,0,,,,,0,0,1,0,
sglang,30044,comparison,merged,1,1,0,0,0,1,1,0,,,,,0,0,1,0,
sglang,32242,comparison,merged,1,0,0,0,0,0,,0,,,,,0,0,0,0,
sglang,32692,comparison,merged,1,1,1,1,1,1,0,0,,,,,0,0,1,0,
sglang,31049,comparison,merged,1,1,1,1,1,1,1,1,,,,,0,0,1,0,
sglang,30246,comparison,merged,1,1,1,1,1,1,1,0,,,,,0,0,1,0,
sglang,30929,comparison,open,0,1,,,1,0,,0,,,,,1,1,,0,
sglang,31097,comparison,open,0,1,,,1,0,,1,,,,,1,0,,0,
sglang,32517,comparison,open,0,1,,,1,0,,0,,,,,1,1,,0,
sglang,32398,comparison,open,0,1,,,1,0,,0,,,,,0,0,,0,
sglang,32565,comparison,open,0,0,,,1,0,,0,,,,,1,1,,0,
sglang,32848,comparison,open,0,1,,,1,0,,1,,,,,0,0,,0,
sglang,32883,comparison,open,0,1,,,1,0,,0,,,,,0,0,,0,
sglang,33231,comparison,closed,0,1,,,0,0,,0,,,,,0,0,,0,
sglang,34049,comparison,closed,0,0,,,1,0,,0,,,,,0,0,,0,
sglang,33381,comparison,closed,0,0,,,0,0,,0,,,,,0,0,,0,
sglang,36005,comparison,merged,1,1,1,1,0,0,,1,,,,,1,0,1,0,
sglang,37108,comparison,merged,1,1,0,0,1,0,,0,,,,,0,0,1,0,
sglang,33608,comparison,merged,1,1,1,1,0,0,,0,,,,,0,0,1,0,
sglang,33634,comparison,merged,1,1,0,1,1,0,,0,,,,,0,0,0,0,
sglang,34158,comparison,merged,1,0,0,0,0,0,,0,,,,,0,0,1,0,
sglang,33473,comparison,merged,1,1,1,1,1,0,,1,,,,,0,0,1,0,
sglang,33847,comparison,merged,1,1,0,0,1,0,,0,,,,,0,0,0,0,
sglang,33405,comparison,merged,1,1,0,0,1,0,,0,,,,,0,0,0,0,
sglang,36056,comparison,merged,1,1,0,0,1,0,,0,,,,,0,0,1,0,
sglang,36407,comparison,merged,1,0,1,1,1,1,0,0,,,,,1,1,1,0,
sglang,33276,comparison,merged,1,0,1,1,1,0,,1,,,,,1,0,1,0,
sglang,37167,comparison,merged,1,1,0,0,1,0,,0,,,,,0,0,1,0,
sglang,35446,comparison,merged,1,0,1,1,1,0,,0,,,,,0,0,0,0,
sglang,33772,comparison,merged,1,1,0,0,1,0,,0,,,,,0,0,0,0,
sglang,33940,comparison,merged,1,0,0,0,1,0,,0,,,,,1,1,0,0,
sglang,33527,comparison,merged,1,1,0,0,1,0,,0,,,,,0,0,1,0,
sglang,34154,comparison,open,0,1,,,1,0,,1,,,,,1,1,,0,
sglang,34948,comparison,open,0,1,,,0,0,,1,,,,,0,0,,0,
sglang,36280,comparison,open,0,0,,,1,0,,0,,,,,0,0,,0,
sglang,33590,comparison,open,0,1,,,1,1,1,0,,,,,0,0,,0,
sglang,37002,comparison,open,0,1,,,1,0,,0,,,,,0,0,,0,
sglang,35733,comparison,open,0,1,,,0,1,0,0,,,,,1,1,,0,
sglang,34511,comparison,open,0,0,,,0,0,,0,,,,,0,0,,0,
sglang,36634,comparison,closed,0,1,,,1,0,,0,,,,,1,1,,0,
sglang,35240,comparison,closed,0,0,,,1,0,,0,,,,,0,0,,0,
sglang,34029,comparison,closed,0,1,,,1,0,,0,,,,,0,0,,0,
sglang,35675,comparison,closed,0,1,,,1,0,,1,,,,,1,1,,0,
sglang,33263,comparison,closed,0,0,,,1,0,,0,,,,,0,0,,0,
sglang,36370,comparison,closed,0,0,,,1,0,,0,,,,,0,0,,0,
sglang,35597,comparison,merged,1,1,0,0,0,0,,0,,,,,0,0,0,0,
sglang,34855,comparison,merged,1,1,1,1,1,1,1,0,,,,,1,1,1,0,
sglang,33704,comparison,merged,1,0,0,0,0,0,,0,,,,,0,0,1,0,
sglang,35588,comparison,merged,1,1,1,1,1,0,,0,,,,,1,1,1,0,
sglang,35463,comparison,merged,1,1,1,1,1,0,,1,,,,,0,0,1,0,
sglang,36982,comparison,merged,1,1,0,0,1,0,,0,,,,,0,0,1,0,
sglang,36622,comparison,merged,1,0,0,0,1,0,,0,,,,,1,1,1,0,
sglang,35455,comparison,merged,1,1,0,0,1,0,,0,,,,,1,1,1,0,
sglang,35021,comparison,merged,1,1,0,0,0,0,,1,,,,,1,1,1,0,
sglang,36241,comparison,merged,1,1,0,0,1,1,1,0,,,,,0,0,0,0,
sglang,35023,comparison,merged,1,0,0,0,1,0,,0,,,,,0,0,0,0,
sglang,35707,comparison,merged,1,1,0,0,1,0,,0,,,,,1,1,1,0,
sglang,34484,comparison,merged,1,1,1,1,1,1,1,0,,,,,0,0,1,1,0
sglang,35451,comparison,merged,1,1,1,1,1,0,,1,,,,,1,1,1,0,
sglang,37134,comparison,merged,1,1,1,1,1,1,1,1,,,,,0,0,1,0,
sglang,34797,comparison,merged,1,0,1,1,0,0,,0,,,,,0,0,0,0,
sglang,36438,comparison,open,0,1,,,0,0,,0,,,,,0,0,,0,
sglang,34625,comparison,open,0,1,,,1,0,,1,,,,,0,0,,0,
sglang,34385,comparison,open,0,1,,,0,0,,1,,,,,0,0,,0,
sglang,33476,comparison,open,0,1,,,1,0,,0,,,,,1,1,,0,
sglang,35837,comparison,open,0,1,,,1,0,,1,,,,,0,0,,0,
sglang,36158,comparison,open,0,1,,,1,0,,0,,,,,1,1,,0,
sglang,34681,comparison,open,0,1,,,1,0,,0,,,,,1,1,,0,
sglang,36335,comparison,open,0,1,,,1,1,1,0,,,,,0,0,,0,
sglang,34925,comparison,open,0,0,,,1,0,,0,,,,,0,1,,0,
sglang,37271,comparison,closed,0,1,,,1,0,,1,,,,,0,0,,0,
sglang,33211,comparison,closed,0,0,,,0,0,,0,,,,,0,0,,0,
sglang,35517,comparison,closed,0,0,,,0,0,,0,,,,,0,0,,0,
sglang,34087,comparison,closed,0,1,,,1,1,1,0,,,,,0,0,,0,
sglang,35960,comparison,closed,0,1,,,1,0,,1,,,,,0,0,,0,
sglang,33790,comparison,closed,0,0,,,1,1,0,0,,,,,0,0,,0,
sglang,35026,comparison,merged,1,0,0,0,1,0,,0,,,,,0,0,0,0,
sglang,35679,comparison,merged,1,1,0,0,1,0,,0,,,,,0,0,1,0,
sglang,35269,comparison,merged,1,1,1,1,1,0,,0,,,,,1,0,1,0,
sglang,36063,comparison,merged,1,1,0,0,1,0,,0,,,,,0,0,1,0,
sglang,36255,comparison,merged,1,0,0,0,1,0,,0,,,,,0,0,0,0,
sglang,33889,comparison,merged,1,0,0,0,1,0,,1,,,,,0,0,0,0,
sglang,35016,comparison,merged,1,1,0,0,1,0,,0,,,,,0,0,1,0,
sglang,36848,comparison,merged,1,1,0,0,1,0,,1,,,,,1,1,1,0,
sglang,36610,comparison,open,0,1,,,1,0,,0,,,,,0,0,,0,
sglang,37277,comparison,open,0,1,,,1,0,,0,,,,,1,0,,0,
sglang,33716,comparison,open,0,1,,,1,0,,1,,,,,1,1,,0,
sglang,36133,comparison,open,0,1,,,1,1,1,0,,,,,1,1,,0,
sglang,36664,comparison,open,0,1,,,1,1,0,0,,,,,0,0,,0,
sglang,36670,comparison,open,0,0,,,1,1,0,0,,,,,0,0,,0,
sglang,35413,comparison,open,0,1,,,1,0,,1,,,,,0,0,,0,
sglang,36601,comparison,open,0,1,,,1,1,1,0,,,,,0,0,,0,
sglang,36703,comparison,open,0,1,,,1,0,,1,,,,,0,0,,0,
sglang,34814,comparison,open,0,0,,,1,0,,0,,,,,1,1,,0,
sglang,36345,comparison,open,0,1,,,1,0,,0,,,,,0,0,,0,
sglang,35173,comparison,open,0,0,,,1,0,,0,,,,,0,0,,0,
sglang,33221,comparison,open,0,0,,,0,0,,0,,,,,0,0,,0,
sglang,36733,comparison,open,0,1,,,1,0,,1,,,,,1,1,,0,
sglang,37135,comparison,open,0,1,,,0,1,0,0,,,,,1,0,,0,
sglang,33979,comparison,open,0,1,,,1,0,,0,,,,,1,1,,0,
sglang,34313,comparison,open,0,1,,,1,0,,0,,,,,0,0,,0,
sglang,34140,comparison,open,0,1,,,1,1,1,1,,,,,0,1,,0,
sglang,35959,comparison,open,0,1,,,0,1,1,0,,,,,0,0,,0,
sglang,36261,comparison,open,0,1,,,0,0,,0,,,,,1,0,,0,
sglang,38248,comparison,closed,0,1,,,1,0,,0,,,,,0,0,,0,
sglang,40615,comparison,closed,0,1,,,1,1,1,0,,,,,0,0,,0,
sglang,40050,comparison,closed,0,1,,,0,0,,0,,,,,1,1,,0,
sglang,39230,comparison,merged,1,1,1,1,0,0,,0,,,,,0,0,0,0,
sglang,38346,comparison,merged,1,0,1,1,0,0,,0,,,,,0,0,0,0,
sglang,37760,comparison,merged,1,1,0,1,1,0,,1,,,,,0,0,0,0,
sglang,40456,comparison,merged,1,1,1,1,0,0,,0,,,,,0,0,1,0,
sglang,37695,comparison,merged,1,1,0,0,0,0,,0,,,,,0,0,0,0,
sglang,39678,comparison,merged,1,1,0,0,0,0,,0,,,,,0,0,1,0,
sglang,40604,comparison,merged,1,1,1,1,1,0,,0,,,,,1,1,1,0,
sglang,41345,comparison,merged,1,1,1,1,1,0,,0,,,,,1,0,1,0,
sglang,38705,comparison,open,0,1,,,1,0,,0,,,,,0,0,,0,
sglang,38717,comparison,open,0,1,,,1,0,,0,,,,,1,1,,0,
sglang,37943,comparison,open,0,1,,,1,0,,1,,,,,0,0,,0,
sglang,40940,comparison,open,0,1,,,0,0,,0,,,,,0,0,,0,
sglang,40981,comparison,open,0,1,,,0,0,,0,,,,,0,0,,0,
sglang,41219,comparison,open,0,1,,,1,0,,0,,,,,1,1,,0,
sglang,39947,comparison,open,0,1,,,0,1,0,1,,,,,1,1,,0,
sglang,39263,comparison,open,0,0,,,1,0,,0,,,,,0,0,,0,
sglang,39281,comparison,open,0,1,,,1,0,,0,,,,,1,1,,0,
sglang,40016,comparison,open,0,1,,,1,0,,0,,,,,0,0,,0,
sglang,40183,comparison,open,0,1,,,0,0,,0,,,,,1,1,,0,
sglang,38678,comparison,open,0,0,,,0,0,,1,,,,,0,0,,0,
sglang,39844,comparison,closed,0,1,,,1,0,,0,,,,,1,1,,0,
sglang,39893,comparison,closed,0,0,,,1,1,1,1,,,,,1,1,,0,
sglang,40188,comparison,closed,0,0,,,1,0,,0,,,,,0,0,,0,
sglang,37416,comparison,closed,0,1,,,1,0,,0,,,,,0,0,,0,
sglang,39239,comparison,closed,0,0,,,0,0,,0,,,,,0,0,,0,
sglang,38716,comparison,closed,0,1,,,1,1,1,0,,,,,0,0,,0,
sglang,40682,comparison,closed,0,0,,,1,0,,0,,,,,0,0,,0,
sglang,39028,comparison,closed,0,0,,,1,0,,1,,,,,1,1,,0,
sglang,38964,comparison,merged,1,0,0,0,1,0,,0,,,,,0,0,0,0,
sglang,41195,comparison,merged,1,1,0,0,1,0,,0,,,,,1,1,0,0,
sglang,39956,comparison,merged,1,1,1,1,1,0,,1,,,,,0,0,1,0,
sglang,38455,comparison,merged,1,1,0,0,1,0,,1,,,,,0,0,1,0,
sglang,37469,comparison,merged,1,1,0,0,0,0,,0,,,,,1,1,1,0,
sglang,41436,comparison,merged,1,1,0,0,1,0,,0,,,,,1,1,0,0,
sglang,37461,comparison,merged,1,1,0,1,1,0,,0,,,,,1,1,1,0,
sglang,39781,comparison,merged,1,1,1,1,1,0,,0,,,,,0,0,1,0,
sglang,39420,comparison,merged,1,1,0,0,0,0,,0,,,,,0,0,0,0,
sglang,41040,comparison,open,0,1,,,0,0,,0,,,,,1,1,,0,
sglang,39827,comparison,open,0,1,,,0,0,,0,,,,,0,0,,0,
sglang,38208,comparison,open,0,1,,,1,0,,0,,,,,1,0,,0,
sglang,38883,comparison,open,0,1,,,1,0,,0,,,,,1,1,,0,
sglang,40407,comparison,open,0,1,,,1,0,,0,,,,,1,1,,0,
sglang,40702,comparison,open,0,1,,,1,0,,1,,,,,0,1,,0,
sglang,41532,comparison,open,0,1,,,0,0,,0,,,,,0,0,,0,
sglang,41520,comparison,open,0,1,,,1,0,,0,,,,,0,0,,0,
sglang,38524,comparison,open,0,0,,,0,0,,1,,,,,0,0,,0,
sglang,38263,comparison,open,0,0,,,1,1,1,1,,,,,1,1,,0,
sglang,38873,comparison,open,0,1,,,0,0,,0,,,,,0,0,,0,
sglang,40893,comparison,open,0,0,,,1,0,,1,,,,,1,1,,0,
sglang,39533,comparison,open,0,1,,,1,0,,1,,,,,1,1,,0,
sglang,38943,comparison,open,0,1,,,1,0,,1,,,,,1,1,,0,
sglang,39639,comparison,open,0,1,,,0,0,,1,,,,,0,0,,0,
sglang,39676,comparison,open,0,1,,,1,0,,1,,,,,1,1,,0,
sglang,41473,comparison,open,0,1,,,1,0,,0,,,,,1,1,,0,
sglang,41232,comparison,open,0,1,,,1,0,,0,,,,,0,0,,0,
sglang,39188,comparison,open,0,1,,,1,0,,1,,,,,1,1,,0,
sglang,37491,comparison,open,0,1,,,1,1,1,1,,,,,1,1,,0,
sglang,40396,comparison,open,0,1,,,1,0,,0,,,,,1,1,,0,
sglang,38106,comparison,closed,0,1,,,1,0,,1,,,,,1,1,,0,
sglang,40132,comparison,closed,0,1,,,0,1,0,0,,,,,1,0,,0,
sglang,39229,comparison,closed,0,1,,,1,1,1,1,,,,,1,1,,0,
sglang,40192,comparison,closed,0,1,,,1,0,,0,,,,,0,0,,0,
sglang,38405,comparison,closed,0,1,,,1,0,,0,,,,,1,0,,0,
sglang,39974,comparison,closed,0,1,,,1,0,,0,,,,,0,0,,0,
sglang,40581,comparison,closed,0,0,,,1,1,1,0,,,,,0,0,,1,0
sglang,39318,comparison,merged,1,0,0,0,1,0,,0,,,,,0,0,1,0,
sglang,38434,comparison,merged,1,0,1,1,0,0,,1,,,,,0,0,0,0,
sglang,41067,comparison,merged,1,1,0,0,1,1,1,1,,,,,1,1,1,0,
sglang,40556,comparison,merged,1,1,1,1,1,1,0,1,,,,,0,1,0,0,
sglang,41429,comparison,merged,1,1,0,0,1,1,1,0,,,,,1,1,0,0,
sglang,39671,comparison,merged,1,0,0,0,0,1,0,0,,,,,0,0,1,0,
sglang,38577,comparison,merged,1,1,1,1,1,0,,0,,,,,1,1,1,0,
sglang,39378,comparison,merged,1,0,1,1,1,0,,1,,,,,1,0,1,0,
sglang,40988,comparison,merged,1,1,0,0,1,0,,0,,,,,0,0,1,0,
sglang,37627,comparison,open,0,1,,,1,1,0,0,,,,,1,1,,0,
sglang,39256,comparison,open,0,1,,,1,0,,0,,,,,0,1,,0,
sglang,38895,comparison,open,0,0,,,1,0,,0,,,,,1,1,,0,
sglang,40663,comparison,open,0,0,,,1,1,0,0,,,,,0,0,,0,
sglang,38317,comparison,open,0,1,,,1,0,,1,,,,,0,0,,0,
sglang,38643,comparison,open,0,0,,,1,1,0,0,,,,,0,0,,0,
sglang,39401,comparison,open,0,1,,,1,0,,1,,,,,0,0,,0,
sglang,40330,comparison,open,0,1,,,1,1,0,0,,,,,0,0,,0,
sglang,38302,comparison,open,0,0,,,1,0,,0,,,,,1,1,,0,
sglang,37359,comparison,open,0,0,,,1,0,,0,,,,,1,1,,0,
sglang,40806,comparison,open,0,1,,,1,0,,0,,,,,0,0,,0,
sglang,39475,comparison,open,0,0,,,1,0,,0,,,,,0,0,,0,
sglang,38711,comparison,open,0,0,,,1,0,,1,,,,,0,0,,0,
sglang,38634,comparison,open,0,1,,,1,0,,0,,,,,0,0,,0,
sglang,40591,comparison,open,0,0,,,1,0,,0,,,,,0,0,,0,
sglang,38897,comparison,open,0,1,,,1,1,1,1,,,,,0,0,,0,
sglang,41548,comparison,open,0,1,,,1,0,,0,,,,,1,1,,0,
sglang,41491,comparison,open,0,0,,,1,1,0,0,,,,,0,0,,0,
sglang,38962,comparison,open,0,1,,,0,1,0,0,,,,,0,0,,0,
sglang,40697,comparison,open,0,1,,,1,0,,0,,,,,0,0,,0,
sglang,40876,comparison,open,0,1,,,1,0,,1,,,,,1,0,,0,
sglang,37918,comparison,open,0,1,,,1,0,,0,,,,,0,0,,0,
sglang,40219,comparison,open,0,0,,,1,0,,0,,,,,0,0,,0,
sglang,40816,comparison,open,0,0,,,0,0,,0,,,,,0,0,,0,
sglang,38054,comparison,open,0,0,,,1,1,0,0,,,,,0,0,,0,
sglang,41259,comparison,open,0,1,,,1,0,,1,,,,,1,1,,0,
sglang,40738,comparison,open,0,1,,,0,0,,0,,,,,0,0,,0,
sglang,39143,comparison,open,0,1,,,0,1,1,0,,,,,0,0,,0,
